Sample	Gene	CADD_weighted_avg_AF	Dataset	Kit
DatasetA_sample001	G001	0.795796	DatasetA	KitA
DatasetA_sample001	G002	0.751438	DatasetA	KitA
DatasetA_sample001	G003	0.757955	DatasetA	KitA
DatasetA_sample001	G004	0.601257	DatasetA	KitA
DatasetA_sample001	G005	0.9602	DatasetA	KitA
DatasetA_sample001	G006	0.570958	DatasetA	KitA
DatasetA_sample001	G007	0.860741	DatasetA	KitA
DatasetA_sample001	G008	0.664116	DatasetA	KitA
DatasetA_sample001	G009	0.725666	DatasetA	KitA
DatasetA_sample001	G010	0.878709	DatasetA	KitA
DatasetA_sample001	G011	0.925812	DatasetA	KitA
DatasetA_sample001	G012	0.548065	DatasetA	KitA
DatasetA_sample001	G013	0.772672	DatasetA	KitA
DatasetA_sample001	G014	0.771782	DatasetA	KitA
DatasetA_sample001	G015	0.521093	DatasetA	KitA
DatasetA_sample001	G016	0.816106	DatasetA	KitA
DatasetA_sample001	G017	0.564329	DatasetA	KitA
DatasetA_sample001	G018	0.695526	DatasetA	KitA
DatasetA_sample001	G019	0.703328	DatasetA	KitA
DatasetA_sample001	G020	0.720421	DatasetA	KitA
DatasetA_sample001	G021	0.618517	DatasetA	KitA
DatasetA_sample001	G022	0.850577	DatasetA	KitA
DatasetA_sample001	G023	0.498759	DatasetA	KitA
DatasetA_sample001	G024	0.787628	DatasetA	KitA
DatasetA_sample001	G025	0.659613	DatasetA	KitA
DatasetA_sample001	G026	0.740028	DatasetA	KitA
DatasetA_sample001	G027	0.765231	DatasetA	KitA
DatasetA_sample001	G028	0.599779	DatasetA	KitA
DatasetA_sample001	G029	0.721283	DatasetA	KitA
DatasetA_sample001	G030	0.724714	DatasetA	KitA
DatasetA_sample001	G031	0.653694	DatasetA	KitA
DatasetA_sample001	G032	0.658431	DatasetA	KitA
DatasetA_sample001	G033	0.769371	DatasetA	KitA
DatasetA_sample001	G034	0.499247	DatasetA	KitA
DatasetA_sample001	G035	0.39666	DatasetA	KitA
DatasetA_sample001	G036	0.671349	DatasetA	KitA
DatasetA_sample001	G037	0.72801	DatasetA	KitA
DatasetA_sample001	G038	0.950991	DatasetA	KitA
DatasetA_sample001	G039	0.732285	DatasetA	KitA
DatasetA_sample001	G040	0.539054	DatasetA	KitA
DatasetA_sample001	G041	0.39193	DatasetA	KitA
DatasetA_sample001	G042	0.711698	DatasetA	KitA
DatasetA_sample001	G043	0.926335	DatasetA	KitA
DatasetA_sample001	G044	0.508672	DatasetA	KitA
DatasetA_sample001	G045	0.644728	DatasetA	KitA
DatasetA_sample001	G046	0.738917	DatasetA	KitA
DatasetA_sample001	G047	0.627696	DatasetA	KitA
DatasetA_sample001	G048	0.85495	DatasetA	KitA
DatasetA_sample001	G049	0.808825	DatasetA	KitA
DatasetA_sample001	G050	0.496412	DatasetA	KitA
DatasetA_sample001	G081	0.501366	DatasetA	KitA
DatasetA_sample001	G082	0.589091	DatasetA	KitA
DatasetA_sample001	G083	0.640849	DatasetA	KitA
DatasetA_sample001	G084	0.769518	DatasetA	KitA
DatasetA_sample001	G085	0.457778	DatasetA	KitA
DatasetA_sample001	G086	0.721079	DatasetA	KitA
DatasetA_sample001	G087	0.648397	DatasetA	KitA
DatasetA_sample001	G088	0.758726	DatasetA	KitA
DatasetA_sample001	G089	0.273885	DatasetA	KitA
DatasetA_sample001	G090	0.510567	DatasetA	KitA
DatasetA_sample001	G091	0.632114	DatasetA	KitA
DatasetA_sample001	G092	0.363809	DatasetA	KitA
DatasetA_sample001	G093	0.483424	DatasetA	KitA
DatasetA_sample001	G094	0.650816	DatasetA	KitA
DatasetA_sample001	G095	0.423799	DatasetA	KitA
DatasetA_sample001	G096	0.760993	DatasetA	KitA
DatasetA_sample001	G097	0.776927	DatasetA	KitA
DatasetA_sample001	G098	0.539228	DatasetA	KitA
DatasetA_sample001	G099	0.574503	DatasetA	KitA
DatasetA_sample001	G100	0.59543	DatasetA	KitA
DatasetA_sample001	G101	0.51826	DatasetA	KitA
DatasetA_sample001	G102	0.789758	DatasetA	KitA
DatasetA_sample001	G103	0.416651	DatasetA	KitA
DatasetA_sample001	G104	0.67603	DatasetA	KitA
DatasetA_sample001	G105	0.544466	DatasetA	KitA
DatasetA_sample001	G106	0.331647	DatasetA	KitA
DatasetA_sample001	G107	0.482135	DatasetA	KitA
DatasetA_sample001	G108	0.38082	DatasetA	KitA
DatasetA_sample001	G109	0.541255	DatasetA	KitA
DatasetA_sample001	G110	0.582508	DatasetA	KitA
DatasetA_sample001	G111	0.333673	DatasetA	KitA
DatasetA_sample001	G112	0.56472	DatasetA	KitA
DatasetA_sample001	G113	0.377704	DatasetA	KitA
DatasetA_sample001	G115	0.639814	DatasetA	KitA
DatasetA_sample001	G116	0.229796	DatasetA	KitA
DatasetA_sample001	G117	0.577656	DatasetA	KitA
DatasetA_sample001	G118	0.690844	DatasetA	KitA
DatasetA_sample001	G119	0.472296	DatasetA	KitA
DatasetA_sample001	G120	0.480747	DatasetA	KitA
DatasetA_sample001	G121	0.764113	DatasetA	KitA
DatasetA_sample001	G122	0.512817	DatasetA	KitA
DatasetA_sample001	G123	0.539681	DatasetA	KitA
DatasetA_sample001	G124	0.738326	DatasetA	KitA
DatasetA_sample001	G125	0.504038	DatasetA	KitA
DatasetA_sample001	G126	0.604812	DatasetA	KitA
DatasetA_sample001	G127	0.746616	DatasetA	KitA
DatasetA_sample001	G128	0.65302	DatasetA	KitA
DatasetA_sample001	G129	0.429172	DatasetA	KitA
DatasetA_sample001	G130	0.326127	DatasetA	KitA
DatasetA_sample001	G131	0.247796	DatasetA	KitA
DatasetA_sample001	G132	0.195008	DatasetA	KitA
DatasetA_sample001	G133	0.612484	DatasetA	KitA
DatasetA_sample001	G134	0.186036	DatasetA	KitA
DatasetA_sample001	G135	0.322651	DatasetA	KitA
DatasetA_sample001	G136	0.572622	DatasetA	KitA
DatasetA_sample001	G137	0.791799	DatasetA	KitA
DatasetA_sample001	G138	0.810185	DatasetA	KitA
DatasetA_sample001	G139	0.353162	DatasetA	KitA
DatasetA_sample001	G140	0.579175	DatasetA	KitA
DatasetA_sample001	G143	0.512781	DatasetA	KitA
DatasetA_sample001	G145	0.091207	DatasetA	KitA
DatasetA_sample001	G147	0.221144	DatasetA	KitA
DatasetA_sample001	G148	0.172065	DatasetA	KitA
DatasetA_sample001	G149	0.762624	DatasetA	KitA
DatasetA_sample001	G154	0.490139	DatasetA	KitA
DatasetA_sample001	G155	0.414359	DatasetA	KitA
DatasetA_sample001	G160	0.505834	DatasetA	KitA
DatasetA_sample001	G162	0.291	DatasetA	KitA
DatasetA_sample001	G165	0.250591	DatasetA	KitA
DatasetA_sample001	G166	0.112157	DatasetA	KitA
DatasetA_sample001	G169	0.316817	DatasetA	KitA
DatasetA_sample001	G170	0.165898	DatasetA	KitA
DatasetA_sample001	G176	0.418854	DatasetA	KitA
DatasetA_sample001	G188	0.067636	DatasetA	KitA
DatasetA_sample001	G194	0.35879	DatasetA	KitA
DatasetA_sample001	G197	0.273837	DatasetA	KitA
DatasetA_sample001	G199	0.394657	DatasetA	KitA
DatasetA_sample002	G001	0.926619	DatasetA	KitA
DatasetA_sample002	G002	0.874926	DatasetA	KitA
DatasetA_sample002	G003	0.89319	DatasetA	KitA
DatasetA_sample002	G004	0.714228	DatasetA	KitA
DatasetA_sample002	G005	0.875064	DatasetA	KitA
DatasetA_sample002	G006	0.578371	DatasetA	KitA
DatasetA_sample002	G007	0.809547	DatasetA	KitA
DatasetA_sample002	G008	0.846227	DatasetA	KitA
DatasetA_sample002	G009	0.767191	DatasetA	KitA
DatasetA_sample002	G010	0.820432	DatasetA	KitA
DatasetA_sample002	G011	0.825215	DatasetA	KitA
DatasetA_sample002	G012	0.841813	DatasetA	KitA
DatasetA_sample002	G013	0.690257	DatasetA	KitA
DatasetA_sample002	G014	0.489783	DatasetA	KitA
DatasetA_sample002	G015	0.980719	DatasetA	KitA
DatasetA_sample002	G016	0.372024	DatasetA	KitA
DatasetA_sample002	G017	0.481237	DatasetA	KitA
DatasetA_sample002	G018	0.825239	DatasetA	KitA
DatasetA_sample002	G019	0.811141	DatasetA	KitA
DatasetA_sample002	G020	0.869748	DatasetA	KitA
DatasetA_sample002	G021	0.855195	DatasetA	KitA
DatasetA_sample002	G022	0.898153	DatasetA	KitA
DatasetA_sample002	G023	0.507434	DatasetA	KitA
DatasetA_sample002	G024	0.286433	DatasetA	KitA
DatasetA_sample002	G025	0.899031	DatasetA	KitA
DatasetA_sample002	G026	0.637507	DatasetA	KitA
DatasetA_sample002	G027	0.573162	DatasetA	KitA
DatasetA_sample002	G028	0.892229	DatasetA	KitA
DatasetA_sample002	G029	0.652846	DatasetA	KitA
DatasetA_sample002	G030	0.576599	DatasetA	KitA
DatasetA_sample002	G031	0.786829	DatasetA	KitA
DatasetA_sample002	G032	0.899555	DatasetA	KitA
DatasetA_sample002	G033	0.829899	DatasetA	KitA
DatasetA_sample002	G034	0.915335	DatasetA	KitA
DatasetA_sample002	G035	0.458479	DatasetA	KitA
DatasetA_sample002	G036	0.848939	DatasetA	KitA
DatasetA_sample002	G037	0.879451	DatasetA	KitA
DatasetA_sample002	G038	0.7745	DatasetA	KitA
DatasetA_sample002	G039	0.812749	DatasetA	KitA
DatasetA_sample002	G040	0.481234	DatasetA	KitA
DatasetA_sample002	G041	0.979298	DatasetA	KitA
DatasetA_sample002	G042	0.72464	DatasetA	KitA
DatasetA_sample002	G043	0.641636	DatasetA	KitA
DatasetA_sample002	G044	0.91531	DatasetA	KitA
DatasetA_sample002	G045	0.603354	DatasetA	KitA
DatasetA_sample002	G046	0.772348	DatasetA	KitA
DatasetA_sample002	G047	0.518024	DatasetA	KitA
DatasetA_sample002	G048	0.823788	DatasetA	KitA
DatasetA_sample002	G049	0.912721	DatasetA	KitA
DatasetA_sample002	G050	0.514562	DatasetA	KitA
DatasetA_sample002	G081	0.846885	DatasetA	KitA
DatasetA_sample002	G082	0.61928	DatasetA	KitA
DatasetA_sample002	G083	0.691333	DatasetA	KitA
DatasetA_sample002	G084	0.853607	DatasetA	KitA
DatasetA_sample002	G085	0.376463	DatasetA	KitA
DatasetA_sample002	G086	0.747886	DatasetA	KitA
DatasetA_sample002	G087	0.439396	DatasetA	KitA
DatasetA_sample002	G088	0.475227	DatasetA	KitA
DatasetA_sample002	G089	0.444599	DatasetA	KitA
DatasetA_sample002	G090	0.742366	DatasetA	KitA
DatasetA_sample002	G091	0.481836	DatasetA	KitA
DatasetA_sample002	G092	0.587684	DatasetA	KitA
DatasetA_sample002	G093	0.66079	DatasetA	KitA
DatasetA_sample002	G094	0.493638	DatasetA	KitA
DatasetA_sample002	G095	0.697018	DatasetA	KitA
DatasetA_sample002	G096	0.743922	DatasetA	KitA
DatasetA_sample002	G097	0.7554	DatasetA	KitA
DatasetA_sample002	G098	0.468373	DatasetA	KitA
DatasetA_sample002	G099	0.705014	DatasetA	KitA
DatasetA_sample002	G100	0.60115	DatasetA	KitA
DatasetA_sample002	G101	0.662982	DatasetA	KitA
DatasetA_sample002	G102	0.578115	DatasetA	KitA
DatasetA_sample002	G103	0.306779	DatasetA	KitA
DatasetA_sample002	G104	0.82002	DatasetA	KitA
DatasetA_sample002	G105	0.349451	DatasetA	KitA
DatasetA_sample002	G106	0.442936	DatasetA	KitA
DatasetA_sample002	G107	0.793852	DatasetA	KitA
DatasetA_sample002	G108	0.331121	DatasetA	KitA
DatasetA_sample002	G109	0.667238	DatasetA	KitA
DatasetA_sample002	G110	0.53996	DatasetA	KitA
DatasetA_sample002	G111	0.686603	DatasetA	KitA
DatasetA_sample002	G112	0.363683	DatasetA	KitA
DatasetA_sample002	G113	0.503935	DatasetA	KitA
DatasetA_sample002	G114	0.582982	DatasetA	KitA
DatasetA_sample002	G115	0.718772	DatasetA	KitA
DatasetA_sample002	G116	0.413559	DatasetA	KitA
DatasetA_sample002	G117	0.436575	DatasetA	KitA
DatasetA_sample002	G118	0.566116	DatasetA	KitA
DatasetA_sample002	G119	0.529806	DatasetA	KitA
DatasetA_sample002	G120	0.475313	DatasetA	KitA
DatasetA_sample002	G121	0.665278	DatasetA	KitA
DatasetA_sample002	G122	0.697914	DatasetA	KitA
DatasetA_sample002	G123	0.528577	DatasetA	KitA
DatasetA_sample002	G124	0.643866	DatasetA	KitA
DatasetA_sample002	G125	0.663308	DatasetA	KitA
DatasetA_sample002	G126	0.410427	DatasetA	KitA
DatasetA_sample002	G127	0.568739	DatasetA	KitA
DatasetA_sample002	G128	0.505492	DatasetA	KitA
DatasetA_sample002	G129	0.874012	DatasetA	KitA
DatasetA_sample002	G130	0.489799	DatasetA	KitA
DatasetA_sample002	G131	0.204844	DatasetA	KitA
DatasetA_sample002	G132	0.447405	DatasetA	KitA
DatasetA_sample002	G133	0.865288	DatasetA	KitA
DatasetA_sample002	G134	0.774564	DatasetA	KitA
DatasetA_sample002	G135	0.535552	DatasetA	KitA
DatasetA_sample002	G136	0.668517	DatasetA	KitA
DatasetA_sample002	G137	0.707521	DatasetA	KitA
DatasetA_sample002	G138	0.232619	DatasetA	KitA
DatasetA_sample002	G139	0.645742	DatasetA	KitA
DatasetA_sample002	G140	0.47913	DatasetA	KitA
DatasetA_sample002	G141	0.529141	DatasetA	KitA
DatasetA_sample002	G143	0.245499	DatasetA	KitA
DatasetA_sample002	G144	0.626781	DatasetA	KitA
DatasetA_sample002	G147	0.764598	DatasetA	KitA
DatasetA_sample002	G148	0.278268	DatasetA	KitA
DatasetA_sample002	G150	0.514515	DatasetA	KitA
DatasetA_sample002	G152	0.476358	DatasetA	KitA
DatasetA_sample002	G153	0.601691	DatasetA	KitA
DatasetA_sample002	G157	0.609298	DatasetA	KitA
DatasetA_sample002	G158	0.635829	DatasetA	KitA
DatasetA_sample002	G159	0.257014	DatasetA	KitA
DatasetA_sample002	G160	0.381658	DatasetA	KitA
DatasetA_sample002	G161	0.323487	DatasetA	KitA
DatasetA_sample002	G162	0.590996	DatasetA	KitA
DatasetA_sample002	G163	0.200289	DatasetA	KitA
DatasetA_sample002	G166	0.400424	DatasetA	KitA
DatasetA_sample002	G168	0.334837	DatasetA	KitA
DatasetA_sample002	G169	0.227988	DatasetA	KitA
DatasetA_sample002	G176	0.238456	DatasetA	KitA
DatasetA_sample002	G177	0.064623	DatasetA	KitA
DatasetA_sample002	G183	0.54458	DatasetA	KitA
DatasetA_sample002	G185	0.08003	DatasetA	KitA
DatasetA_sample002	G188	0.085754	DatasetA	KitA
DatasetA_sample002	G195	0.212645	DatasetA	KitA
DatasetA_sample002	G200	0.384081	DatasetA	KitA
DatasetA_sample003	G001	0.763021	DatasetA	KitA
DatasetA_sample003	G002	0.878439	DatasetA	KitA
DatasetA_sample003	G003	0.919913	DatasetA	KitA
DatasetA_sample003	G004	0.382545	DatasetA	KitA
DatasetA_sample003	G005	0.740054	DatasetA	KitA
DatasetA_sample003	G006	0.882973	DatasetA	KitA
DatasetA_sample003	G007	0.66821	DatasetA	KitA
DatasetA_sample003	G008	0.940297	DatasetA	KitA
DatasetA_sample003	G009	0.680345	DatasetA	KitA
DatasetA_sample003	G010	0.79648	DatasetA	KitA
DatasetA_sample003	G011	0.935763	DatasetA	KitA
DatasetA_sample003	G012	0.494188	DatasetA	KitA
DatasetA_sample003	G013	0.718366	DatasetA	KitA
DatasetA_sample003	G014	0.919076	DatasetA	KitA
DatasetA_sample003	G015	0.877841	DatasetA	KitA
DatasetA_sample003	G016	0.73342	DatasetA	KitA
DatasetA_sample003	G017	0.847559	DatasetA	KitA
DatasetA_sample003	G018	0.877069	DatasetA	KitA
DatasetA_sample003	G019	0.768987	DatasetA	KitA
DatasetA_sample003	G020	0.759799	DatasetA	KitA
DatasetA_sample003	G021	0.707705	DatasetA	KitA
DatasetA_sample003	G022	0.823358	DatasetA	KitA
DatasetA_sample003	G023	0.951996	DatasetA	KitA
DatasetA_sample003	G024	0.67165	DatasetA	KitA
DatasetA_sample003	G025	0.912522	DatasetA	KitA
DatasetA_sample003	G026	0.465098	DatasetA	KitA
DatasetA_sample003	G027	0.55633	DatasetA	KitA
DatasetA_sample003	G028	0.666386	DatasetA	KitA
DatasetA_sample003	G029	0.777103	DatasetA	KitA
DatasetA_sample003	G030	0.727435	DatasetA	KitA
DatasetA_sample003	G031	0.513014	DatasetA	KitA
DatasetA_sample003	G032	0.330346	DatasetA	KitA
DatasetA_sample003	G033	0.732039	DatasetA	KitA
DatasetA_sample003	G034	0.762406	DatasetA	KitA
DatasetA_sample003	G035	0.887869	DatasetA	KitA
DatasetA_sample003	G036	0.395	DatasetA	KitA
DatasetA_sample003	G037	0.55704	DatasetA	KitA
DatasetA_sample003	G038	0.840099	DatasetA	KitA
DatasetA_sample003	G039	0.846877	DatasetA	KitA
DatasetA_sample003	G040	0.93566	DatasetA	KitA
DatasetA_sample003	G041	0.413402	DatasetA	KitA
DatasetA_sample003	G042	0.803798	DatasetA	KitA
DatasetA_sample003	G043	0.77193	DatasetA	KitA
DatasetA_sample003	G044	0.921975	DatasetA	KitA
DatasetA_sample003	G045	0.459398	DatasetA	KitA
DatasetA_sample003	G046	0.675147	DatasetA	KitA
DatasetA_sample003	G047	0.807922	DatasetA	KitA
DatasetA_sample003	G048	0.796857	DatasetA	KitA
DatasetA_sample003	G049	0.66339	DatasetA	KitA
DatasetA_sample003	G050	0.870486	DatasetA	KitA
DatasetA_sample003	G081	0.736217	DatasetA	KitA
DatasetA_sample003	G082	0.46041	DatasetA	KitA
DatasetA_sample003	G083	0.363439	DatasetA	KitA
DatasetA_sample003	G084	0.353049	DatasetA	KitA
DatasetA_sample003	G085	0.270731	DatasetA	KitA
DatasetA_sample003	G086	0.460641	DatasetA	KitA
DatasetA_sample003	G087	0.18875	DatasetA	KitA
DatasetA_sample003	G088	0.509971	DatasetA	KitA
DatasetA_sample003	G089	0.124319	DatasetA	KitA
DatasetA_sample003	G090	0.589199	DatasetA	KitA
DatasetA_sample003	G091	0.493494	DatasetA	KitA
DatasetA_sample003	G092	0.542615	DatasetA	KitA
DatasetA_sample003	G093	0.244877	DatasetA	KitA
DatasetA_sample003	G094	0.411964	DatasetA	KitA
DatasetA_sample003	G095	0.57728	DatasetA	KitA
DatasetA_sample003	G096	0.447168	DatasetA	KitA
DatasetA_sample003	G098	0.49379	DatasetA	KitA
DatasetA_sample003	G099	0.412101	DatasetA	KitA
DatasetA_sample003	G100	0.667834	DatasetA	KitA
DatasetA_sample003	G101	0.837796	DatasetA	KitA
DatasetA_sample003	G102	0.8417	DatasetA	KitA
DatasetA_sample003	G103	0.465659	DatasetA	KitA
DatasetA_sample003	G104	0.757198	DatasetA	KitA
DatasetA_sample003	G105	0.301861	DatasetA	KitA
DatasetA_sample003	G106	0.355038	DatasetA	KitA
DatasetA_sample003	G107	0.350747	DatasetA	KitA
DatasetA_sample003	G108	0.786097	DatasetA	KitA
DatasetA_sample003	G109	0.748393	DatasetA	KitA
DatasetA_sample003	G110	0.36394	DatasetA	KitA
DatasetA_sample003	G111	0.584586	DatasetA	KitA
DatasetA_sample003	G112	0.77827	DatasetA	KitA
DatasetA_sample003	G113	0.565787	DatasetA	KitA
DatasetA_sample003	G114	0.753497	DatasetA	KitA
DatasetA_sample003	G115	0.781023	DatasetA	KitA
DatasetA_sample003	G116	0.500467	DatasetA	KitA
DatasetA_sample003	G117	0.579769	DatasetA	KitA
DatasetA_sample003	G118	0.70911	DatasetA	KitA
DatasetA_sample003	G119	0.282249	DatasetA	KitA
DatasetA_sample003	G120	0.631772	DatasetA	KitA
DatasetA_sample003	G122	0.685536	DatasetA	KitA
DatasetA_sample003	G123	0.474142	DatasetA	KitA
DatasetA_sample003	G124	0.559382	DatasetA	KitA
DatasetA_sample003	G125	0.553225	DatasetA	KitA
DatasetA_sample003	G126	0.796129	DatasetA	KitA
DatasetA_sample003	G127	0.830287	DatasetA	KitA
DatasetA_sample003	G128	0.223568	DatasetA	KitA
DatasetA_sample003	G129	0.545655	DatasetA	KitA
DatasetA_sample003	G130	0.742258	DatasetA	KitA
DatasetA_sample003	G131	0.782031	DatasetA	KitA
DatasetA_sample003	G132	0.44392	DatasetA	KitA
DatasetA_sample003	G133	0.60949	DatasetA	KitA
DatasetA_sample003	G134	0.678629	DatasetA	KitA
DatasetA_sample003	G135	0.658523	DatasetA	KitA
DatasetA_sample003	G136	0.601126	DatasetA	KitA
DatasetA_sample003	G137	0.204344	DatasetA	KitA
DatasetA_sample003	G138	0.737592	DatasetA	KitA
DatasetA_sample003	G139	0.159657	DatasetA	KitA
DatasetA_sample003	G140	0.39326	DatasetA	KitA
DatasetA_sample003	G141	0.382549	DatasetA	KitA
DatasetA_sample003	G144	0.651239	DatasetA	KitA
DatasetA_sample003	G147	0.598911	DatasetA	KitA
DatasetA_sample003	G148	0.369182	DatasetA	KitA
DatasetA_sample003	G149	0.66877	DatasetA	KitA
DatasetA_sample003	G150	0.660223	DatasetA	KitA
DatasetA_sample003	G151	0.333998	DatasetA	KitA
DatasetA_sample003	G153	0.290078	DatasetA	KitA
DatasetA_sample003	G154	0.496441	DatasetA	KitA
DatasetA_sample003	G155	0.234115	DatasetA	KitA
DatasetA_sample003	G156	0.152673	DatasetA	KitA
DatasetA_sample003	G158	0.254202	DatasetA	KitA
DatasetA_sample003	G163	0.195111	DatasetA	KitA
DatasetA_sample003	G164	0.610675	DatasetA	KitA
DatasetA_sample003	G167	0.332696	DatasetA	KitA
DatasetA_sample003	G168	0.242619	DatasetA	KitA
DatasetA_sample003	G170	0.638391	DatasetA	KitA
DatasetA_sample003	G171	0.401681	DatasetA	KitA
DatasetA_sample003	G173	0.440329	DatasetA	KitA
DatasetA_sample003	G174	0.248261	DatasetA	KitA
DatasetA_sample003	G180	0.167657	DatasetA	KitA
DatasetA_sample003	G181	0.299553	DatasetA	KitA
DatasetA_sample003	G188	0.328583	DatasetA	KitA
DatasetA_sample003	G189	0.490369	DatasetA	KitA
DatasetA_sample003	G190	0.042474	DatasetA	KitA
DatasetA_sample003	G194	0.260023	DatasetA	KitA
DatasetA_sample003	G200	0.327191	DatasetA	KitA
DatasetA_sample004	G001	0.407281	DatasetA	KitA
DatasetA_sample004	G002	0.796658	DatasetA	KitA
DatasetA_sample004	G003	0.936376	DatasetA	KitA
DatasetA_sample004	G004	0.750961	DatasetA	KitA
DatasetA_sample004	G005	0.754466	DatasetA	KitA
DatasetA_sample004	G006	0.635085	DatasetA	KitA
DatasetA_sample004	G007	0.532059	DatasetA	KitA
DatasetA_sample004	G008	0.831665	DatasetA	KitA
DatasetA_sample004	G009	0.698872	DatasetA	KitA
DatasetA_sample004	G010	0.845419	DatasetA	KitA
DatasetA_sample004	G011	0.713228	DatasetA	KitA
DatasetA_sample004	G012	0.455233	DatasetA	KitA
DatasetA_sample004	G013	0.50745	DatasetA	KitA
DatasetA_sample004	G014	0.779913	DatasetA	KitA
DatasetA_sample004	G015	0.812293	DatasetA	KitA
DatasetA_sample004	G016	0.584844	DatasetA	KitA
DatasetA_sample004	G017	0.752982	DatasetA	KitA
DatasetA_sample004	G018	0.568269	DatasetA	KitA
DatasetA_sample004	G019	0.595599	DatasetA	KitA
DatasetA_sample004	G020	0.747465	DatasetA	KitA
DatasetA_sample004	G021	0.254726	DatasetA	KitA
DatasetA_sample004	G022	0.585817	DatasetA	KitA
DatasetA_sample004	G023	0.694069	DatasetA	KitA
DatasetA_sample004	G024	0.934974	DatasetA	KitA
DatasetA_sample004	G025	0.884506	DatasetA	KitA
DatasetA_sample004	G026	0.490172	DatasetA	KitA
DatasetA_sample004	G027	0.871569	DatasetA	KitA
DatasetA_sample004	G028	0.804538	DatasetA	KitA
DatasetA_sample004	G029	0.589241	DatasetA	KitA
DatasetA_sample004	G030	0.923011	DatasetA	KitA
DatasetA_sample004	G031	0.822114	DatasetA	KitA
DatasetA_sample004	G032	0.47929	DatasetA	KitA
DatasetA_sample004	G033	0.854994	DatasetA	KitA
DatasetA_sample004	G034	0.813661	DatasetA	KitA
DatasetA_sample004	G035	0.897464	DatasetA	KitA
DatasetA_sample004	G036	0.685799	DatasetA	KitA
DatasetA_sample004	G037	0.664994	DatasetA	KitA
DatasetA_sample004	G038	0.744834	DatasetA	KitA
DatasetA_sample004	G039	0.607137	DatasetA	KitA
DatasetA_sample004	G040	0.712855	DatasetA	KitA
DatasetA_sample004	G041	0.686225	DatasetA	KitA
DatasetA_sample004	G042	0.724933	DatasetA	KitA
DatasetA_sample004	G043	0.773242	DatasetA	KitA
DatasetA_sample004	G044	0.590052	DatasetA	KitA
DatasetA_sample004	G045	0.95099	DatasetA	KitA
DatasetA_sample004	G046	0.883683	DatasetA	KitA
DatasetA_sample004	G047	0.756566	DatasetA	KitA
DatasetA_sample004	G048	0.445239	DatasetA	KitA
DatasetA_sample004	G049	0.859812	DatasetA	KitA
DatasetA_sample004	G050	0.597857	DatasetA	KitA
DatasetA_sample004	G081	0.647188	DatasetA	KitA
DatasetA_sample004	G082	0.453059	DatasetA	KitA
DatasetA_sample004	G083	0.609379	DatasetA	KitA
DatasetA_sample004	G084	0.454436	DatasetA	KitA
DatasetA_sample004	G085	0.812984	DatasetA	KitA
DatasetA_sample004	G086	0.642688	DatasetA	KitA
DatasetA_sample004	G087	0.478052	DatasetA	KitA
DatasetA_sample004	G088	0.686667	DatasetA	KitA
DatasetA_sample004	G089	0.483265	DatasetA	KitA
DatasetA_sample004	G090	0.499883	DatasetA	KitA
DatasetA_sample004	G091	0.775504	DatasetA	KitA
DatasetA_sample004	G092	0.387486	DatasetA	KitA
DatasetA_sample004	G093	0.539292	DatasetA	KitA
DatasetA_sample004	G094	0.39062	DatasetA	KitA
DatasetA_sample004	G095	0.490361	DatasetA	KitA
DatasetA_sample004	G096	0.532613	DatasetA	KitA
DatasetA_sample004	G097	0.384443	DatasetA	KitA
DatasetA_sample004	G098	0.66233	DatasetA	KitA
DatasetA_sample004	G099	0.745247	DatasetA	KitA
DatasetA_sample004	G100	0.185965	DatasetA	KitA
DatasetA_sample004	G101	0.923063	DatasetA	KitA
DatasetA_sample004	G102	0.529887	DatasetA	KitA
DatasetA_sample004	G103	0.731187	DatasetA	KitA
DatasetA_sample004	G104	0.651336	DatasetA	KitA
DatasetA_sample004	G105	0.591591	DatasetA	KitA
DatasetA_sample004	G106	0.34687	DatasetA	KitA
DatasetA_sample004	G108	0.730299	DatasetA	KitA
DatasetA_sample004	G109	0.549289	DatasetA	KitA
DatasetA_sample004	G110	0.656131	DatasetA	KitA
DatasetA_sample004	G111	0.459368	DatasetA	KitA
DatasetA_sample004	G112	0.84724	DatasetA	KitA
DatasetA_sample004	G113	0.631725	DatasetA	KitA
DatasetA_sample004	G114	0.705495	DatasetA	KitA
DatasetA_sample004	G115	0.489493	DatasetA	KitA
DatasetA_sample004	G116	0.644682	DatasetA	KitA
DatasetA_sample004	G117	0.611839	DatasetA	KitA
DatasetA_sample004	G118	0.662808	DatasetA	KitA
DatasetA_sample004	G119	0.477156	DatasetA	KitA
DatasetA_sample004	G120	0.726255	DatasetA	KitA
DatasetA_sample004	G121	0.407192	DatasetA	KitA
DatasetA_sample004	G122	0.464935	DatasetA	KitA
DatasetA_sample004	G123	0.35699	DatasetA	KitA
DatasetA_sample004	G124	0.394498	DatasetA	KitA
DatasetA_sample004	G125	0.571078	DatasetA	KitA
DatasetA_sample004	G126	0.661046	DatasetA	KitA
DatasetA_sample004	G127	0.836306	DatasetA	KitA
DatasetA_sample004	G128	0.713498	DatasetA	KitA
DatasetA_sample004	G129	0.753817	DatasetA	KitA
DatasetA_sample004	G130	0.622054	DatasetA	KitA
DatasetA_sample004	G131	0.773938	DatasetA	KitA
DatasetA_sample004	G132	0.916758	DatasetA	KitA
DatasetA_sample004	G133	0.530596	DatasetA	KitA
DatasetA_sample004	G134	0.428078	DatasetA	KitA
DatasetA_sample004	G135	0.874131	DatasetA	KitA
DatasetA_sample004	G137	0.626342	DatasetA	KitA
DatasetA_sample004	G138	0.18024	DatasetA	KitA
DatasetA_sample004	G139	0.399757	DatasetA	KitA
DatasetA_sample004	G140	0.384272	DatasetA	KitA
DatasetA_sample004	G144	0.67974	DatasetA	KitA
DatasetA_sample004	G146	0.186068	DatasetA	KitA
DatasetA_sample004	G147	0.510378	DatasetA	KitA
DatasetA_sample004	G149	0.489093	DatasetA	KitA
DatasetA_sample004	G150	0.412253	DatasetA	KitA
DatasetA_sample004	G152	0.505557	DatasetA	KitA
DatasetA_sample004	G153	0.335133	DatasetA	KitA
DatasetA_sample004	G154	0.475699	DatasetA	KitA
DatasetA_sample004	G156	0.261814	DatasetA	KitA
DatasetA_sample004	G158	0.680917	DatasetA	KitA
DatasetA_sample004	G159	0.350345	DatasetA	KitA
DatasetA_sample004	G160	0.532912	DatasetA	KitA
DatasetA_sample004	G161	0.329251	DatasetA	KitA
DatasetA_sample004	G162	0.706534	DatasetA	KitA
DatasetA_sample004	G163	0.467096	DatasetA	KitA
DatasetA_sample004	G164	0.375715	DatasetA	KitA
DatasetA_sample004	G166	0.340541	DatasetA	KitA
DatasetA_sample004	G168	0.255428	DatasetA	KitA
DatasetA_sample004	G169	0.347414	DatasetA	KitA
DatasetA_sample004	G171	0.104429	DatasetA	KitA
DatasetA_sample004	G177	0.250023	DatasetA	KitA
DatasetA_sample004	G178	0.031186	DatasetA	KitA
DatasetA_sample004	G184	0.367977	DatasetA	KitA
DatasetA_sample004	G187	0.033844	DatasetA	KitA
DatasetA_sample004	G188	0.243699	DatasetA	KitA
DatasetA_sample004	G189	0.524024	DatasetA	KitA
DatasetA_sample004	G194	0.197352	DatasetA	KitA
DatasetA_sample004	G197	0.15147	DatasetA	KitA
DatasetA_sample004	G199	0.046474	DatasetA	KitA
DatasetA_sample004	G200	0.023657	DatasetA	KitA
DatasetA_sample005	G001	0.498657	DatasetA	KitA
DatasetA_sample005	G002	0.901489	DatasetA	KitA
DatasetA_sample005	G003	0.746781	DatasetA	KitA
DatasetA_sample005	G004	0.85055	DatasetA	KitA
DatasetA_sample005	G005	0.826284	DatasetA	KitA
DatasetA_sample005	G006	0.57987	DatasetA	KitA
DatasetA_sample005	G007	0.759739	DatasetA	KitA
DatasetA_sample005	G008	0.634417	DatasetA	KitA
DatasetA_sample005	G009	0.669663	DatasetA	KitA
DatasetA_sample005	G010	0.769035	DatasetA	KitA
DatasetA_sample005	G011	0.783672	DatasetA	KitA
DatasetA_sample005	G012	0.843655	DatasetA	KitA
DatasetA_sample005	G013	0.537191	DatasetA	KitA
DatasetA_sample005	G014	0.7981	DatasetA	KitA
DatasetA_sample005	G015	0.696089	DatasetA	KitA
DatasetA_sample005	G016	0.947414	DatasetA	KitA
DatasetA_sample005	G017	0.621261	DatasetA	KitA
DatasetA_sample005	G018	0.635276	DatasetA	KitA
DatasetA_sample005	G019	0.97477	DatasetA	KitA
DatasetA_sample005	G020	0.869295	DatasetA	KitA
DatasetA_sample005	G021	0.468867	DatasetA	KitA
DatasetA_sample005	G022	0.619088	DatasetA	KitA
DatasetA_sample005	G023	0.809812	DatasetA	KitA
DatasetA_sample005	G024	0.8831	DatasetA	KitA
DatasetA_sample005	G025	0.702497	DatasetA	KitA
DatasetA_sample005	G026	0.892214	DatasetA	KitA
DatasetA_sample005	G027	0.558613	DatasetA	KitA
DatasetA_sample005	G028	0.500992	DatasetA	KitA
DatasetA_sample005	G029	0.877984	DatasetA	KitA
DatasetA_sample005	G030	0.70943	DatasetA	KitA
DatasetA_sample005	G031	0.766922	DatasetA	KitA
DatasetA_sample005	G032	0.924891	DatasetA	KitA
DatasetA_sample005	G033	0.652605	DatasetA	KitA
DatasetA_sample005	G034	0.528377	DatasetA	KitA
DatasetA_sample005	G035	0.82025	DatasetA	KitA
DatasetA_sample005	G036	0.893552	DatasetA	KitA
DatasetA_sample005	G037	0.694324	DatasetA	KitA
DatasetA_sample005	G038	0.813264	DatasetA	KitA
DatasetA_sample005	G039	0.542965	DatasetA	KitA
DatasetA_sample005	G040	0.614258	DatasetA	KitA
DatasetA_sample005	G041	0.9542	DatasetA	KitA
DatasetA_sample005	G042	0.621062	DatasetA	KitA
DatasetA_sample005	G043	0.708713	DatasetA	KitA
DatasetA_sample005	G044	0.741046	DatasetA	KitA
DatasetA_sample005	G045	0.567396	DatasetA	KitA
DatasetA_sample005	G046	0.883566	DatasetA	KitA
DatasetA_sample005	G047	0.861463	DatasetA	KitA
DatasetA_sample005	G048	0.677894	DatasetA	KitA
DatasetA_sample005	G049	0.762288	DatasetA	KitA
DatasetA_sample005	G050	0.684472	DatasetA	KitA
DatasetA_sample005	G081	0.448475	DatasetA	KitA
DatasetA_sample005	G082	0.565368	DatasetA	KitA
DatasetA_sample005	G083	0.437302	DatasetA	KitA
DatasetA_sample005	G084	0.756154	DatasetA	KitA
DatasetA_sample005	G085	0.585971	DatasetA	KitA
DatasetA_sample005	G086	0.659288	DatasetA	KitA
DatasetA_sample005	G087	0.461194	DatasetA	KitA
DatasetA_sample005	G088	0.768329	DatasetA	KitA
DatasetA_sample005	G089	0.598798	DatasetA	KitA
DatasetA_sample005	G090	0.482529	DatasetA	KitA
DatasetA_sample005	G091	0.846589	DatasetA	KitA
DatasetA_sample005	G092	0.566103	DatasetA	KitA
DatasetA_sample005	G093	0.444604	DatasetA	KitA
DatasetA_sample005	G094	0.554223	DatasetA	KitA
DatasetA_sample005	G095	0.812866	DatasetA	KitA
DatasetA_sample005	G096	0.531551	DatasetA	KitA
DatasetA_sample005	G097	0.431191	DatasetA	KitA
DatasetA_sample005	G098	0.829698	DatasetA	KitA
DatasetA_sample005	G099	0.645984	DatasetA	KitA
DatasetA_sample005	G100	0.512075	DatasetA	KitA
DatasetA_sample005	G101	0.65658	DatasetA	KitA
DatasetA_sample005	G102	0.6525	DatasetA	KitA
DatasetA_sample005	G103	0.72691	DatasetA	KitA
DatasetA_sample005	G104	0.352187	DatasetA	KitA
DatasetA_sample005	G105	0.555143	DatasetA	KitA
DatasetA_sample005	G106	0.431094	DatasetA	KitA
DatasetA_sample005	G107	0.941796	DatasetA	KitA
DatasetA_sample005	G108	0.680079	DatasetA	KitA
DatasetA_sample005	G109	0.612745	DatasetA	KitA
DatasetA_sample005	G110	0.763151	DatasetA	KitA
DatasetA_sample005	G111	0.763555	DatasetA	KitA
DatasetA_sample005	G112	0.581902	DatasetA	KitA
DatasetA_sample005	G113	0.268154	DatasetA	KitA
DatasetA_sample005	G114	0.851207	DatasetA	KitA
DatasetA_sample005	G115	0.483263	DatasetA	KitA
DatasetA_sample005	G116	0.468084	DatasetA	KitA
DatasetA_sample005	G117	0.611109	DatasetA	KitA
DatasetA_sample005	G118	0.578268	DatasetA	KitA
DatasetA_sample005	G119	0.809886	DatasetA	KitA
DatasetA_sample005	G120	0.732233	DatasetA	KitA
DatasetA_sample005	G121	0.341528	DatasetA	KitA
DatasetA_sample005	G122	0.620023	DatasetA	KitA
DatasetA_sample005	G123	0.853595	DatasetA	KitA
DatasetA_sample005	G124	0.639971	DatasetA	KitA
DatasetA_sample005	G125	0.288156	DatasetA	KitA
DatasetA_sample005	G126	0.799396	DatasetA	KitA
DatasetA_sample005	G127	0.326369	DatasetA	KitA
DatasetA_sample005	G128	0.543709	DatasetA	KitA
DatasetA_sample005	G129	0.612638	DatasetA	KitA
DatasetA_sample005	G130	0.551459	DatasetA	KitA
DatasetA_sample005	G131	0.664315	DatasetA	KitA
DatasetA_sample005	G132	0.461406	DatasetA	KitA
DatasetA_sample005	G133	0.565367	DatasetA	KitA
DatasetA_sample005	G134	0.400868	DatasetA	KitA
DatasetA_sample005	G135	0.471447	DatasetA	KitA
DatasetA_sample005	G136	0.458264	DatasetA	KitA
DatasetA_sample005	G137	0.630254	DatasetA	KitA
DatasetA_sample005	G138	0.821088	DatasetA	KitA
DatasetA_sample005	G139	0.772943	DatasetA	KitA
DatasetA_sample005	G140	0.553843	DatasetA	KitA
DatasetA_sample005	G142	0.729859	DatasetA	KitA
DatasetA_sample005	G144	0.523079	DatasetA	KitA
DatasetA_sample005	G145	0.093642	DatasetA	KitA
DatasetA_sample005	G146	0.504496	DatasetA	KitA
DatasetA_sample005	G147	0.314336	DatasetA	KitA
DatasetA_sample005	G148	0.195547	DatasetA	KitA
DatasetA_sample005	G150	0.630536	DatasetA	KitA
DatasetA_sample005	G151	0.453757	DatasetA	KitA
DatasetA_sample005	G155	0.432341	DatasetA	KitA
DatasetA_sample005	G156	0.625673	DatasetA	KitA
DatasetA_sample005	G159	0.206341	DatasetA	KitA
DatasetA_sample005	G164	0.330722	DatasetA	KitA
DatasetA_sample005	G167	0.150658	DatasetA	KitA
DatasetA_sample005	G169	0.241759	DatasetA	KitA
DatasetA_sample005	G170	0.525427	DatasetA	KitA
DatasetA_sample005	G177	0.151807	DatasetA	KitA
DatasetA_sample005	G178	0.16499	DatasetA	KitA
DatasetA_sample005	G182	0.451164	DatasetA	KitA
DatasetA_sample005	G184	0.253087	DatasetA	KitA
DatasetA_sample005	G199	0.340988	DatasetA	KitA
DatasetA_sample006	G001	0.877902	DatasetA	KitA
DatasetA_sample006	G002	0.799733	DatasetA	KitA
DatasetA_sample006	G003	0.496037	DatasetA	KitA
DatasetA_sample006	G004	0.801211	DatasetA	KitA
DatasetA_sample006	G005	0.608427	DatasetA	KitA
DatasetA_sample006	G006	0.587719	DatasetA	KitA
DatasetA_sample006	G007	0.75568	DatasetA	KitA
DatasetA_sample006	G008	0.894532	DatasetA	KitA
DatasetA_sample006	G009	0.44754	DatasetA	KitA
DatasetA_sample006	G010	0.464182	DatasetA	KitA
DatasetA_sample006	G011	0.67357	DatasetA	KitA
DatasetA_sample006	G012	0.793403	DatasetA	KitA
DatasetA_sample006	G013	0.795193	DatasetA	KitA
DatasetA_sample006	G014	0.624468	DatasetA	KitA
DatasetA_sample006	G015	0.865938	DatasetA	KitA
DatasetA_sample006	G016	0.623733	DatasetA	KitA
DatasetA_sample006	G017	0.540063	DatasetA	KitA
DatasetA_sample006	G018	0.552011	DatasetA	KitA
DatasetA_sample006	G019	0.728742	DatasetA	KitA
DatasetA_sample006	G020	0.692846	DatasetA	KitA
DatasetA_sample006	G021	0.856014	DatasetA	KitA
DatasetA_sample006	G022	0.481374	DatasetA	KitA
DatasetA_sample006	G023	0.609023	DatasetA	KitA
DatasetA_sample006	G024	0.714925	DatasetA	KitA
DatasetA_sample006	G025	0.863393	DatasetA	KitA
DatasetA_sample006	G026	0.812093	DatasetA	KitA
DatasetA_sample006	G027	0.902942	DatasetA	KitA
DatasetA_sample006	G028	0.563543	DatasetA	KitA
DatasetA_sample006	G029	0.901379	DatasetA	KitA
DatasetA_sample006	G030	0.725993	DatasetA	KitA
DatasetA_sample006	G031	0.712724	DatasetA	KitA
DatasetA_sample006	G032	0.55833	DatasetA	KitA
DatasetA_sample006	G033	0.942426	DatasetA	KitA
DatasetA_sample006	G034	0.589937	DatasetA	KitA
DatasetA_sample006	G035	0.664684	DatasetA	KitA
DatasetA_sample006	G036	0.645897	DatasetA	KitA
DatasetA_sample006	G037	0.778504	DatasetA	KitA
DatasetA_sample006	G038	0.520319	DatasetA	KitA
DatasetA_sample006	G039	0.894954	DatasetA	KitA
DatasetA_sample006	G040	0.693596	DatasetA	KitA
DatasetA_sample006	G041	0.952221	DatasetA	KitA
DatasetA_sample006	G042	0.719324	DatasetA	KitA
DatasetA_sample006	G043	0.808741	DatasetA	KitA
DatasetA_sample006	G044	0.570684	DatasetA	KitA
DatasetA_sample006	G045	0.888744	DatasetA	KitA
DatasetA_sample006	G046	0.951184	DatasetA	KitA
DatasetA_sample006	G047	0.181869	DatasetA	KitA
DatasetA_sample006	G048	0.754786	DatasetA	KitA
DatasetA_sample006	G049	0.687247	DatasetA	KitA
DatasetA_sample006	G050	0.533734	DatasetA	KitA
DatasetA_sample006	G081	0.693077	DatasetA	KitA
DatasetA_sample006	G082	0.628712	DatasetA	KitA
DatasetA_sample006	G083	0.148404	DatasetA	KitA
DatasetA_sample006	G084	0.492319	DatasetA	KitA
DatasetA_sample006	G085	0.542275	DatasetA	KitA
DatasetA_sample006	G086	0.666169	DatasetA	KitA
DatasetA_sample006	G087	0.457822	DatasetA	KitA
DatasetA_sample006	G088	0.509268	DatasetA	KitA
DatasetA_sample006	G089	0.731682	DatasetA	KitA
DatasetA_sample006	G090	0.644382	DatasetA	KitA
DatasetA_sample006	G091	0.692531	DatasetA	KitA
DatasetA_sample006	G092	0.266366	DatasetA	KitA
DatasetA_sample006	G093	0.813749	DatasetA	KitA
DatasetA_sample006	G094	0.478624	DatasetA	KitA
DatasetA_sample006	G095	0.638755	DatasetA	KitA
DatasetA_sample006	G096	0.31472	DatasetA	KitA
DatasetA_sample006	G097	0.588306	DatasetA	KitA
DatasetA_sample006	G098	0.672151	DatasetA	KitA
DatasetA_sample006	G099	0.367215	DatasetA	KitA
DatasetA_sample006	G100	0.688319	DatasetA	KitA
DatasetA_sample006	G101	0.667823	DatasetA	KitA
DatasetA_sample006	G102	0.573118	DatasetA	KitA
DatasetA_sample006	G103	0.276632	DatasetA	KitA
DatasetA_sample006	G104	0.919798	DatasetA	KitA
DatasetA_sample006	G105	0.405254	DatasetA	KitA
DatasetA_sample006	G106	0.704026	DatasetA	KitA
DatasetA_sample006	G107	0.763054	DatasetA	KitA
DatasetA_sample006	G108	0.718096	DatasetA	KitA
DatasetA_sample006	G109	0.552837	DatasetA	KitA
DatasetA_sample006	G110	0.725727	DatasetA	KitA
DatasetA_sample006	G111	0.83495	DatasetA	KitA
DatasetA_sample006	G112	0.560587	DatasetA	KitA
DatasetA_sample006	G113	0.508314	DatasetA	KitA
DatasetA_sample006	G114	0.301475	DatasetA	KitA
DatasetA_sample006	G115	0.50089	DatasetA	KitA
DatasetA_sample006	G116	0.848915	DatasetA	KitA
DatasetA_sample006	G117	0.676513	DatasetA	KitA
DatasetA_sample006	G118	0.434509	DatasetA	KitA
DatasetA_sample006	G119	0.75515	DatasetA	KitA
DatasetA_sample006	G120	0.620329	DatasetA	KitA
DatasetA_sample006	G121	0.634171	DatasetA	KitA
DatasetA_sample006	G122	0.37646	DatasetA	KitA
DatasetA_sample006	G123	0.367625	DatasetA	KitA
DatasetA_sample006	G124	0.301199	DatasetA	KitA
DatasetA_sample006	G125	0.540449	DatasetA	KitA
DatasetA_sample006	G126	0.21607	DatasetA	KitA
DatasetA_sample006	G127	0.594808	DatasetA	KitA
DatasetA_sample006	G128	0.257741	DatasetA	KitA
DatasetA_sample006	G129	0.685734	DatasetA	KitA
DatasetA_sample006	G130	0.866014	DatasetA	KitA
DatasetA_sample006	G131	0.560205	DatasetA	KitA
DatasetA_sample006	G133	0.807535	DatasetA	KitA
DatasetA_sample006	G135	0.852273	DatasetA	KitA
DatasetA_sample006	G136	0.516266	DatasetA	KitA
DatasetA_sample006	G137	0.487418	DatasetA	KitA
DatasetA_sample006	G138	0.68859	DatasetA	KitA
DatasetA_sample006	G139	0.718157	DatasetA	KitA
DatasetA_sample006	G140	0.567929	DatasetA	KitA
DatasetA_sample006	G142	0.460647	DatasetA	KitA
DatasetA_sample006	G144	0.635073	DatasetA	KitA
DatasetA_sample006	G145	0.381605	DatasetA	KitA
DatasetA_sample006	G146	0.327727	DatasetA	KitA
DatasetA_sample006	G150	0.46912	DatasetA	KitA
DatasetA_sample006	G151	0.235515	DatasetA	KitA
DatasetA_sample006	G155	0.25635	DatasetA	KitA
DatasetA_sample006	G157	0.32166	DatasetA	KitA
DatasetA_sample006	G158	0.142086	DatasetA	KitA
DatasetA_sample006	G159	0.429605	DatasetA	KitA
DatasetA_sample006	G160	0.41286	DatasetA	KitA
DatasetA_sample006	G161	0.739297	DatasetA	KitA
DatasetA_sample006	G163	0.367141	DatasetA	KitA
DatasetA_sample006	G164	0.624977	DatasetA	KitA
DatasetA_sample006	G165	0.305627	DatasetA	KitA
DatasetA_sample006	G166	0.159023	DatasetA	KitA
DatasetA_sample006	G167	0.384567	DatasetA	KitA
DatasetA_sample006	G168	0.410767	DatasetA	KitA
DatasetA_sample006	G170	0.59462	DatasetA	KitA
DatasetA_sample006	G173	0.033239	DatasetA	KitA
DatasetA_sample006	G176	0.09962	DatasetA	KitA
DatasetA_sample006	G180	0.217207	DatasetA	KitA
DatasetA_sample006	G183	0.116746	DatasetA	KitA
DatasetA_sample006	G184	0.353244	DatasetA	KitA
DatasetA_sample006	G185	0.629378	DatasetA	KitA
DatasetA_sample006	G191	0.425798	DatasetA	KitA
DatasetA_sample006	G192	0.186157	DatasetA	KitA
DatasetA_sample006	G194	0.37519	DatasetA	KitA
DatasetA_sample006	G195	0.637058	DatasetA	KitA
DatasetA_sample006	G200	0.275381	DatasetA	KitA
DatasetA_sample007	G001	0.682453	DatasetA	KitA
DatasetA_sample007	G002	0.717545	DatasetA	KitA
DatasetA_sample007	G003	0.503747	DatasetA	KitA
DatasetA_sample007	G004	0.440471	DatasetA	KitA
DatasetA_sample007	G005	0.841197	DatasetA	KitA
DatasetA_sample007	G006	0.670654	DatasetA	KitA
DatasetA_sample007	G007	0.708156	DatasetA	KitA
DatasetA_sample007	G008	0.454656	DatasetA	KitA
DatasetA_sample007	G009	0.282673	DatasetA	KitA
DatasetA_sample007	G010	0.870454	DatasetA	KitA
DatasetA_sample007	G011	0.500218	DatasetA	KitA
DatasetA_sample007	G012	0.830233	DatasetA	KitA
DatasetA_sample007	G013	0.635759	DatasetA	KitA
DatasetA_sample007	G014	0.876404	DatasetA	KitA
DatasetA_sample007	G015	0.69529	DatasetA	KitA
DatasetA_sample007	G016	0.692735	DatasetA	KitA
DatasetA_sample007	G017	0.544692	DatasetA	KitA
DatasetA_sample007	G018	0.568164	DatasetA	KitA
DatasetA_sample007	G019	0.873448	DatasetA	KitA
DatasetA_sample007	G020	0.701357	DatasetA	KitA
DatasetA_sample007	G021	0.606582	DatasetA	KitA
DatasetA_sample007	G022	0.89941	DatasetA	KitA
DatasetA_sample007	G023	0.913048	DatasetA	KitA
DatasetA_sample007	G024	0.641027	DatasetA	KitA
DatasetA_sample007	G025	0.477133	DatasetA	KitA
DatasetA_sample007	G026	0.594328	DatasetA	KitA
DatasetA_sample007	G027	0.67336	DatasetA	KitA
DatasetA_sample007	G028	0.898989	DatasetA	KitA
DatasetA_sample007	G029	0.680436	DatasetA	KitA
DatasetA_sample007	G030	0.981033	DatasetA	KitA
DatasetA_sample007	G031	0.635406	DatasetA	KitA
DatasetA_sample007	G032	0.713195	DatasetA	KitA
DatasetA_sample007	G033	0.498448	DatasetA	KitA
DatasetA_sample007	G034	0.707039	DatasetA	KitA
DatasetA_sample007	G035	0.849352	DatasetA	KitA
DatasetA_sample007	G036	0.941302	DatasetA	KitA
DatasetA_sample007	G037	0.866316	DatasetA	KitA
DatasetA_sample007	G038	0.3279	DatasetA	KitA
DatasetA_sample007	G039	0.586032	DatasetA	KitA
DatasetA_sample007	G040	0.384305	DatasetA	KitA
DatasetA_sample007	G041	0.527349	DatasetA	KitA
DatasetA_sample007	G042	0.474212	DatasetA	KitA
DatasetA_sample007	G043	0.754092	DatasetA	KitA
DatasetA_sample007	G044	0.770878	DatasetA	KitA
DatasetA_sample007	G045	0.412916	DatasetA	KitA
DatasetA_sample007	G046	0.846116	DatasetA	KitA
DatasetA_sample007	G047	0.812535	DatasetA	KitA
DatasetA_sample007	G048	0.642678	DatasetA	KitA
DatasetA_sample007	G049	0.903173	DatasetA	KitA
DatasetA_sample007	G050	0.90098	DatasetA	KitA
DatasetA_sample007	G081	0.448992	DatasetA	KitA
DatasetA_sample007	G082	0.586237	DatasetA	KitA
DatasetA_sample007	G083	0.744852	DatasetA	KitA
DatasetA_sample007	G084	0.546535	DatasetA	KitA
DatasetA_sample007	G085	0.509826	DatasetA	KitA
DatasetA_sample007	G086	0.628856	DatasetA	KitA
DatasetA_sample007	G087	0.169724	DatasetA	KitA
DatasetA_sample007	G088	0.337364	DatasetA	KitA
DatasetA_sample007	G089	0.292017	DatasetA	KitA
DatasetA_sample007	G090	0.707692	DatasetA	KitA
DatasetA_sample007	G091	0.699779	DatasetA	KitA
DatasetA_sample007	G092	0.737165	DatasetA	KitA
DatasetA_sample007	G093	0.814484	DatasetA	KitA
DatasetA_sample007	G094	0.659375	DatasetA	KitA
DatasetA_sample007	G095	0.723873	DatasetA	KitA
DatasetA_sample007	G096	0.309933	DatasetA	KitA
DatasetA_sample007	G097	0.608085	DatasetA	KitA
DatasetA_sample007	G098	0.416265	DatasetA	KitA
DatasetA_sample007	G099	0.452912	DatasetA	KitA
DatasetA_sample007	G100	0.571507	DatasetA	KitA
DatasetA_sample007	G101	0.77135	DatasetA	KitA
DatasetA_sample007	G102	0.822898	DatasetA	KitA
DatasetA_sample007	G103	0.881449	DatasetA	KitA
DatasetA_sample007	G104	0.542024	DatasetA	KitA
DatasetA_sample007	G105	0.542131	DatasetA	KitA
DatasetA_sample007	G106	0.594047	DatasetA	KitA
DatasetA_sample007	G107	0.663921	DatasetA	KitA
DatasetA_sample007	G108	0.768199	DatasetA	KitA
DatasetA_sample007	G109	0.699253	DatasetA	KitA
DatasetA_sample007	G110	0.616232	DatasetA	KitA
DatasetA_sample007	G111	0.839565	DatasetA	KitA
DatasetA_sample007	G112	0.279379	DatasetA	KitA
DatasetA_sample007	G113	0.367791	DatasetA	KitA
DatasetA_sample007	G114	0.595072	DatasetA	KitA
DatasetA_sample007	G115	0.768233	DatasetA	KitA
DatasetA_sample007	G116	0.274204	DatasetA	KitA
DatasetA_sample007	G117	0.608057	DatasetA	KitA
DatasetA_sample007	G118	0.745963	DatasetA	KitA
DatasetA_sample007	G119	0.703226	DatasetA	KitA
DatasetA_sample007	G120	0.705527	DatasetA	KitA
DatasetA_sample007	G122	0.526035	DatasetA	KitA
DatasetA_sample007	G123	0.930572	DatasetA	KitA
DatasetA_sample007	G124	0.867394	DatasetA	KitA
DatasetA_sample007	G125	0.775905	DatasetA	KitA
DatasetA_sample007	G126	0.546937	DatasetA	KitA
DatasetA_sample007	G127	0.706595	DatasetA	KitA
DatasetA_sample007	G128	0.332479	DatasetA	KitA
DatasetA_sample007	G129	0.493645	DatasetA	KitA
DatasetA_sample007	G130	0.863579	DatasetA	KitA
DatasetA_sample007	G131	0.361086	DatasetA	KitA
DatasetA_sample007	G132	0.855207	DatasetA	KitA
DatasetA_sample007	G133	0.435925	DatasetA	KitA
DatasetA_sample007	G134	0.845185	DatasetA	KitA
DatasetA_sample007	G135	0.683214	DatasetA	KitA
DatasetA_sample007	G136	0.645588	DatasetA	KitA
DatasetA_sample007	G138	0.645804	DatasetA	KitA
DatasetA_sample007	G139	0.766042	DatasetA	KitA
DatasetA_sample007	G140	0.352544	DatasetA	KitA
DatasetA_sample007	G142	0.201832	DatasetA	KitA
DatasetA_sample007	G143	0.636688	DatasetA	KitA
DatasetA_sample007	G144	0.628335	DatasetA	KitA
DatasetA_sample007	G145	0.469386	DatasetA	KitA
DatasetA_sample007	G146	0.406386	DatasetA	KitA
DatasetA_sample007	G147	0.538315	DatasetA	KitA
DatasetA_sample007	G148	0.212205	DatasetA	KitA
DatasetA_sample007	G149	0.274654	DatasetA	KitA
DatasetA_sample007	G150	0.288127	DatasetA	KitA
DatasetA_sample007	G151	0.641604	DatasetA	KitA
DatasetA_sample007	G156	0.424754	DatasetA	KitA
DatasetA_sample007	G158	0.382533	DatasetA	KitA
DatasetA_sample007	G159	0.60562	DatasetA	KitA
DatasetA_sample007	G162	0.532141	DatasetA	KitA
DatasetA_sample007	G164	0.069482	DatasetA	KitA
DatasetA_sample007	G165	0.4435	DatasetA	KitA
DatasetA_sample007	G170	0.740015	DatasetA	KitA
DatasetA_sample007	G172	0.612672	DatasetA	KitA
DatasetA_sample007	G179	0.310841	DatasetA	KitA
DatasetA_sample007	G189	0.294069	DatasetA	KitA
DatasetA_sample007	G194	0.354758	DatasetA	KitA
DatasetA_sample007	G198	0.156347	DatasetA	KitA
DatasetA_sample007	G200	0.487031	DatasetA	KitA
DatasetA_sample008	G001	0.84506	DatasetA	KitA
DatasetA_sample008	G002	0.899323	DatasetA	KitA
DatasetA_sample008	G003	0.765323	DatasetA	KitA
DatasetA_sample008	G004	0.764814	DatasetA	KitA
DatasetA_sample008	G005	0.949772	DatasetA	KitA
DatasetA_sample008	G006	0.885728	DatasetA	KitA
DatasetA_sample008	G007	0.467616	DatasetA	KitA
DatasetA_sample008	G008	0.919669	DatasetA	KitA
DatasetA_sample008	G009	0.254372	DatasetA	KitA
DatasetA_sample008	G010	0.683679	DatasetA	KitA
DatasetA_sample008	G011	0.67207	DatasetA	KitA
DatasetA_sample008	G012	0.713607	DatasetA	KitA
DatasetA_sample008	G013	0.70464	DatasetA	KitA
DatasetA_sample008	G014	0.539317	DatasetA	KitA
DatasetA_sample008	G015	0.668064	DatasetA	KitA
DatasetA_sample008	G016	0.885294	DatasetA	KitA
DatasetA_sample008	G017	0.860779	DatasetA	KitA
DatasetA_sample008	G018	0.952538	DatasetA	KitA
DatasetA_sample008	G019	0.77853	DatasetA	KitA
DatasetA_sample008	G020	0.748538	DatasetA	KitA
DatasetA_sample008	G021	0.977286	DatasetA	KitA
DatasetA_sample008	G022	0.85338	DatasetA	KitA
DatasetA_sample008	G023	0.792832	DatasetA	KitA
DatasetA_sample008	G024	0.385802	DatasetA	KitA
DatasetA_sample008	G025	0.922898	DatasetA	KitA
DatasetA_sample008	G026	0.856812	DatasetA	KitA
DatasetA_sample008	G027	0.713666	DatasetA	KitA
DatasetA_sample008	G028	0.727019	DatasetA	KitA
DatasetA_sample008	G029	0.497328	DatasetA	KitA
DatasetA_sample008	G030	0.899368	DatasetA	KitA
DatasetA_sample008	G031	0.881433	DatasetA	KitA
DatasetA_sample008	G032	0.948991	DatasetA	KitA
DatasetA_sample008	G033	0.699002	DatasetA	KitA
DatasetA_sample008	G034	0.897176	DatasetA	KitA
DatasetA_sample008	G035	0.401393	DatasetA	KitA
DatasetA_sample008	G036	0.65391	DatasetA	KitA
DatasetA_sample008	G037	0.679753	DatasetA	KitA
DatasetA_sample008	G038	0.560919	DatasetA	KitA
DatasetA_sample008	G039	0.658428	DatasetA	KitA
DatasetA_sample008	G040	0.745417	DatasetA	KitA
DatasetA_sample008	G041	0.569509	DatasetA	KitA
DatasetA_sample008	G042	0.687861	DatasetA	KitA
DatasetA_sample008	G043	0.831931	DatasetA	KitA
DatasetA_sample008	G044	0.667216	DatasetA	KitA
DatasetA_sample008	G045	0.746708	DatasetA	KitA
DatasetA_sample008	G046	0.634706	DatasetA	KitA
DatasetA_sample008	G047	0.809468	DatasetA	KitA
DatasetA_sample008	G048	0.829016	DatasetA	KitA
DatasetA_sample008	G049	0.630208	DatasetA	KitA
DatasetA_sample008	G050	0.706735	DatasetA	KitA
DatasetA_sample008	G081	0.427751	DatasetA	KitA
DatasetA_sample008	G082	0.880591	DatasetA	KitA
DatasetA_sample008	G083	0.370786	DatasetA	KitA
DatasetA_sample008	G084	0.422354	DatasetA	KitA
DatasetA_sample008	G085	0.778213	DatasetA	KitA
DatasetA_sample008	G086	0.476061	DatasetA	KitA
DatasetA_sample008	G088	0.292661	DatasetA	KitA
DatasetA_sample008	G089	0.498266	DatasetA	KitA
DatasetA_sample008	G090	0.940835	DatasetA	KitA
DatasetA_sample008	G091	0.374826	DatasetA	KitA
DatasetA_sample008	G092	0.533062	DatasetA	KitA
DatasetA_sample008	G093	0.640145	DatasetA	KitA
DatasetA_sample008	G094	0.246273	DatasetA	KitA
DatasetA_sample008	G095	0.68626	DatasetA	KitA
DatasetA_sample008	G096	0.454387	DatasetA	KitA
DatasetA_sample008	G097	0.668989	DatasetA	KitA
DatasetA_sample008	G098	0.617088	DatasetA	KitA
DatasetA_sample008	G099	0.577759	DatasetA	KitA
DatasetA_sample008	G100	0.357034	DatasetA	KitA
DatasetA_sample008	G101	0.549928	DatasetA	KitA
DatasetA_sample008	G102	0.4981	DatasetA	KitA
DatasetA_sample008	G103	0.399731	DatasetA	KitA
DatasetA_sample008	G104	0.703061	DatasetA	KitA
DatasetA_sample008	G105	0.726204	DatasetA	KitA
DatasetA_sample008	G106	0.85046	DatasetA	KitA
DatasetA_sample008	G107	0.640199	DatasetA	KitA
DatasetA_sample008	G108	0.584402	DatasetA	KitA
DatasetA_sample008	G109	0.563351	DatasetA	KitA
DatasetA_sample008	G110	0.500426	DatasetA	KitA
DatasetA_sample008	G111	0.465432	DatasetA	KitA
DatasetA_sample008	G112	0.754019	DatasetA	KitA
DatasetA_sample008	G113	0.896114	DatasetA	KitA
DatasetA_sample008	G114	0.546387	DatasetA	KitA
DatasetA_sample008	G115	0.538845	DatasetA	KitA
DatasetA_sample008	G116	0.90884	DatasetA	KitA
DatasetA_sample008	G117	0.614894	DatasetA	KitA
DatasetA_sample008	G118	0.691921	DatasetA	KitA
DatasetA_sample008	G119	0.539313	DatasetA	KitA
DatasetA_sample008	G120	0.402083	DatasetA	KitA
DatasetA_sample008	G121	0.717698	DatasetA	KitA
DatasetA_sample008	G122	0.701207	DatasetA	KitA
DatasetA_sample008	G123	0.790823	DatasetA	KitA
DatasetA_sample008	G124	0.334281	DatasetA	KitA
DatasetA_sample008	G125	0.643435	DatasetA	KitA
DatasetA_sample008	G126	0.674604	DatasetA	KitA
DatasetA_sample008	G127	0.661229	DatasetA	KitA
DatasetA_sample008	G128	0.420158	DatasetA	KitA
DatasetA_sample008	G129	0.512647	DatasetA	KitA
DatasetA_sample008	G130	0.576222	DatasetA	KitA
DatasetA_sample008	G131	0.556538	DatasetA	KitA
DatasetA_sample008	G132	0.44374	DatasetA	KitA
DatasetA_sample008	G133	0.300845	DatasetA	KitA
DatasetA_sample008	G134	0.517466	DatasetA	KitA
DatasetA_sample008	G135	0.536176	DatasetA	KitA
DatasetA_sample008	G136	0.594309	DatasetA	KitA
DatasetA_sample008	G137	0.519866	DatasetA	KitA
DatasetA_sample008	G138	0.736435	DatasetA	KitA
DatasetA_sample008	G139	0.763614	DatasetA	KitA
DatasetA_sample008	G140	0.348969	DatasetA	KitA
DatasetA_sample008	G141	0.266687	DatasetA	KitA
DatasetA_sample008	G143	0.19912	DatasetA	KitA
DatasetA_sample008	G145	0.516658	DatasetA	KitA
DatasetA_sample008	G147	0.366708	DatasetA	KitA
DatasetA_sample008	G148	0.494461	DatasetA	KitA
DatasetA_sample008	G149	0.205529	DatasetA	KitA
DatasetA_sample008	G150	0.528382	DatasetA	KitA
DatasetA_sample008	G152	0.27166	DatasetA	KitA
DatasetA_sample008	G153	0.495163	DatasetA	KitA
DatasetA_sample008	G156	0.561388	DatasetA	KitA
DatasetA_sample008	G158	0.388565	DatasetA	KitA
DatasetA_sample008	G159	0.486641	DatasetA	KitA
DatasetA_sample008	G160	0.284305	DatasetA	KitA
DatasetA_sample008	G162	0.396541	DatasetA	KitA
DatasetA_sample008	G169	0.575567	DatasetA	KitA
DatasetA_sample008	G171	0.230888	DatasetA	KitA
DatasetA_sample008	G178	0.080548	DatasetA	KitA
DatasetA_sample008	G179	0.222978	DatasetA	KitA
DatasetA_sample008	G181	0.249107	DatasetA	KitA
DatasetA_sample008	G184	0.075743	DatasetA	KitA
DatasetA_sample008	G187	0.46813	DatasetA	KitA
DatasetA_sample008	G192	0.530363	DatasetA	KitA
DatasetA_sample008	G195	0.600646	DatasetA	KitA
DatasetA_sample008	G196	0.085258	DatasetA	KitA
DatasetA_sample008	G197	0.315508	DatasetA	KitA
DatasetA_sample008	G199	0.160798	DatasetA	KitA
DatasetA_sample009	G001	0.764988	DatasetA	KitA
DatasetA_sample009	G002	0.774482	DatasetA	KitA
DatasetA_sample009	G003	0.664805	DatasetA	KitA
DatasetA_sample009	G004	0.871645	DatasetA	KitA
DatasetA_sample009	G005	0.521812	DatasetA	KitA
DatasetA_sample009	G006	0.507106	DatasetA	KitA
DatasetA_sample009	G007	0.851553	DatasetA	KitA
DatasetA_sample009	G008	0.918993	DatasetA	KitA
DatasetA_sample009	G009	0.766717	DatasetA	KitA
DatasetA_sample009	G010	0.767789	DatasetA	KitA
DatasetA_sample009	G011	0.886755	DatasetA	KitA
DatasetA_sample009	G012	0.786735	DatasetA	KitA
DatasetA_sample009	G013	0.751201	DatasetA	KitA
DatasetA_sample009	G014	0.51068	DatasetA	KitA
DatasetA_sample009	G015	0.79135	DatasetA	KitA
DatasetA_sample009	G016	0.659823	DatasetA	KitA
DatasetA_sample009	G017	0.948086	DatasetA	KitA
DatasetA_sample009	G018	0.500959	DatasetA	KitA
DatasetA_sample009	G019	0.581919	DatasetA	KitA
DatasetA_sample009	G020	0.613578	DatasetA	KitA
DatasetA_sample009	G021	0.502908	DatasetA	KitA
DatasetA_sample009	G022	0.862686	DatasetA	KitA
DatasetA_sample009	G023	0.758587	DatasetA	KitA
DatasetA_sample009	G024	0.411886	DatasetA	KitA
DatasetA_sample009	G025	0.72445	DatasetA	KitA
DatasetA_sample009	G026	0.500711	DatasetA	KitA
DatasetA_sample009	G027	0.843828	DatasetA	KitA
DatasetA_sample009	G028	0.446286	DatasetA	KitA
DatasetA_sample009	G029	0.798562	DatasetA	KitA
DatasetA_sample009	G030	0.649948	DatasetA	KitA
DatasetA_sample009	G031	0.618025	DatasetA	KitA
DatasetA_sample009	G032	0.709487	DatasetA	KitA
DatasetA_sample009	G033	0.921003	DatasetA	KitA
DatasetA_sample009	G034	0.464013	DatasetA	KitA
DatasetA_sample009	G035	0.576418	DatasetA	KitA
DatasetA_sample009	G036	0.821166	DatasetA	KitA
DatasetA_sample009	G037	0.77378	DatasetA	KitA
DatasetA_sample009	G038	0.394344	DatasetA	KitA
DatasetA_sample009	G039	0.734923	DatasetA	KitA
DatasetA_sample009	G040	0.742825	DatasetA	KitA
DatasetA_sample009	G041	0.674113	DatasetA	KitA
DatasetA_sample009	G042	0.869285	DatasetA	KitA
DatasetA_sample009	G043	0.687646	DatasetA	KitA
DatasetA_sample009	G044	0.893633	DatasetA	KitA
DatasetA_sample009	G045	0.661087	DatasetA	KitA
DatasetA_sample009	G046	0.552556	DatasetA	KitA
DatasetA_sample009	G047	0.839724	DatasetA	KitA
DatasetA_sample009	G048	0.77956	DatasetA	KitA
DatasetA_sample009	G049	0.782595	DatasetA	KitA
DatasetA_sample009	G050	0.849245	DatasetA	KitA
DatasetA_sample009	G081	0.626624	DatasetA	KitA
DatasetA_sample009	G082	0.559227	DatasetA	KitA
DatasetA_sample009	G083	0.666883	DatasetA	KitA
DatasetA_sample009	G084	0.667232	DatasetA	KitA
DatasetA_sample009	G085	0.750979	DatasetA	KitA
DatasetA_sample009	G086	0.612058	DatasetA	KitA
DatasetA_sample009	G087	0.635338	DatasetA	KitA
DatasetA_sample009	G088	0.437725	DatasetA	KitA
DatasetA_sample009	G089	0.29656	DatasetA	KitA
DatasetA_sample009	G090	0.730955	DatasetA	KitA
DatasetA_sample009	G091	0.747655	DatasetA	KitA
DatasetA_sample009	G092	0.665	DatasetA	KitA
DatasetA_sample009	G093	0.550796	DatasetA	KitA
DatasetA_sample009	G094	0.39366	DatasetA	KitA
DatasetA_sample009	G095	0.470348	DatasetA	KitA
DatasetA_sample009	G096	0.641727	DatasetA	KitA
DatasetA_sample009	G097	0.766059	DatasetA	KitA
DatasetA_sample009	G098	0.279568	DatasetA	KitA
DatasetA_sample009	G099	0.68729	DatasetA	KitA
DatasetA_sample009	G100	0.921793	DatasetA	KitA
DatasetA_sample009	G101	0.862672	DatasetA	KitA
DatasetA_sample009	G102	0.464371	DatasetA	KitA
DatasetA_sample009	G103	0.817277	DatasetA	KitA
DatasetA_sample009	G104	0.434447	DatasetA	KitA
DatasetA_sample009	G105	0.656069	DatasetA	KitA
DatasetA_sample009	G106	0.781683	DatasetA	KitA
DatasetA_sample009	G107	0.654115	DatasetA	KitA
DatasetA_sample009	G108	0.654915	DatasetA	KitA
DatasetA_sample009	G109	0.531275	DatasetA	KitA
DatasetA_sample009	G110	0.563791	DatasetA	KitA
DatasetA_sample009	G111	0.409237	DatasetA	KitA
DatasetA_sample009	G112	0.685093	DatasetA	KitA
DatasetA_sample009	G113	0.440915	DatasetA	KitA
DatasetA_sample009	G114	0.503942	DatasetA	KitA
DatasetA_sample009	G115	0.585046	DatasetA	KitA
DatasetA_sample009	G116	0.721822	DatasetA	KitA
DatasetA_sample009	G117	0.770492	DatasetA	KitA
DatasetA_sample009	G118	0.228559	DatasetA	KitA
DatasetA_sample009	G119	0.524601	DatasetA	KitA
DatasetA_sample009	G120	0.535202	DatasetA	KitA
DatasetA_sample009	G121	0.291346	DatasetA	KitA
DatasetA_sample009	G122	0.542186	DatasetA	KitA
DatasetA_sample009	G123	0.870329	DatasetA	KitA
DatasetA_sample009	G124	0.501976	DatasetA	KitA
DatasetA_sample009	G125	0.630015	DatasetA	KitA
DatasetA_sample009	G126	0.469139	DatasetA	KitA
DatasetA_sample009	G127	0.569037	DatasetA	KitA
DatasetA_sample009	G128	0.661326	DatasetA	KitA
DatasetA_sample009	G129	0.66254	DatasetA	KitA
DatasetA_sample009	G130	0.344229	DatasetA	KitA
DatasetA_sample009	G131	0.17549	DatasetA	KitA
DatasetA_sample009	G132	0.534684	DatasetA	KitA
DatasetA_sample009	G133	0.408893	DatasetA	KitA
DatasetA_sample009	G134	0.668226	DatasetA	KitA
DatasetA_sample009	G135	0.602319	DatasetA	KitA
DatasetA_sample009	G136	0.80228	DatasetA	KitA
DatasetA_sample009	G137	0.341718	DatasetA	KitA
DatasetA_sample009	G138	0.520116	DatasetA	KitA
DatasetA_sample009	G139	0.557711	DatasetA	KitA
DatasetA_sample009	G140	0.572415	DatasetA	KitA
DatasetA_sample009	G141	0.832521	DatasetA	KitA
DatasetA_sample009	G142	0.101438	DatasetA	KitA
DatasetA_sample009	G144	0.338737	DatasetA	KitA
DatasetA_sample009	G145	0.562182	DatasetA	KitA
DatasetA_sample009	G146	0.259786	DatasetA	KitA
DatasetA_sample009	G147	0.311773	DatasetA	KitA
DatasetA_sample009	G148	0.665686	DatasetA	KitA
DatasetA_sample009	G149	0.446718	DatasetA	KitA
DatasetA_sample009	G151	0.446416	DatasetA	KitA
DatasetA_sample009	G153	0.244555	DatasetA	KitA
DatasetA_sample009	G154	0.350599	DatasetA	KitA
DatasetA_sample009	G155	0.683603	DatasetA	KitA
DatasetA_sample009	G156	0.138147	DatasetA	KitA
DatasetA_sample009	G157	0.101705	DatasetA	KitA
DatasetA_sample009	G158	0.423016	DatasetA	KitA
DatasetA_sample009	G160	0.179594	DatasetA	KitA
DatasetA_sample009	G161	0.679768	DatasetA	KitA
DatasetA_sample009	G163	0.658225	DatasetA	KitA
DatasetA_sample009	G166	0.296399	DatasetA	KitA
DatasetA_sample009	G167	0.367088	DatasetA	KitA
DatasetA_sample009	G168	0.259127	DatasetA	KitA
DatasetA_sample009	G169	0.737361	DatasetA	KitA
DatasetA_sample009	G170	0.340419	DatasetA	KitA
DatasetA_sample009	G175	0.304887	DatasetA	KitA
DatasetA_sample009	G176	0.223931	DatasetA	KitA
DatasetA_sample009	G177	0.203276	DatasetA	KitA
DatasetA_sample009	G178	0.067345	DatasetA	KitA
DatasetA_sample009	G179	0.245022	DatasetA	KitA
DatasetA_sample009	G182	0.468795	DatasetA	KitA
DatasetA_sample009	G183	0.533334	DatasetA	KitA
DatasetA_sample009	G186	0.143425	DatasetA	KitA
DatasetA_sample009	G193	0.083734	DatasetA	KitA
DatasetA_sample009	G194	0.246542	DatasetA	KitA
DatasetA_sample010	G001	0.722943	DatasetA	KitA
DatasetA_sample010	G002	0.817049	DatasetA	KitA
DatasetA_sample010	G003	0.855277	DatasetA	KitA
DatasetA_sample010	G004	0.840854	DatasetA	KitA
DatasetA_sample010	G005	0.950439	DatasetA	KitA
DatasetA_sample010	G006	0.826945	DatasetA	KitA
DatasetA_sample010	G007	0.788609	DatasetA	KitA
DatasetA_sample010	G008	0.641267	DatasetA	KitA
DatasetA_sample010	G009	0.669045	DatasetA	KitA
DatasetA_sample010	G010	0.553945	DatasetA	KitA
DatasetA_sample010	G011	0.738291	DatasetA	KitA
DatasetA_sample010	G012	0.412951	DatasetA	KitA
DatasetA_sample010	G013	0.881783	DatasetA	KitA
DatasetA_sample010	G014	0.653013	DatasetA	KitA
DatasetA_sample010	G015	0.668619	DatasetA	KitA
DatasetA_sample010	G016	0.375087	DatasetA	KitA
DatasetA_sample010	G017	0.847855	DatasetA	KitA
DatasetA_sample010	G018	0.811411	DatasetA	KitA
DatasetA_sample010	G019	0.745584	DatasetA	KitA
DatasetA_sample010	G020	0.730014	DatasetA	KitA
DatasetA_sample010	G021	0.840792	DatasetA	KitA
DatasetA_sample010	G022	0.250083	DatasetA	KitA
DatasetA_sample010	G023	0.699738	DatasetA	KitA
DatasetA_sample010	G024	0.875928	DatasetA	KitA
DatasetA_sample010	G025	0.455842	DatasetA	KitA
DatasetA_sample010	G026	0.479451	DatasetA	KitA
DatasetA_sample010	G027	0.808664	DatasetA	KitA
DatasetA_sample010	G028	0.561116	DatasetA	KitA
DatasetA_sample010	G029	0.801004	DatasetA	KitA
DatasetA_sample010	G030	0.525516	DatasetA	KitA
DatasetA_sample010	G031	0.741538	DatasetA	KitA
DatasetA_sample010	G032	0.629358	DatasetA	KitA
DatasetA_sample010	G033	0.76566	DatasetA	KitA
DatasetA_sample010	G034	0.542127	DatasetA	KitA
DatasetA_sample010	G035	0.821985	DatasetA	KitA
DatasetA_sample010	G036	0.517793	DatasetA	KitA
DatasetA_sample010	G037	0.714601	DatasetA	KitA
DatasetA_sample010	G038	0.601012	DatasetA	KitA
DatasetA_sample010	G039	0.903952	DatasetA	KitA
DatasetA_sample010	G040	0.791676	DatasetA	KitA
DatasetA_sample010	G041	0.649238	DatasetA	KitA
DatasetA_sample010	G042	0.954405	DatasetA	KitA
DatasetA_sample010	G043	0.584231	DatasetA	KitA
DatasetA_sample010	G044	0.743095	DatasetA	KitA
DatasetA_sample010	G045	0.579306	DatasetA	KitA
DatasetA_sample010	G046	0.545597	DatasetA	KitA
DatasetA_sample010	G047	0.448911	DatasetA	KitA
DatasetA_sample010	G048	0.968327	DatasetA	KitA
DatasetA_sample010	G049	0.735654	DatasetA	KitA
DatasetA_sample010	G050	0.579055	DatasetA	KitA
DatasetA_sample010	G081	0.632376	DatasetA	KitA
DatasetA_sample010	G082	0.56965	DatasetA	KitA
DatasetA_sample010	G083	0.695095	DatasetA	KitA
DatasetA_sample010	G084	0.650108	DatasetA	KitA
DatasetA_sample010	G085	0.594003	DatasetA	KitA
DatasetA_sample010	G086	0.69125	DatasetA	KitA
DatasetA_sample010	G087	0.405864	DatasetA	KitA
DatasetA_sample010	G088	0.379375	DatasetA	KitA
DatasetA_sample010	G089	0.407934	DatasetA	KitA
DatasetA_sample010	G090	0.374408	DatasetA	KitA
DatasetA_sample010	G091	0.531998	DatasetA	KitA
DatasetA_sample010	G092	0.83885	DatasetA	KitA
DatasetA_sample010	G093	0.616433	DatasetA	KitA
DatasetA_sample010	G094	0.677291	DatasetA	KitA
DatasetA_sample010	G095	0.58844	DatasetA	KitA
DatasetA_sample010	G096	0.564098	DatasetA	KitA
DatasetA_sample010	G097	0.4343	DatasetA	KitA
DatasetA_sample010	G098	0.310874	DatasetA	KitA
DatasetA_sample010	G099	0.536784	DatasetA	KitA
DatasetA_sample010	G100	0.677363	DatasetA	KitA
DatasetA_sample010	G101	0.792736	DatasetA	KitA
DatasetA_sample010	G102	0.677107	DatasetA	KitA
DatasetA_sample010	G103	0.524176	DatasetA	KitA
DatasetA_sample010	G104	0.578466	DatasetA	KitA
DatasetA_sample010	G105	0.925882	DatasetA	KitA
DatasetA_sample010	G106	0.500012	DatasetA	KitA
DatasetA_sample010	G107	0.688034	DatasetA	KitA
DatasetA_sample010	G108	0.650026	DatasetA	KitA
DatasetA_sample010	G110	0.51525	DatasetA	KitA
DatasetA_sample010	G111	0.5591	DatasetA	KitA
DatasetA_sample010	G112	0.627073	DatasetA	KitA
DatasetA_sample010	G113	0.77203	DatasetA	KitA
DatasetA_sample010	G114	0.497714	DatasetA	KitA
DatasetA_sample010	G115	0.541203	DatasetA	KitA
DatasetA_sample010	G116	0.745588	DatasetA	KitA
DatasetA_sample010	G117	0.59871	DatasetA	KitA
DatasetA_sample010	G118	0.6177	DatasetA	KitA
DatasetA_sample010	G119	0.691671	DatasetA	KitA
DatasetA_sample010	G120	0.583312	DatasetA	KitA
DatasetA_sample010	G121	0.790717	DatasetA	KitA
DatasetA_sample010	G122	0.806117	DatasetA	KitA
DatasetA_sample010	G123	0.461006	DatasetA	KitA
DatasetA_sample010	G124	0.483532	DatasetA	KitA
DatasetA_sample010	G125	0.173512	DatasetA	KitA
DatasetA_sample010	G126	0.721973	DatasetA	KitA
DatasetA_sample010	G127	0.815333	DatasetA	KitA
DatasetA_sample010	G128	0.444149	DatasetA	KitA
DatasetA_sample010	G129	0.643855	DatasetA	KitA
DatasetA_sample010	G130	0.484881	DatasetA	KitA
DatasetA_sample010	G131	0.507354	DatasetA	KitA
DatasetA_sample010	G132	0.78373	DatasetA	KitA
DatasetA_sample010	G133	0.797954	DatasetA	KitA
DatasetA_sample010	G134	0.794657	DatasetA	KitA
DatasetA_sample010	G135	0.243334	DatasetA	KitA
DatasetA_sample010	G136	0.418434	DatasetA	KitA
DatasetA_sample010	G137	0.280216	DatasetA	KitA
DatasetA_sample010	G138	0.416418	DatasetA	KitA
DatasetA_sample010	G139	0.794883	DatasetA	KitA
DatasetA_sample010	G140	0.430639	DatasetA	KitA
DatasetA_sample010	G141	0.282752	DatasetA	KitA
DatasetA_sample010	G144	0.64354	DatasetA	KitA
DatasetA_sample010	G145	0.458548	DatasetA	KitA
DatasetA_sample010	G147	0.536307	DatasetA	KitA
DatasetA_sample010	G148	0.233468	DatasetA	KitA
DatasetA_sample010	G149	0.31181	DatasetA	KitA
DatasetA_sample010	G150	0.76837	DatasetA	KitA
DatasetA_sample010	G151	0.4473	DatasetA	KitA
DatasetA_sample010	G152	0.387951	DatasetA	KitA
DatasetA_sample010	G153	0.333634	DatasetA	KitA
DatasetA_sample010	G154	0.640785	DatasetA	KitA
DatasetA_sample010	G155	0.239141	DatasetA	KitA
DatasetA_sample010	G156	0.709615	DatasetA	KitA
DatasetA_sample010	G157	0.549838	DatasetA	KitA
DatasetA_sample010	G158	0.313885	DatasetA	KitA
DatasetA_sample010	G159	0.430054	DatasetA	KitA
DatasetA_sample010	G160	0.244538	DatasetA	KitA
DatasetA_sample010	G162	0.578924	DatasetA	KitA
DatasetA_sample010	G163	0.385134	DatasetA	KitA
DatasetA_sample010	G164	0.334588	DatasetA	KitA
DatasetA_sample010	G166	0.693606	DatasetA	KitA
DatasetA_sample010	G167	0.626994	DatasetA	KitA
DatasetA_sample010	G168	0.491015	DatasetA	KitA
DatasetA_sample010	G169	0.3432	DatasetA	KitA
DatasetA_sample010	G170	0.200486	DatasetA	KitA
DatasetA_sample010	G173	0.525723	DatasetA	KitA
DatasetA_sample010	G174	0.237968	DatasetA	KitA
DatasetA_sample010	G177	0.278006	DatasetA	KitA
DatasetA_sample010	G183	0.26842	DatasetA	KitA
DatasetA_sample010	G186	0.393718	DatasetA	KitA
DatasetA_sample010	G190	0.138002	DatasetA	KitA
DatasetA_sample010	G191	0.040022	DatasetA	KitA
DatasetA_sample010	G192	0.310806	DatasetA	KitA
DatasetA_sample011	G001	0.91676	DatasetA	KitA
DatasetA_sample011	G002	0.633209	DatasetA	KitA
DatasetA_sample011	G003	0.483859	DatasetA	KitA
DatasetA_sample011	G004	0.440366	DatasetA	KitA
DatasetA_sample011	G005	0.596868	DatasetA	KitA
DatasetA_sample011	G006	0.64768	DatasetA	KitA
DatasetA_sample011	G007	0.620692	DatasetA	KitA
DatasetA_sample011	G008	0.530231	DatasetA	KitA
DatasetA_sample011	G009	0.378494	DatasetA	KitA
DatasetA_sample011	G010	0.542143	DatasetA	KitA
DatasetA_sample011	G011	0.9901	DatasetA	KitA
DatasetA_sample011	G012	0.823977	DatasetA	KitA
DatasetA_sample011	G013	0.414701	DatasetA	KitA
DatasetA_sample011	G014	0.919715	DatasetA	KitA
DatasetA_sample011	G015	0.549577	DatasetA	KitA
DatasetA_sample011	G016	0.473359	DatasetA	KitA
DatasetA_sample011	G017	0.27583	DatasetA	KitA
DatasetA_sample011	G018	0.908853	DatasetA	KitA
DatasetA_sample011	G019	0.858298	DatasetA	KitA
DatasetA_sample011	G020	0.739417	DatasetA	KitA
DatasetA_sample011	G021	0.89791	DatasetA	KitA
DatasetA_sample011	G022	0.549765	DatasetA	KitA
DatasetA_sample011	G023	0.674789	DatasetA	KitA
DatasetA_sample011	G024	0.77901	DatasetA	KitA
DatasetA_sample011	G025	0.786638	DatasetA	KitA
DatasetA_sample011	G026	0.637101	DatasetA	KitA
DatasetA_sample011	G027	0.919987	DatasetA	KitA
DatasetA_sample011	G028	0.595335	DatasetA	KitA
DatasetA_sample011	G029	0.940958	DatasetA	KitA
DatasetA_sample011	G030	0.881121	DatasetA	KitA
DatasetA_sample011	G031	0.85759	DatasetA	KitA
DatasetA_sample011	G032	0.367693	DatasetA	KitA
DatasetA_sample011	G033	0.57491	DatasetA	KitA
DatasetA_sample011	G034	0.557887	DatasetA	KitA
DatasetA_sample011	G035	0.640783	DatasetA	KitA
DatasetA_sample011	G036	0.764397	DatasetA	KitA
DatasetA_sample011	G037	0.530425	DatasetA	KitA
DatasetA_sample011	G038	0.502646	DatasetA	KitA
DatasetA_sample011	G039	0.642695	DatasetA	KitA
DatasetA_sample011	G040	0.576236	DatasetA	KitA
DatasetA_sample011	G041	0.756216	DatasetA	KitA
DatasetA_sample011	G042	0.245794	DatasetA	KitA
DatasetA_sample011	G043	0.808799	DatasetA	KitA
DatasetA_sample011	G044	0.796757	DatasetA	KitA
DatasetA_sample011	G045	0.67238	DatasetA	KitA
DatasetA_sample011	G046	0.805642	DatasetA	KitA
DatasetA_sample011	G047	0.839581	DatasetA	KitA
DatasetA_sample011	G048	0.814526	DatasetA	KitA
DatasetA_sample011	G049	0.881085	DatasetA	KitA
DatasetA_sample011	G050	0.724327	DatasetA	KitA
DatasetA_sample011	G081	0.594346	DatasetA	KitA
DatasetA_sample011	G082	0.678457	DatasetA	KitA
DatasetA_sample011	G083	0.220047	DatasetA	KitA
DatasetA_sample011	G084	0.573996	DatasetA	KitA
DatasetA_sample011	G085	0.835129	DatasetA	KitA
DatasetA_sample011	G086	0.703891	DatasetA	KitA
DatasetA_sample011	G087	0.396367	DatasetA	KitA
DatasetA_sample011	G088	0.262362	DatasetA	KitA
DatasetA_sample011	G089	0.510306	DatasetA	KitA
DatasetA_sample011	G090	0.482733	DatasetA	KitA
DatasetA_sample011	G091	0.221325	DatasetA	KitA
DatasetA_sample011	G092	0.292049	DatasetA	KitA
DatasetA_sample011	G093	0.614153	DatasetA	KitA
DatasetA_sample011	G094	0.782575	DatasetA	KitA
DatasetA_sample011	G095	0.600009	DatasetA	KitA
DatasetA_sample011	G096	0.450347	DatasetA	KitA
DatasetA_sample011	G097	0.570996	DatasetA	KitA
DatasetA_sample011	G098	0.483274	DatasetA	KitA
DatasetA_sample011	G099	0.719713	DatasetA	KitA
DatasetA_sample011	G100	0.792146	DatasetA	KitA
DatasetA_sample011	G101	0.306172	DatasetA	KitA
DatasetA_sample011	G102	0.204149	DatasetA	KitA
DatasetA_sample011	G103	0.366354	DatasetA	KitA
DatasetA_sample011	G104	0.76481	DatasetA	KitA
DatasetA_sample011	G105	0.742592	DatasetA	KitA
DatasetA_sample011	G106	0.42272	DatasetA	KitA
DatasetA_sample011	G107	0.369307	DatasetA	KitA
DatasetA_sample011	G108	0.524486	DatasetA	KitA
DatasetA_sample011	G109	0.802767	DatasetA	KitA
DatasetA_sample011	G110	0.449264	DatasetA	KitA
DatasetA_sample011	G111	0.515678	DatasetA	KitA
DatasetA_sample011	G112	0.598709	DatasetA	KitA
DatasetA_sample011	G113	0.568845	DatasetA	KitA
DatasetA_sample011	G114	0.772874	DatasetA	KitA
DatasetA_sample011	G115	0.788705	DatasetA	KitA
DatasetA_sample011	G116	0.554171	DatasetA	KitA
DatasetA_sample011	G117	0.596963	DatasetA	KitA
DatasetA_sample011	G118	0.778089	DatasetA	KitA
DatasetA_sample011	G119	0.813352	DatasetA	KitA
DatasetA_sample011	G120	0.438429	DatasetA	KitA
DatasetA_sample011	G121	0.579128	DatasetA	KitA
DatasetA_sample011	G122	0.584177	DatasetA	KitA
DatasetA_sample011	G123	0.484061	DatasetA	KitA
DatasetA_sample011	G124	0.859339	DatasetA	KitA
DatasetA_sample011	G125	0.574527	DatasetA	KitA
DatasetA_sample011	G126	0.557634	DatasetA	KitA
DatasetA_sample011	G127	0.787183	DatasetA	KitA
DatasetA_sample011	G128	0.531201	DatasetA	KitA
DatasetA_sample011	G129	0.768209	DatasetA	KitA
DatasetA_sample011	G130	0.323117	DatasetA	KitA
DatasetA_sample011	G131	0.773212	DatasetA	KitA
DatasetA_sample011	G132	0.569313	DatasetA	KitA
DatasetA_sample011	G134	0.796605	DatasetA	KitA
DatasetA_sample011	G135	0.752324	DatasetA	KitA
DatasetA_sample011	G136	0.616227	DatasetA	KitA
DatasetA_sample011	G138	0.187135	DatasetA	KitA
DatasetA_sample011	G139	0.516786	DatasetA	KitA
DatasetA_sample011	G140	0.366002	DatasetA	KitA
DatasetA_sample011	G141	0.128896	DatasetA	KitA
DatasetA_sample011	G142	0.434788	DatasetA	KitA
DatasetA_sample011	G143	0.742783	DatasetA	KitA
DatasetA_sample011	G145	0.340608	DatasetA	KitA
DatasetA_sample011	G146	0.674671	DatasetA	KitA
DatasetA_sample011	G148	0.457305	DatasetA	KitA
DatasetA_sample011	G149	0.217077	DatasetA	KitA
DatasetA_sample011	G150	0.294562	DatasetA	KitA
DatasetA_sample011	G154	0.564636	DatasetA	KitA
DatasetA_sample011	G155	0.517624	DatasetA	KitA
DatasetA_sample011	G156	0.360423	DatasetA	KitA
DatasetA_sample011	G157	0.632348	DatasetA	KitA
DatasetA_sample011	G159	0.348454	DatasetA	KitA
DatasetA_sample011	G163	0.223348	DatasetA	KitA
DatasetA_sample011	G165	0.42652	DatasetA	KitA
DatasetA_sample011	G167	0.588262	DatasetA	KitA
DatasetA_sample011	G168	0.439449	DatasetA	KitA
DatasetA_sample011	G175	0.369452	DatasetA	KitA
DatasetA_sample011	G176	0.027984	DatasetA	KitA
DatasetA_sample011	G179	0.655856	DatasetA	KitA
DatasetA_sample011	G180	0.653907	DatasetA	KitA
DatasetA_sample011	G182	0.13045	DatasetA	KitA
DatasetA_sample011	G183	0.473651	DatasetA	KitA
DatasetA_sample011	G187	0.265357	DatasetA	KitA
DatasetA_sample011	G188	0.14232	DatasetA	KitA
DatasetA_sample011	G189	0.346886	DatasetA	KitA
DatasetA_sample011	G195	0.293805	DatasetA	KitA
DatasetA_sample012	G001	0.573229	DatasetA	KitA
DatasetA_sample012	G002	0.973899	DatasetA	KitA
DatasetA_sample012	G003	0.742013	DatasetA	KitA
DatasetA_sample012	G004	0.549836	DatasetA	KitA
DatasetA_sample012	G005	0.796886	DatasetA	KitA
DatasetA_sample012	G006	0.907635	DatasetA	KitA
DatasetA_sample012	G007	0.728976	DatasetA	KitA
DatasetA_sample012	G008	0.57182	DatasetA	KitA
DatasetA_sample012	G009	0.679153	DatasetA	KitA
DatasetA_sample012	G010	0.908324	DatasetA	KitA
DatasetA_sample012	G011	0.868357	DatasetA	KitA
DatasetA_sample012	G012	0.61968	DatasetA	KitA
DatasetA_sample012	G013	0.681972	DatasetA	KitA
DatasetA_sample012	G014	0.786439	DatasetA	KitA
DatasetA_sample012	G015	0.854852	DatasetA	KitA
DatasetA_sample012	G016	0.807183	DatasetA	KitA
DatasetA_sample012	G017	0.813708	DatasetA	KitA
DatasetA_sample012	G018	0.596852	DatasetA	KitA
DatasetA_sample012	G019	0.879049	DatasetA	KitA
DatasetA_sample012	G020	0.98377	DatasetA	KitA
DatasetA_sample012	G021	0.795033	DatasetA	KitA
DatasetA_sample012	G022	0.705073	DatasetA	KitA
DatasetA_sample012	G023	0.421012	DatasetA	KitA
DatasetA_sample012	G024	0.737433	DatasetA	KitA
DatasetA_sample012	G025	0.377235	DatasetA	KitA
DatasetA_sample012	G026	0.73008	DatasetA	KitA
DatasetA_sample012	G027	0.43511	DatasetA	KitA
DatasetA_sample012	G028	0.884878	DatasetA	KitA
DatasetA_sample012	G029	0.460517	DatasetA	KitA
DatasetA_sample012	G030	0.732545	DatasetA	KitA
DatasetA_sample012	G031	0.786036	DatasetA	KitA
DatasetA_sample012	G032	0.3993	DatasetA	KitA
DatasetA_sample012	G033	0.666957	DatasetA	KitA
DatasetA_sample012	G034	0.972311	DatasetA	KitA
DatasetA_sample012	G035	0.461388	DatasetA	KitA
DatasetA_sample012	G036	0.581725	DatasetA	KitA
DatasetA_sample012	G037	0.724881	DatasetA	KitA
DatasetA_sample012	G038	0.659267	DatasetA	KitA
DatasetA_sample012	G039	0.935464	DatasetA	KitA
DatasetA_sample012	G040	0.844627	DatasetA	KitA
DatasetA_sample012	G041	0.769868	DatasetA	KitA
DatasetA_sample012	G042	0.368746	DatasetA	KitA
DatasetA_sample012	G043	0.711258	DatasetA	KitA
DatasetA_sample012	G044	0.834228	DatasetA	KitA
DatasetA_sample012	G045	0.715565	DatasetA	KitA
DatasetA_sample012	G046	0.571041	DatasetA	KitA
DatasetA_sample012	G047	0.711048	DatasetA	KitA
DatasetA_sample012	G048	0.721032	DatasetA	KitA
DatasetA_sample012	G049	0.52942	DatasetA	KitA
DatasetA_sample012	G050	0.84564	DatasetA	KitA
DatasetA_sample012	G081	0.188455	DatasetA	KitA
DatasetA_sample012	G082	0.419213	DatasetA	KitA
DatasetA_sample012	G083	0.494831	DatasetA	KitA
DatasetA_sample012	G084	0.412827	DatasetA	KitA
DatasetA_sample012	G085	0.767673	DatasetA	KitA
DatasetA_sample012	G086	0.75491	DatasetA	KitA
DatasetA_sample012	G087	0.643754	DatasetA	KitA
DatasetA_sample012	G088	0.828064	DatasetA	KitA
DatasetA_sample012	G089	0.345462	DatasetA	KitA
DatasetA_sample012	G090	0.504444	DatasetA	KitA
DatasetA_sample012	G091	0.338588	DatasetA	KitA
DatasetA_sample012	G092	0.736629	DatasetA	KitA
DatasetA_sample012	G093	0.475372	DatasetA	KitA
DatasetA_sample012	G094	0.382311	DatasetA	KitA
DatasetA_sample012	G095	0.633734	DatasetA	KitA
DatasetA_sample012	G096	0.438885	DatasetA	KitA
DatasetA_sample012	G097	0.451533	DatasetA	KitA
DatasetA_sample012	G098	0.667234	DatasetA	KitA
DatasetA_sample012	G099	0.825908	DatasetA	KitA
DatasetA_sample012	G100	0.829379	DatasetA	KitA
DatasetA_sample012	G101	0.685472	DatasetA	KitA
DatasetA_sample012	G102	0.648654	DatasetA	KitA
DatasetA_sample012	G103	0.595298	DatasetA	KitA
DatasetA_sample012	G104	0.532219	DatasetA	KitA
DatasetA_sample012	G105	0.803278	DatasetA	KitA
DatasetA_sample012	G106	0.674	DatasetA	KitA
DatasetA_sample012	G107	0.72035	DatasetA	KitA
DatasetA_sample012	G108	0.2229	DatasetA	KitA
DatasetA_sample012	G109	0.471792	DatasetA	KitA
DatasetA_sample012	G110	0.959	DatasetA	KitA
DatasetA_sample012	G111	0.799201	DatasetA	KitA
DatasetA_sample012	G112	0.706786	DatasetA	KitA
DatasetA_sample012	G114	0.581689	DatasetA	KitA
DatasetA_sample012	G115	0.705517	DatasetA	KitA
DatasetA_sample012	G116	0.559804	DatasetA	KitA
DatasetA_sample012	G117	0.58233	DatasetA	KitA
DatasetA_sample012	G118	0.479706	DatasetA	KitA
DatasetA_sample012	G119	0.274842	DatasetA	KitA
DatasetA_sample012	G120	0.726119	DatasetA	KitA
DatasetA_sample012	G121	0.948105	DatasetA	KitA
DatasetA_sample012	G122	0.516057	DatasetA	KitA
DatasetA_sample012	G123	0.411878	DatasetA	KitA
DatasetA_sample012	G124	0.70504	DatasetA	KitA
DatasetA_sample012	G125	0.236499	DatasetA	KitA
DatasetA_sample012	G126	0.501004	DatasetA	KitA
DatasetA_sample012	G127	0.60362	DatasetA	KitA
DatasetA_sample012	G128	0.580937	DatasetA	KitA
DatasetA_sample012	G129	0.430923	DatasetA	KitA
DatasetA_sample012	G130	0.379626	DatasetA	KitA
DatasetA_sample012	G131	0.71409	DatasetA	KitA
DatasetA_sample012	G132	0.538355	DatasetA	KitA
DatasetA_sample012	G133	0.788469	DatasetA	KitA
DatasetA_sample012	G134	0.758442	DatasetA	KitA
DatasetA_sample012	G135	0.550312	DatasetA	KitA
DatasetA_sample012	G136	0.750037	DatasetA	KitA
DatasetA_sample012	G137	0.743465	DatasetA	KitA
DatasetA_sample012	G138	0.634216	DatasetA	KitA
DatasetA_sample012	G139	0.603412	DatasetA	KitA
DatasetA_sample012	G140	0.707449	DatasetA	KitA
DatasetA_sample012	G142	0.70792	DatasetA	KitA
DatasetA_sample012	G144	0.626573	DatasetA	KitA
DatasetA_sample012	G145	0.533638	DatasetA	KitA
DatasetA_sample012	G147	0.294939	DatasetA	KitA
DatasetA_sample012	G150	0.690375	DatasetA	KitA
DatasetA_sample012	G151	0.400913	DatasetA	KitA
DatasetA_sample012	G152	0.494583	DatasetA	KitA
DatasetA_sample012	G153	0.431414	DatasetA	KitA
DatasetA_sample012	G155	0.338287	DatasetA	KitA
DatasetA_sample012	G158	0.644888	DatasetA	KitA
DatasetA_sample012	G163	0.166782	DatasetA	KitA
DatasetA_sample012	G164	0.377179	DatasetA	KitA
DatasetA_sample012	G165	0.24767	DatasetA	KitA
DatasetA_sample012	G166	0.253526	DatasetA	KitA
DatasetA_sample012	G167	0.723431	DatasetA	KitA
DatasetA_sample012	G168	0.633739	DatasetA	KitA
DatasetA_sample012	G170	0.531273	DatasetA	KitA
DatasetA_sample012	G180	0.172732	DatasetA	KitA
DatasetA_sample012	G195	0.166962	DatasetA	KitA
DatasetA_sample012	G200	0.378695	DatasetA	KitA
DatasetA_sample013	G001	0.674065	DatasetA	KitA
DatasetA_sample013	G002	0.260577	DatasetA	KitA
DatasetA_sample013	G003	0.476446	DatasetA	KitA
DatasetA_sample013	G004	0.936919	DatasetA	KitA
DatasetA_sample013	G005	0.854656	DatasetA	KitA
DatasetA_sample013	G006	0.862678	DatasetA	KitA
DatasetA_sample013	G007	0.888496	DatasetA	KitA
DatasetA_sample013	G008	0.5116	DatasetA	KitA
DatasetA_sample013	G009	0.742738	DatasetA	KitA
DatasetA_sample013	G010	0.88615	DatasetA	KitA
DatasetA_sample013	G011	0.713728	DatasetA	KitA
DatasetA_sample013	G012	0.355039	DatasetA	KitA
DatasetA_sample013	G013	0.587651	DatasetA	KitA
DatasetA_sample013	G014	0.696197	DatasetA	KitA
DatasetA_sample013	G015	0.481202	DatasetA	KitA
DatasetA_sample013	G016	0.879667	DatasetA	KitA
DatasetA_sample013	G017	0.791162	DatasetA	KitA
DatasetA_sample013	G018	0.674526	DatasetA	KitA
DatasetA_sample013	G019	0.604016	DatasetA	KitA
DatasetA_sample013	G020	0.629638	DatasetA	KitA
DatasetA_sample013	G021	0.734356	DatasetA	KitA
DatasetA_sample013	G022	0.618746	DatasetA	KitA
DatasetA_sample013	G023	0.97768	DatasetA	KitA
DatasetA_sample013	G024	0.813067	DatasetA	KitA
DatasetA_sample013	G025	0.269512	DatasetA	KitA
DatasetA_sample013	G026	0.651224	DatasetA	KitA
DatasetA_sample013	G027	0.723616	DatasetA	KitA
DatasetA_sample013	G028	0.675521	DatasetA	KitA
DatasetA_sample013	G029	0.703625	DatasetA	KitA
DatasetA_sample013	G030	0.469462	DatasetA	KitA
DatasetA_sample013	G031	0.799151	DatasetA	KitA
DatasetA_sample013	G032	0.784819	DatasetA	KitA
DatasetA_sample013	G033	0.586293	DatasetA	KitA
DatasetA_sample013	G034	0.820638	DatasetA	KitA
DatasetA_sample013	G035	0.692823	DatasetA	KitA
DatasetA_sample013	G036	0.853075	DatasetA	KitA
DatasetA_sample013	G037	0.433493	DatasetA	KitA
DatasetA_sample013	G038	0.9573	DatasetA	KitA
DatasetA_sample013	G039	0.505491	DatasetA	KitA
DatasetA_sample013	G040	0.621139	DatasetA	KitA
DatasetA_sample013	G041	0.554027	DatasetA	KitA
DatasetA_sample013	G042	0.578633	DatasetA	KitA
DatasetA_sample013	G043	0.750277	DatasetA	KitA
DatasetA_sample013	G044	0.245191	DatasetA	KitA
DatasetA_sample013	G045	0.874422	DatasetA	KitA
DatasetA_sample013	G046	0.801696	DatasetA	KitA
DatasetA_sample013	G047	0.529882	DatasetA	KitA
DatasetA_sample013	G048	0.510488	DatasetA	KitA
DatasetA_sample013	G049	0.760642	DatasetA	KitA
DatasetA_sample013	G050	0.836219	DatasetA	KitA
DatasetA_sample013	G081	0.701166	DatasetA	KitA
DatasetA_sample013	G082	0.578217	DatasetA	KitA
DatasetA_sample013	G083	0.83871	DatasetA	KitA
DatasetA_sample013	G084	0.579246	DatasetA	KitA
DatasetA_sample013	G085	0.59047	DatasetA	KitA
DatasetA_sample013	G086	0.938561	DatasetA	KitA
DatasetA_sample013	G087	0.874357	DatasetA	KitA
DatasetA_sample013	G088	0.245796	DatasetA	KitA
DatasetA_sample013	G089	0.603619	DatasetA	KitA
DatasetA_sample013	G090	0.604015	DatasetA	KitA
DatasetA_sample013	G091	0.39447	DatasetA	KitA
DatasetA_sample013	G092	0.503104	DatasetA	KitA
DatasetA_sample013	G093	0.532006	DatasetA	KitA
DatasetA_sample013	G094	0.636682	DatasetA	KitA
DatasetA_sample013	G095	0.397027	DatasetA	KitA
DatasetA_sample013	G096	0.653408	DatasetA	KitA
DatasetA_sample013	G097	0.90826	DatasetA	KitA
DatasetA_sample013	G098	0.490153	DatasetA	KitA
DatasetA_sample013	G099	0.574919	DatasetA	KitA
DatasetA_sample013	G100	0.547754	DatasetA	KitA
DatasetA_sample013	G101	0.646944	DatasetA	KitA
DatasetA_sample013	G102	0.654826	DatasetA	KitA
DatasetA_sample013	G103	0.246921	DatasetA	KitA
DatasetA_sample013	G104	0.734352	DatasetA	KitA
DatasetA_sample013	G105	0.325395	DatasetA	KitA
DatasetA_sample013	G106	0.301393	DatasetA	KitA
DatasetA_sample013	G107	0.340702	DatasetA	KitA
DatasetA_sample013	G108	0.879317	DatasetA	KitA
DatasetA_sample013	G109	0.489074	DatasetA	KitA
DatasetA_sample013	G110	0.438223	DatasetA	KitA
DatasetA_sample013	G111	0.430108	DatasetA	KitA
DatasetA_sample013	G112	0.736075	DatasetA	KitA
DatasetA_sample013	G113	0.701289	DatasetA	KitA
DatasetA_sample013	G114	0.709194	DatasetA	KitA
DatasetA_sample013	G115	0.466074	DatasetA	KitA
DatasetA_sample013	G116	0.550156	DatasetA	KitA
DatasetA_sample013	G117	0.419157	DatasetA	KitA
DatasetA_sample013	G118	0.600031	DatasetA	KitA
DatasetA_sample013	G119	0.671352	DatasetA	KitA
DatasetA_sample013	G120	0.517238	DatasetA	KitA
DatasetA_sample013	G121	0.761599	DatasetA	KitA
DatasetA_sample013	G122	0.543259	DatasetA	KitA
DatasetA_sample013	G123	0.487025	DatasetA	KitA
DatasetA_sample013	G124	0.801268	DatasetA	KitA
DatasetA_sample013	G125	0.58253	DatasetA	KitA
DatasetA_sample013	G126	0.407361	DatasetA	KitA
DatasetA_sample013	G127	0.431077	DatasetA	KitA
DatasetA_sample013	G128	0.660235	DatasetA	KitA
DatasetA_sample013	G129	0.709256	DatasetA	KitA
DatasetA_sample013	G130	0.406176	DatasetA	KitA
DatasetA_sample013	G131	0.587688	DatasetA	KitA
DatasetA_sample013	G132	0.875702	DatasetA	KitA
DatasetA_sample013	G133	0.561958	DatasetA	KitA
DatasetA_sample013	G134	0.669535	DatasetA	KitA
DatasetA_sample013	G135	0.469294	DatasetA	KitA
DatasetA_sample013	G136	0.75871	DatasetA	KitA
DatasetA_sample013	G137	0.615795	DatasetA	KitA
DatasetA_sample013	G138	0.436717	DatasetA	KitA
DatasetA_sample013	G139	0.525171	DatasetA	KitA
DatasetA_sample013	G140	0.43075	DatasetA	KitA
DatasetA_sample013	G141	0.223472	DatasetA	KitA
DatasetA_sample013	G142	0.240137	DatasetA	KitA
DatasetA_sample013	G143	0.224861	DatasetA	KitA
DatasetA_sample013	G145	0.71953	DatasetA	KitA
DatasetA_sample013	G146	0.453283	DatasetA	KitA
DatasetA_sample013	G149	0.44058	DatasetA	KitA
DatasetA_sample013	G150	0.583903	DatasetA	KitA
DatasetA_sample013	G152	0.58826	DatasetA	KitA
DatasetA_sample013	G153	0.680241	DatasetA	KitA
DatasetA_sample013	G157	0.547913	DatasetA	KitA
DatasetA_sample013	G158	0.655712	DatasetA	KitA
DatasetA_sample013	G160	0.357219	DatasetA	KitA
DatasetA_sample013	G161	0.350201	DatasetA	KitA
DatasetA_sample013	G162	0.636358	DatasetA	KitA
DatasetA_sample013	G163	0.549274	DatasetA	KitA
DatasetA_sample013	G165	0.530425	DatasetA	KitA
DatasetA_sample013	G166	0.595511	DatasetA	KitA
DatasetA_sample013	G167	0.633795	DatasetA	KitA
DatasetA_sample013	G169	0.242837	DatasetA	KitA
DatasetA_sample013	G170	0.332347	DatasetA	KitA
DatasetA_sample013	G177	0.291924	DatasetA	KitA
DatasetA_sample013	G183	0.198353	DatasetA	KitA
DatasetA_sample013	G185	0.168304	DatasetA	KitA
DatasetA_sample013	G188	0.232503	DatasetA	KitA
DatasetA_sample013	G199	0.455871	DatasetA	KitA
DatasetA_sample013	G200	0.419871	DatasetA	KitA
DatasetA_sample014	G001	0.740384	DatasetA	KitA
DatasetA_sample014	G002	0.819361	DatasetA	KitA
DatasetA_sample014	G003	0.876175	DatasetA	KitA
DatasetA_sample014	G004	0.954105	DatasetA	KitA
DatasetA_sample014	G005	0.842999	DatasetA	KitA
DatasetA_sample014	G006	0.857716	DatasetA	KitA
DatasetA_sample014	G007	0.753931	DatasetA	KitA
DatasetA_sample014	G008	0.851995	DatasetA	KitA
DatasetA_sample014	G009	0.71484	DatasetA	KitA
DatasetA_sample014	G010	0.790927	DatasetA	KitA
DatasetA_sample014	G011	0.617768	DatasetA	KitA
DatasetA_sample014	G012	0.871146	DatasetA	KitA
DatasetA_sample014	G013	0.494375	DatasetA	KitA
DatasetA_sample014	G014	0.769136	DatasetA	KitA
DatasetA_sample014	G015	0.683181	DatasetA	KitA
DatasetA_sample014	G016	0.777904	DatasetA	KitA
DatasetA_sample014	G017	0.950553	DatasetA	KitA
DatasetA_sample014	G018	0.880758	DatasetA	KitA
DatasetA_sample014	G019	0.612192	DatasetA	KitA
DatasetA_sample014	G020	0.882202	DatasetA	KitA
DatasetA_sample014	G021	0.894598	DatasetA	KitA
DatasetA_sample014	G022	0.742346	DatasetA	KitA
DatasetA_sample014	G023	0.884745	DatasetA	KitA
DatasetA_sample014	G024	0.746309	DatasetA	KitA
DatasetA_sample014	G025	0.67652	DatasetA	KitA
DatasetA_sample014	G026	0.758956	DatasetA	KitA
DatasetA_sample014	G027	0.800934	DatasetA	KitA
DatasetA_sample014	G028	0.857617	DatasetA	KitA
DatasetA_sample014	G029	0.708615	DatasetA	KitA
DatasetA_sample014	G030	0.721131	DatasetA	KitA
DatasetA_sample014	G031	0.531147	DatasetA	KitA
DatasetA_sample014	G032	0.741152	DatasetA	KitA
DatasetA_sample014	G033	0.656118	DatasetA	KitA
DatasetA_sample014	G034	0.626101	DatasetA	KitA
DatasetA_sample014	G035	0.484606	DatasetA	KitA
DatasetA_sample014	G036	0.912044	DatasetA	KitA
DatasetA_sample014	G037	0.958846	DatasetA	KitA
DatasetA_sample014	G038	0.602414	DatasetA	KitA
DatasetA_sample014	G039	0.839618	DatasetA	KitA
DatasetA_sample014	G040	0.632708	DatasetA	KitA
DatasetA_sample014	G041	0.562664	DatasetA	KitA
DatasetA_sample014	G042	0.253554	DatasetA	KitA
DatasetA_sample014	G043	0.615883	DatasetA	KitA
DatasetA_sample014	G044	0.788533	DatasetA	KitA
DatasetA_sample014	G045	0.681802	DatasetA	KitA
DatasetA_sample014	G046	0.743311	DatasetA	KitA
DatasetA_sample014	G047	0.143006	DatasetA	KitA
DatasetA_sample014	G048	0.486472	DatasetA	KitA
DatasetA_sample014	G049	0.862383	DatasetA	KitA
DatasetA_sample014	G050	0.724992	DatasetA	KitA
DatasetA_sample014	G081	0.296877	DatasetA	KitA
DatasetA_sample014	G082	0.621392	DatasetA	KitA
DatasetA_sample014	G083	0.701592	DatasetA	KitA
DatasetA_sample014	G084	0.745119	DatasetA	KitA
DatasetA_sample014	G085	0.352504	DatasetA	KitA
DatasetA_sample014	G086	0.632496	DatasetA	KitA
DatasetA_sample014	G087	0.542082	DatasetA	KitA
DatasetA_sample014	G088	0.514883	DatasetA	KitA
DatasetA_sample014	G089	0.893454	DatasetA	KitA
DatasetA_sample014	G090	0.529824	DatasetA	KitA
DatasetA_sample014	G091	0.659673	DatasetA	KitA
DatasetA_sample014	G092	0.549582	DatasetA	KitA
DatasetA_sample014	G093	0.699258	DatasetA	KitA
DatasetA_sample014	G094	0.438078	DatasetA	KitA
DatasetA_sample014	G095	0.788248	DatasetA	KitA
DatasetA_sample014	G096	0.788622	DatasetA	KitA
DatasetA_sample014	G097	0.706511	DatasetA	KitA
DatasetA_sample014	G098	0.397037	DatasetA	KitA
DatasetA_sample014	G099	0.228489	DatasetA	KitA
DatasetA_sample014	G100	0.314873	DatasetA	KitA
DatasetA_sample014	G101	0.283206	DatasetA	KitA
DatasetA_sample014	G102	0.688228	DatasetA	KitA
DatasetA_sample014	G103	0.216163	DatasetA	KitA
DatasetA_sample014	G104	0.431391	DatasetA	KitA
DatasetA_sample014	G105	0.304683	DatasetA	KitA
DatasetA_sample014	G106	0.644355	DatasetA	KitA
DatasetA_sample014	G107	0.184999	DatasetA	KitA
DatasetA_sample014	G108	0.571489	DatasetA	KitA
DatasetA_sample014	G109	0.566474	DatasetA	KitA
DatasetA_sample014	G110	0.60492	DatasetA	KitA
DatasetA_sample014	G111	0.741691	DatasetA	KitA
DatasetA_sample014	G112	0.691363	DatasetA	KitA
DatasetA_sample014	G113	0.401986	DatasetA	KitA
DatasetA_sample014	G114	0.44278	DatasetA	KitA
DatasetA_sample014	G115	0.599674	DatasetA	KitA
DatasetA_sample014	G116	0.803786	DatasetA	KitA
DatasetA_sample014	G117	0.275293	DatasetA	KitA
DatasetA_sample014	G118	0.113643	DatasetA	KitA
DatasetA_sample014	G119	0.56646	DatasetA	KitA
DatasetA_sample014	G120	0.316624	DatasetA	KitA
DatasetA_sample014	G121	0.201453	DatasetA	KitA
DatasetA_sample014	G122	0.441034	DatasetA	KitA
DatasetA_sample014	G123	0.673964	DatasetA	KitA
DatasetA_sample014	G124	0.528403	DatasetA	KitA
DatasetA_sample014	G125	0.223622	DatasetA	KitA
DatasetA_sample014	G126	0.364143	DatasetA	KitA
DatasetA_sample014	G127	0.478945	DatasetA	KitA
DatasetA_sample014	G128	0.791951	DatasetA	KitA
DatasetA_sample014	G129	0.626619	DatasetA	KitA
DatasetA_sample014	G130	0.472699	DatasetA	KitA
DatasetA_sample014	G132	0.614297	DatasetA	KitA
DatasetA_sample014	G133	0.508717	DatasetA	KitA
DatasetA_sample014	G134	0.245468	DatasetA	KitA
DatasetA_sample014	G135	0.607053	DatasetA	KitA
DatasetA_sample014	G136	0.375376	DatasetA	KitA
DatasetA_sample014	G137	0.318666	DatasetA	KitA
DatasetA_sample014	G138	0.307727	DatasetA	KitA
DatasetA_sample014	G139	0.367673	DatasetA	KitA
DatasetA_sample014	G140	0.254216	DatasetA	KitA
DatasetA_sample014	G142	0.372437	DatasetA	KitA
DatasetA_sample014	G144	0.18483	DatasetA	KitA
DatasetA_sample014	G147	0.425122	DatasetA	KitA
DatasetA_sample014	G148	0.384709	DatasetA	KitA
DatasetA_sample014	G149	0.721143	DatasetA	KitA
DatasetA_sample014	G150	0.337681	DatasetA	KitA
DatasetA_sample014	G151	0.283285	DatasetA	KitA
DatasetA_sample014	G152	0.500862	DatasetA	KitA
DatasetA_sample014	G153	0.344253	DatasetA	KitA
DatasetA_sample014	G154	0.642427	DatasetA	KitA
DatasetA_sample014	G157	0.743189	DatasetA	KitA
DatasetA_sample014	G158	0.291653	DatasetA	KitA
DatasetA_sample014	G159	0.396326	DatasetA	KitA
DatasetA_sample014	G162	0.483615	DatasetA	KitA
DatasetA_sample014	G163	0.37129	DatasetA	KitA
DatasetA_sample014	G164	0.879733	DatasetA	KitA
DatasetA_sample014	G165	0.271423	DatasetA	KitA
DatasetA_sample014	G168	0.14488	DatasetA	KitA
DatasetA_sample014	G169	0.363097	DatasetA	KitA
DatasetA_sample014	G170	0.240791	DatasetA	KitA
DatasetA_sample014	G173	0.221696	DatasetA	KitA
DatasetA_sample014	G182	0.308532	DatasetA	KitA
DatasetA_sample014	G186	0.384626	DatasetA	KitA
DatasetA_sample014	G190	0.411182	DatasetA	KitA
DatasetA_sample014	G191	0.20324	DatasetA	KitA
DatasetA_sample014	G192	0.049734	DatasetA	KitA
DatasetA_sample014	G194	0.651007	DatasetA	KitA
DatasetA_sample014	G197	0.241601	DatasetA	KitA
DatasetA_sample014	G200	0.162817	DatasetA	KitA
DatasetA_sample015	G001	0.988072	DatasetA	KitA
DatasetA_sample015	G002	0.853544	DatasetA	KitA
DatasetA_sample015	G003	0.49128	DatasetA	KitA
DatasetA_sample015	G004	0.904182	DatasetA	KitA
DatasetA_sample015	G005	0.679131	DatasetA	KitA
DatasetA_sample015	G006	0.757732	DatasetA	KitA
DatasetA_sample015	G007	0.674044	DatasetA	KitA
DatasetA_sample015	G008	0.600974	DatasetA	KitA
DatasetA_sample015	G009	0.684661	DatasetA	KitA
DatasetA_sample015	G010	0.746235	DatasetA	KitA
DatasetA_sample015	G011	0.929475	DatasetA	KitA
DatasetA_sample015	G012	0.861718	DatasetA	KitA
DatasetA_sample015	G013	0.482085	DatasetA	KitA
DatasetA_sample015	G014	0.694298	DatasetA	KitA
DatasetA_sample015	G015	0.764539	DatasetA	KitA
DatasetA_sample015	G016	0.522487	DatasetA	KitA
DatasetA_sample015	G017	0.649971	DatasetA	KitA
DatasetA_sample015	G018	0.962314	DatasetA	KitA
DatasetA_sample015	G019	0.94361	DatasetA	KitA
DatasetA_sample015	G020	0.685644	DatasetA	KitA
DatasetA_sample015	G021	0.737206	DatasetA	KitA
DatasetA_sample015	G022	0.72566	DatasetA	KitA
DatasetA_sample015	G023	0.713359	DatasetA	KitA
DatasetA_sample015	G024	0.666043	DatasetA	KitA
DatasetA_sample015	G025	0.70559	DatasetA	KitA
DatasetA_sample015	G026	0.679453	DatasetA	KitA
DatasetA_sample015	G027	0.526656	DatasetA	KitA
DatasetA_sample015	G028	0.820107	DatasetA	KitA
DatasetA_sample015	G029	0.548167	DatasetA	KitA
DatasetA_sample015	G030	0.439398	DatasetA	KitA
DatasetA_sample015	G031	0.849845	DatasetA	KitA
DatasetA_sample015	G032	0.788298	DatasetA	KitA
DatasetA_sample015	G033	0.486068	DatasetA	KitA
DatasetA_sample015	G034	0.830071	DatasetA	KitA
DatasetA_sample015	G035	0.869502	DatasetA	KitA
DatasetA_sample015	G036	0.331593	DatasetA	KitA
DatasetA_sample015	G037	0.676626	DatasetA	KitA
DatasetA_sample015	G038	0.592289	DatasetA	KitA
DatasetA_sample015	G039	0.761809	DatasetA	KitA
DatasetA_sample015	G040	0.828845	DatasetA	KitA
DatasetA_sample015	G041	0.763812	DatasetA	KitA
DatasetA_sample015	G042	0.600662	DatasetA	KitA
DatasetA_sample015	G043	0.868545	DatasetA	KitA
DatasetA_sample015	G044	0.786136	DatasetA	KitA
DatasetA_sample015	G045	0.599345	DatasetA	KitA
DatasetA_sample015	G046	0.873227	DatasetA	KitA
DatasetA_sample015	G047	0.872874	DatasetA	KitA
DatasetA_sample015	G048	0.347273	DatasetA	KitA
DatasetA_sample015	G049	0.893665	DatasetA	KitA
DatasetA_sample015	G050	0.720393	DatasetA	KitA
DatasetA_sample015	G081	0.413311	DatasetA	KitA
DatasetA_sample015	G082	0.542275	DatasetA	KitA
DatasetA_sample015	G083	0.69907	DatasetA	KitA
DatasetA_sample015	G084	0.728316	DatasetA	KitA
DatasetA_sample015	G085	0.577486	DatasetA	KitA
DatasetA_sample015	G086	0.646465	DatasetA	KitA
DatasetA_sample015	G087	0.786428	DatasetA	KitA
DatasetA_sample015	G088	0.724869	DatasetA	KitA
DatasetA_sample015	G089	0.318517	DatasetA	KitA
DatasetA_sample015	G090	0.661859	DatasetA	KitA
DatasetA_sample015	G091	0.441061	DatasetA	KitA
DatasetA_sample015	G092	0.715047	DatasetA	KitA
DatasetA_sample015	G093	0.432288	DatasetA	KitA
DatasetA_sample015	G094	0.921104	DatasetA	KitA
DatasetA_sample015	G095	0.565902	DatasetA	KitA
DatasetA_sample015	G096	0.449963	DatasetA	KitA
DatasetA_sample015	G097	0.845145	DatasetA	KitA
DatasetA_sample015	G098	0.768687	DatasetA	KitA
DatasetA_sample015	G099	0.504075	DatasetA	KitA
DatasetA_sample015	G100	0.666032	DatasetA	KitA
DatasetA_sample015	G101	0.260588	DatasetA	KitA
DatasetA_sample015	G102	0.411326	DatasetA	KitA
DatasetA_sample015	G103	0.304848	DatasetA	KitA
DatasetA_sample015	G104	0.656976	DatasetA	KitA
DatasetA_sample015	G105	0.492001	DatasetA	KitA
DatasetA_sample015	G106	0.307686	DatasetA	KitA
DatasetA_sample015	G107	0.941621	DatasetA	KitA
DatasetA_sample015	G108	0.763407	DatasetA	KitA
DatasetA_sample015	G109	0.584195	DatasetA	KitA
DatasetA_sample015	G110	0.522732	DatasetA	KitA
DatasetA_sample015	G111	0.70759	DatasetA	KitA
DatasetA_sample015	G112	0.517504	DatasetA	KitA
DatasetA_sample015	G113	0.341253	DatasetA	KitA
DatasetA_sample015	G114	0.424377	DatasetA	KitA
DatasetA_sample015	G115	0.771514	DatasetA	KitA
DatasetA_sample015	G116	0.487508	DatasetA	KitA
DatasetA_sample015	G117	0.438062	DatasetA	KitA
DatasetA_sample015	G118	0.58517	DatasetA	KitA
DatasetA_sample015	G119	0.485231	DatasetA	KitA
DatasetA_sample015	G120	0.46431	DatasetA	KitA
DatasetA_sample015	G121	0.205224	DatasetA	KitA
DatasetA_sample015	G122	0.659874	DatasetA	KitA
DatasetA_sample015	G123	0.817036	DatasetA	KitA
DatasetA_sample015	G124	0.706235	DatasetA	KitA
DatasetA_sample015	G125	0.723953	DatasetA	KitA
DatasetA_sample015	G126	0.460727	DatasetA	KitA
DatasetA_sample015	G127	0.3476	DatasetA	KitA
DatasetA_sample015	G128	0.21905	DatasetA	KitA
DatasetA_sample015	G129	0.61518	DatasetA	KitA
DatasetA_sample015	G130	0.589419	DatasetA	KitA
DatasetA_sample015	G131	0.509686	DatasetA	KitA
DatasetA_sample015	G132	0.804128	DatasetA	KitA
DatasetA_sample015	G133	0.735617	DatasetA	KitA
DatasetA_sample015	G134	0.60574	DatasetA	KitA
DatasetA_sample015	G135	0.643032	DatasetA	KitA
DatasetA_sample015	G136	0.343475	DatasetA	KitA
DatasetA_sample015	G137	0.53524	DatasetA	KitA
DatasetA_sample015	G138	0.703789	DatasetA	KitA
DatasetA_sample015	G139	0.647572	DatasetA	KitA
DatasetA_sample015	G140	0.645795	DatasetA	KitA
DatasetA_sample015	G142	0.274558	DatasetA	KitA
DatasetA_sample015	G143	0.324521	DatasetA	KitA
DatasetA_sample015	G145	0.408111	DatasetA	KitA
DatasetA_sample015	G146	0.271607	DatasetA	KitA
DatasetA_sample015	G148	0.176338	DatasetA	KitA
DatasetA_sample015	G149	0.459329	DatasetA	KitA
DatasetA_sample015	G151	0.576161	DatasetA	KitA
DatasetA_sample015	G152	0.477939	DatasetA	KitA
DatasetA_sample015	G153	0.430697	DatasetA	KitA
DatasetA_sample015	G154	0.50059	DatasetA	KitA
DatasetA_sample015	G160	0.48972	DatasetA	KitA
DatasetA_sample015	G161	0.440831	DatasetA	KitA
DatasetA_sample015	G163	0.172249	DatasetA	KitA
DatasetA_sample015	G164	0.514483	DatasetA	KitA
DatasetA_sample015	G165	0.690236	DatasetA	KitA
DatasetA_sample015	G166	0.202109	DatasetA	KitA
DatasetA_sample015	G169	0.671334	DatasetA	KitA
DatasetA_sample015	G170	0.341167	DatasetA	KitA
DatasetA_sample015	G171	0.325783	DatasetA	KitA
DatasetA_sample015	G172	0.629777	DatasetA	KitA
DatasetA_sample015	G175	0.071264	DatasetA	KitA
DatasetA_sample015	G176	0.205076	DatasetA	KitA
DatasetA_sample015	G178	0.132198	DatasetA	KitA
DatasetA_sample015	G180	0.109705	DatasetA	KitA
DatasetA_sample015	G182	0.474158	DatasetA	KitA
DatasetA_sample015	G189	0.296016	DatasetA	KitA
DatasetA_sample015	G192	0.329923	DatasetA	KitA
DatasetA_sample015	G193	0.715367	DatasetA	KitA
DatasetA_sample015	G196	0.060724	DatasetA	KitA
DatasetA_sample015	G197	0.163131	DatasetA	KitA
DatasetA_sample015	G200	0.150037	DatasetA	KitA
DatasetA_sample016	G001	0.841783	DatasetA	KitA
DatasetA_sample016	G002	0.529711	DatasetA	KitA
DatasetA_sample016	G003	0.69411	DatasetA	KitA
DatasetA_sample016	G004	0.793563	DatasetA	KitA
DatasetA_sample016	G005	0.773174	DatasetA	KitA
DatasetA_sample016	G006	0.633099	DatasetA	KitA
DatasetA_sample016	G007	0.668413	DatasetA	KitA
DatasetA_sample016	G008	0.461371	DatasetA	KitA
DatasetA_sample016	G009	0.486735	DatasetA	KitA
DatasetA_sample016	G010	0.537567	DatasetA	KitA
DatasetA_sample016	G011	0.816304	DatasetA	KitA
DatasetA_sample016	G012	0.570985	DatasetA	KitA
DatasetA_sample016	G013	0.69532	DatasetA	KitA
DatasetA_sample016	G014	0.779516	DatasetA	KitA
DatasetA_sample016	G015	0.620427	DatasetA	KitA
DatasetA_sample016	G016	0.601318	DatasetA	KitA
DatasetA_sample016	G017	0.683692	DatasetA	KitA
DatasetA_sample016	G018	0.886248	DatasetA	KitA
DatasetA_sample016	G019	0.831704	DatasetA	KitA
DatasetA_sample016	G020	0.895447	DatasetA	KitA
DatasetA_sample016	G021	0.928194	DatasetA	KitA
DatasetA_sample016	G022	0.656405	DatasetA	KitA
DatasetA_sample016	G023	0.73676	DatasetA	KitA
DatasetA_sample016	G024	0.782518	DatasetA	KitA
DatasetA_sample016	G025	0.538997	DatasetA	KitA
DatasetA_sample016	G026	0.681071	DatasetA	KitA
DatasetA_sample016	G027	0.689031	DatasetA	KitA
DatasetA_sample016	G028	0.650654	DatasetA	KitA
DatasetA_sample016	G029	0.700524	DatasetA	KitA
DatasetA_sample016	G030	0.754094	DatasetA	KitA
DatasetA_sample016	G031	0.73993	DatasetA	KitA
DatasetA_sample016	G032	0.845553	DatasetA	KitA
DatasetA_sample016	G033	0.557854	DatasetA	KitA
DatasetA_sample016	G034	0.795355	DatasetA	KitA
DatasetA_sample016	G035	0.794928	DatasetA	KitA
DatasetA_sample016	G036	0.768036	DatasetA	KitA
DatasetA_sample016	G037	0.542893	DatasetA	KitA
DatasetA_sample016	G038	0.865549	DatasetA	KitA
DatasetA_sample016	G039	0.577117	DatasetA	KitA
DatasetA_sample016	G040	0.910599	DatasetA	KitA
DatasetA_sample016	G041	0.735622	DatasetA	KitA
DatasetA_sample016	G042	0.742779	DatasetA	KitA
DatasetA_sample016	G043	0.59588	DatasetA	KitA
DatasetA_sample016	G044	0.913342	DatasetA	KitA
DatasetA_sample016	G045	0.578413	DatasetA	KitA
DatasetA_sample016	G046	0.884843	DatasetA	KitA
DatasetA_sample016	G047	0.529508	DatasetA	KitA
DatasetA_sample016	G048	0.806469	DatasetA	KitA
DatasetA_sample016	G049	0.783065	DatasetA	KitA
DatasetA_sample016	G050	0.622686	DatasetA	KitA
DatasetA_sample016	G081	0.799003	DatasetA	KitA
DatasetA_sample016	G082	0.532102	DatasetA	KitA
DatasetA_sample016	G083	0.591339	DatasetA	KitA
DatasetA_sample016	G084	0.591368	DatasetA	KitA
DatasetA_sample016	G085	0.806778	DatasetA	KitA
DatasetA_sample016	G086	0.702253	DatasetA	KitA
DatasetA_sample016	G087	0.746381	DatasetA	KitA
DatasetA_sample016	G088	0.41709	DatasetA	KitA
DatasetA_sample016	G089	0.738368	DatasetA	KitA
DatasetA_sample016	G090	0.659076	DatasetA	KitA
DatasetA_sample016	G091	0.734896	DatasetA	KitA
DatasetA_sample016	G092	0.770553	DatasetA	KitA
DatasetA_sample016	G093	0.676902	DatasetA	KitA
DatasetA_sample016	G094	0.679993	DatasetA	KitA
DatasetA_sample016	G095	0.737707	DatasetA	KitA
DatasetA_sample016	G096	0.646711	DatasetA	KitA
DatasetA_sample016	G098	0.605364	DatasetA	KitA
DatasetA_sample016	G099	0.426072	DatasetA	KitA
DatasetA_sample016	G100	0.523591	DatasetA	KitA
DatasetA_sample016	G101	0.349508	DatasetA	KitA
DatasetA_sample016	G102	0.526691	DatasetA	KitA
DatasetA_sample016	G103	0.677819	DatasetA	KitA
DatasetA_sample016	G104	0.730067	DatasetA	KitA
DatasetA_sample016	G105	0.417811	DatasetA	KitA
DatasetA_sample016	G106	0.569474	DatasetA	KitA
DatasetA_sample016	G107	0.173331	DatasetA	KitA
DatasetA_sample016	G108	0.912241	DatasetA	KitA
DatasetA_sample016	G109	0.624634	DatasetA	KitA
DatasetA_sample016	G110	0.428255	DatasetA	KitA
DatasetA_sample016	G111	0.590661	DatasetA	KitA
DatasetA_sample016	G112	0.595204	DatasetA	KitA
DatasetA_sample016	G113	0.370525	DatasetA	KitA
DatasetA_sample016	G114	0.527397	DatasetA	KitA
DatasetA_sample016	G115	0.731038	DatasetA	KitA
DatasetA_sample016	G116	0.123721	DatasetA	KitA
DatasetA_sample016	G117	0.442425	DatasetA	KitA
DatasetA_sample016	G118	0.481445	DatasetA	KitA
DatasetA_sample016	G119	0.724534	DatasetA	KitA
DatasetA_sample016	G120	0.778171	DatasetA	KitA
DatasetA_sample016	G121	0.595774	DatasetA	KitA
DatasetA_sample016	G122	0.747374	DatasetA	KitA
DatasetA_sample016	G123	0.318451	DatasetA	KitA
DatasetA_sample016	G124	0.323279	DatasetA	KitA
DatasetA_sample016	G125	0.73298	DatasetA	KitA
DatasetA_sample016	G126	0.828924	DatasetA	KitA
DatasetA_sample016	G127	0.237465	DatasetA	KitA
DatasetA_sample016	G128	0.37679	DatasetA	KitA
DatasetA_sample016	G130	0.432244	DatasetA	KitA
DatasetA_sample016	G131	0.669143	DatasetA	KitA
DatasetA_sample016	G132	0.252311	DatasetA	KitA
DatasetA_sample016	G133	0.96177	DatasetA	KitA
DatasetA_sample016	G134	0.344079	DatasetA	KitA
DatasetA_sample016	G135	0.4541	DatasetA	KitA
DatasetA_sample016	G136	0.897986	DatasetA	KitA
DatasetA_sample016	G137	0.66167	DatasetA	KitA
DatasetA_sample016	G138	0.615066	DatasetA	KitA
DatasetA_sample016	G139	0.477681	DatasetA	KitA
DatasetA_sample016	G140	0.602349	DatasetA	KitA
DatasetA_sample016	G141	0.544045	DatasetA	KitA
DatasetA_sample016	G144	0.792973	DatasetA	KitA
DatasetA_sample016	G145	0.492732	DatasetA	KitA
DatasetA_sample016	G146	0.596024	DatasetA	KitA
DatasetA_sample016	G149	0.45097	DatasetA	KitA
DatasetA_sample016	G150	0.79105	DatasetA	KitA
DatasetA_sample016	G154	0.610187	DatasetA	KitA
DatasetA_sample016	G155	0.180069	DatasetA	KitA
DatasetA_sample016	G156	0.586141	DatasetA	KitA
DatasetA_sample016	G157	0.196986	DatasetA	KitA
DatasetA_sample016	G158	0.806276	DatasetA	KitA
DatasetA_sample016	G159	0.481716	DatasetA	KitA
DatasetA_sample016	G161	0.429925	DatasetA	KitA
DatasetA_sample016	G162	0.331046	DatasetA	KitA
DatasetA_sample016	G166	0.181971	DatasetA	KitA
DatasetA_sample016	G167	0.321272	DatasetA	KitA
DatasetA_sample016	G168	0.735861	DatasetA	KitA
DatasetA_sample016	G172	0.38265	DatasetA	KitA
DatasetA_sample016	G175	0.392226	DatasetA	KitA
DatasetA_sample016	G184	0.669742	DatasetA	KitA
DatasetA_sample017	G001	0.630213	DatasetA	KitA
DatasetA_sample017	G002	0.741768	DatasetA	KitA
DatasetA_sample017	G003	0.527884	DatasetA	KitA
DatasetA_sample017	G004	0.717585	DatasetA	KitA
DatasetA_sample017	G005	0.610891	DatasetA	KitA
DatasetA_sample017	G006	0.937644	DatasetA	KitA
DatasetA_sample017	G007	0.779552	DatasetA	KitA
DatasetA_sample017	G008	0.886127	DatasetA	KitA
DatasetA_sample017	G009	0.956771	DatasetA	KitA
DatasetA_sample017	G010	0.75315	DatasetA	KitA
DatasetA_sample017	G011	0.934423	DatasetA	KitA
DatasetA_sample017	G012	0.826183	DatasetA	KitA
DatasetA_sample017	G013	0.856678	DatasetA	KitA
DatasetA_sample017	G014	0.758886	DatasetA	KitA
DatasetA_sample017	G015	0.501122	DatasetA	KitA
DatasetA_sample017	G016	0.66719	DatasetA	KitA
DatasetA_sample017	G017	0.535478	DatasetA	KitA
DatasetA_sample017	G018	0.855969	DatasetA	KitA
DatasetA_sample017	G019	0.623146	DatasetA	KitA
DatasetA_sample017	G020	0.763499	DatasetA	KitA
DatasetA_sample017	G021	0.827485	DatasetA	KitA
DatasetA_sample017	G022	0.597566	DatasetA	KitA
DatasetA_sample017	G023	0.688101	DatasetA	KitA
DatasetA_sample017	G024	0.648083	DatasetA	KitA
DatasetA_sample017	G025	0.6664	DatasetA	KitA
DatasetA_sample017	G026	0.951428	DatasetA	KitA
DatasetA_sample017	G027	0.496844	DatasetA	KitA
DatasetA_sample017	G028	0.568381	DatasetA	KitA
DatasetA_sample017	G029	0.621814	DatasetA	KitA
DatasetA_sample017	G030	0.280124	DatasetA	KitA
DatasetA_sample017	G031	0.880362	DatasetA	KitA
DatasetA_sample017	G032	0.59949	DatasetA	KitA
DatasetA_sample017	G033	0.382248	DatasetA	KitA
DatasetA_sample017	G034	0.495918	DatasetA	KitA
DatasetA_sample017	G035	0.647409	DatasetA	KitA
DatasetA_sample017	G036	0.84599	DatasetA	KitA
DatasetA_sample017	G037	0.840905	DatasetA	KitA
DatasetA_sample017	G038	0.587082	DatasetA	KitA
DatasetA_sample017	G039	0.682774	DatasetA	KitA
DatasetA_sample017	G040	0.859866	DatasetA	KitA
DatasetA_sample017	G041	0.833237	DatasetA	KitA
DatasetA_sample017	G042	0.766297	DatasetA	KitA
DatasetA_sample017	G043	0.782311	DatasetA	KitA
DatasetA_sample017	G044	0.745403	DatasetA	KitA
DatasetA_sample017	G045	0.741785	DatasetA	KitA
DatasetA_sample017	G046	0.893613	DatasetA	KitA
DatasetA_sample017	G047	0.954356	DatasetA	KitA
DatasetA_sample017	G048	0.813288	DatasetA	KitA
DatasetA_sample017	G049	0.617988	DatasetA	KitA
DatasetA_sample017	G050	0.74954	DatasetA	KitA
DatasetA_sample017	G081	0.648799	DatasetA	KitA
DatasetA_sample017	G082	0.765868	DatasetA	KitA
DatasetA_sample017	G083	0.41269	DatasetA	KitA
DatasetA_sample017	G084	0.813033	DatasetA	KitA
DatasetA_sample017	G085	0.666061	DatasetA	KitA
DatasetA_sample017	G086	0.498984	DatasetA	KitA
DatasetA_sample017	G087	0.866163	DatasetA	KitA
DatasetA_sample017	G088	0.450472	DatasetA	KitA
DatasetA_sample017	G089	0.81069	DatasetA	KitA
DatasetA_sample017	G090	0.474095	DatasetA	KitA
DatasetA_sample017	G091	0.635048	DatasetA	KitA
DatasetA_sample017	G092	0.371659	DatasetA	KitA
DatasetA_sample017	G093	0.637039	DatasetA	KitA
DatasetA_sample017	G094	0.459931	DatasetA	KitA
DatasetA_sample017	G095	0.838853	DatasetA	KitA
DatasetA_sample017	G096	0.720628	DatasetA	KitA
DatasetA_sample017	G097	0.439474	DatasetA	KitA
DatasetA_sample017	G098	0.615487	DatasetA	KitA
DatasetA_sample017	G099	0.276491	DatasetA	KitA
DatasetA_sample017	G100	0.346098	DatasetA	KitA
DatasetA_sample017	G101	0.540537	DatasetA	KitA
DatasetA_sample017	G102	0.845605	DatasetA	KitA
DatasetA_sample017	G103	0.54696	DatasetA	KitA
DatasetA_sample017	G104	0.568142	DatasetA	KitA
DatasetA_sample017	G105	0.290305	DatasetA	KitA
DatasetA_sample017	G106	0.826617	DatasetA	KitA
DatasetA_sample017	G107	0.502841	DatasetA	KitA
DatasetA_sample017	G108	0.41317	DatasetA	KitA
DatasetA_sample017	G109	0.621697	DatasetA	KitA
DatasetA_sample017	G110	0.660796	DatasetA	KitA
DatasetA_sample017	G111	0.179982	DatasetA	KitA
DatasetA_sample017	G112	0.739648	DatasetA	KitA
DatasetA_sample017	G113	0.564022	DatasetA	KitA
DatasetA_sample017	G114	0.590931	DatasetA	KitA
DatasetA_sample017	G115	0.741975	DatasetA	KitA
DatasetA_sample017	G116	0.475477	DatasetA	KitA
DatasetA_sample017	G117	0.287969	DatasetA	KitA
DatasetA_sample017	G118	0.449842	DatasetA	KitA
DatasetA_sample017	G119	0.487892	DatasetA	KitA
DatasetA_sample017	G120	0.679268	DatasetA	KitA
DatasetA_sample017	G121	0.644935	DatasetA	KitA
DatasetA_sample017	G122	0.330034	DatasetA	KitA
DatasetA_sample017	G123	0.369907	DatasetA	KitA
DatasetA_sample017	G124	0.825974	DatasetA	KitA
DatasetA_sample017	G125	0.644113	DatasetA	KitA
DatasetA_sample017	G126	0.233209	DatasetA	KitA
DatasetA_sample017	G127	0.869285	DatasetA	KitA
DatasetA_sample017	G128	0.683094	DatasetA	KitA
DatasetA_sample017	G129	0.672999	DatasetA	KitA
DatasetA_sample017	G130	0.536472	DatasetA	KitA
DatasetA_sample017	G131	0.411819	DatasetA	KitA
DatasetA_sample017	G132	0.739438	DatasetA	KitA
DatasetA_sample017	G133	0.448016	DatasetA	KitA
DatasetA_sample017	G134	0.551393	DatasetA	KitA
DatasetA_sample017	G135	0.736082	DatasetA	KitA
DatasetA_sample017	G136	0.441285	DatasetA	KitA
DatasetA_sample017	G137	0.264592	DatasetA	KitA
DatasetA_sample017	G138	0.849421	DatasetA	KitA
DatasetA_sample017	G139	0.666698	DatasetA	KitA
DatasetA_sample017	G140	0.549857	DatasetA	KitA
DatasetA_sample017	G142	0.315833	DatasetA	KitA
DatasetA_sample017	G143	0.272175	DatasetA	KitA
DatasetA_sample017	G144	0.285777	DatasetA	KitA
DatasetA_sample017	G145	0.18605	DatasetA	KitA
DatasetA_sample017	G148	0.204298	DatasetA	KitA
DatasetA_sample017	G149	0.376549	DatasetA	KitA
DatasetA_sample017	G150	0.247063	DatasetA	KitA
DatasetA_sample017	G151	0.781302	DatasetA	KitA
DatasetA_sample017	G152	0.209833	DatasetA	KitA
DatasetA_sample017	G153	0.37196	DatasetA	KitA
DatasetA_sample017	G154	0.765885	DatasetA	KitA
DatasetA_sample017	G156	0.52885	DatasetA	KitA
DatasetA_sample017	G157	0.458734	DatasetA	KitA
DatasetA_sample017	G158	0.302096	DatasetA	KitA
DatasetA_sample017	G161	0.338909	DatasetA	KitA
DatasetA_sample017	G164	0.215428	DatasetA	KitA
DatasetA_sample017	G166	0.488259	DatasetA	KitA
DatasetA_sample017	G168	0.333012	DatasetA	KitA
DatasetA_sample017	G169	0.327457	DatasetA	KitA
DatasetA_sample017	G170	0.375982	DatasetA	KitA
DatasetA_sample017	G172	0.076274	DatasetA	KitA
DatasetA_sample017	G174	0.180994	DatasetA	KitA
DatasetA_sample017	G178	0.176199	DatasetA	KitA
DatasetA_sample017	G191	0.170582	DatasetA	KitA
DatasetA_sample017	G196	0.145701	DatasetA	KitA
DatasetA_sample017	G198	0.189491	DatasetA	KitA
DatasetA_sample017	G199	0.059011	DatasetA	KitA
DatasetA_sample017	G200	0.35405	DatasetA	KitA
DatasetA_sample018	G001	0.900296	DatasetA	KitA
DatasetA_sample018	G002	0.766729	DatasetA	KitA
DatasetA_sample018	G003	0.347004	DatasetA	KitA
DatasetA_sample018	G004	0.521887	DatasetA	KitA
DatasetA_sample018	G005	0.774834	DatasetA	KitA
DatasetA_sample018	G006	0.715595	DatasetA	KitA
DatasetA_sample018	G007	0.837374	DatasetA	KitA
DatasetA_sample018	G008	0.737692	DatasetA	KitA
DatasetA_sample018	G009	0.761354	DatasetA	KitA
DatasetA_sample018	G010	0.93257	DatasetA	KitA
DatasetA_sample018	G011	0.634394	DatasetA	KitA
DatasetA_sample018	G012	0.529159	DatasetA	KitA
DatasetA_sample018	G013	0.884281	DatasetA	KitA
DatasetA_sample018	G014	0.584132	DatasetA	KitA
DatasetA_sample018	G015	0.351418	DatasetA	KitA
DatasetA_sample018	G016	0.690742	DatasetA	KitA
DatasetA_sample018	G017	0.718206	DatasetA	KitA
DatasetA_sample018	G018	0.87419	DatasetA	KitA
DatasetA_sample018	G019	0.638812	DatasetA	KitA
DatasetA_sample018	G020	0.403439	DatasetA	KitA
DatasetA_sample018	G021	0.942038	DatasetA	KitA
DatasetA_sample018	G022	0.516959	DatasetA	KitA
DatasetA_sample018	G023	0.808745	DatasetA	KitA
DatasetA_sample018	G024	0.894554	DatasetA	KitA
DatasetA_sample018	G025	0.76256	DatasetA	KitA
DatasetA_sample018	G026	0.789597	DatasetA	KitA
DatasetA_sample018	G027	0.843412	DatasetA	KitA
DatasetA_sample018	G028	0.723679	DatasetA	KitA
DatasetA_sample018	G029	0.92507	DatasetA	KitA
DatasetA_sample018	G030	0.911943	DatasetA	KitA
DatasetA_sample018	G031	0.746588	DatasetA	KitA
DatasetA_sample018	G032	0.936618	DatasetA	KitA
DatasetA_sample018	G033	0.815237	DatasetA	KitA
DatasetA_sample018	G034	0.661075	DatasetA	KitA
DatasetA_sample018	G035	0.687626	DatasetA	KitA
DatasetA_sample018	G036	0.658174	DatasetA	KitA
DatasetA_sample018	G037	0.894422	DatasetA	KitA
DatasetA_sample018	G038	0.696883	DatasetA	KitA
DatasetA_sample018	G039	0.795152	DatasetA	KitA
DatasetA_sample018	G040	0.386237	DatasetA	KitA
DatasetA_sample018	G041	0.825163	DatasetA	KitA
DatasetA_sample018	G042	0.793417	DatasetA	KitA
DatasetA_sample018	G043	0.544655	DatasetA	KitA
DatasetA_sample018	G044	0.846329	DatasetA	KitA
DatasetA_sample018	G045	0.757325	DatasetA	KitA
DatasetA_sample018	G046	0.778858	DatasetA	KitA
DatasetA_sample018	G047	0.628944	DatasetA	KitA
DatasetA_sample018	G048	0.745203	DatasetA	KitA
DatasetA_sample018	G049	0.404855	DatasetA	KitA
DatasetA_sample018	G050	0.537627	DatasetA	KitA
DatasetA_sample018	G081	0.643512	DatasetA	KitA
DatasetA_sample018	G082	0.38629	DatasetA	KitA
DatasetA_sample018	G083	0.403098	DatasetA	KitA
DatasetA_sample018	G084	0.628481	DatasetA	KitA
DatasetA_sample018	G085	0.52479	DatasetA	KitA
DatasetA_sample018	G086	0.407467	DatasetA	KitA
DatasetA_sample018	G087	0.824981	DatasetA	KitA
DatasetA_sample018	G088	0.334754	DatasetA	KitA
DatasetA_sample018	G089	0.793572	DatasetA	KitA
DatasetA_sample018	G090	0.70154	DatasetA	KitA
DatasetA_sample018	G091	0.532971	DatasetA	KitA
DatasetA_sample018	G092	0.660478	DatasetA	KitA
DatasetA_sample018	G093	0.934352	DatasetA	KitA
DatasetA_sample018	G094	0.571392	DatasetA	KitA
DatasetA_sample018	G095	0.256363	DatasetA	KitA
DatasetA_sample018	G096	0.952103	DatasetA	KitA
DatasetA_sample018	G097	0.631451	DatasetA	KitA
DatasetA_sample018	G098	0.501782	DatasetA	KitA
DatasetA_sample018	G099	0.433696	DatasetA	KitA
DatasetA_sample018	G100	0.629979	DatasetA	KitA
DatasetA_sample018	G101	0.739522	DatasetA	KitA
DatasetA_sample018	G102	0.713282	DatasetA	KitA
DatasetA_sample018	G103	0.228568	DatasetA	KitA
DatasetA_sample018	G104	0.382394	DatasetA	KitA
DatasetA_sample018	G105	0.936234	DatasetA	KitA
DatasetA_sample018	G106	0.648641	DatasetA	KitA
DatasetA_sample018	G107	0.874533	DatasetA	KitA
DatasetA_sample018	G108	0.580199	DatasetA	KitA
DatasetA_sample018	G109	0.646222	DatasetA	KitA
DatasetA_sample018	G110	0.730961	DatasetA	KitA
DatasetA_sample018	G111	0.353491	DatasetA	KitA
DatasetA_sample018	G112	0.707363	DatasetA	KitA
DatasetA_sample018	G113	0.91825	DatasetA	KitA
DatasetA_sample018	G114	0.625551	DatasetA	KitA
DatasetA_sample018	G115	0.747762	DatasetA	KitA
DatasetA_sample018	G116	0.156836	DatasetA	KitA
DatasetA_sample018	G117	0.485924	DatasetA	KitA
DatasetA_sample018	G118	0.639186	DatasetA	KitA
DatasetA_sample018	G119	0.365362	DatasetA	KitA
DatasetA_sample018	G120	0.174702	DatasetA	KitA
DatasetA_sample018	G121	0.60155	DatasetA	KitA
DatasetA_sample018	G123	0.722937	DatasetA	KitA
DatasetA_sample018	G124	0.260967	DatasetA	KitA
DatasetA_sample018	G125	0.627822	DatasetA	KitA
DatasetA_sample018	G126	0.59065	DatasetA	KitA
DatasetA_sample018	G127	0.382815	DatasetA	KitA
DatasetA_sample018	G128	0.468119	DatasetA	KitA
DatasetA_sample018	G129	0.519538	DatasetA	KitA
DatasetA_sample018	G130	0.374725	DatasetA	KitA
DatasetA_sample018	G131	0.617576	DatasetA	KitA
DatasetA_sample018	G132	0.635375	DatasetA	KitA
DatasetA_sample018	G133	0.710069	DatasetA	KitA
DatasetA_sample018	G134	0.41039	DatasetA	KitA
DatasetA_sample018	G135	0.585353	DatasetA	KitA
DatasetA_sample018	G136	0.481051	DatasetA	KitA
DatasetA_sample018	G137	0.336103	DatasetA	KitA
DatasetA_sample018	G138	0.568563	DatasetA	KitA
DatasetA_sample018	G139	0.387682	DatasetA	KitA
DatasetA_sample018	G140	0.32869	DatasetA	KitA
DatasetA_sample018	G141	0.261163	DatasetA	KitA
DatasetA_sample018	G143	0.504506	DatasetA	KitA
DatasetA_sample018	G144	0.594561	DatasetA	KitA
DatasetA_sample018	G145	0.51966	DatasetA	KitA
DatasetA_sample018	G148	0.417837	DatasetA	KitA
DatasetA_sample018	G151	0.246551	DatasetA	KitA
DatasetA_sample018	G152	0.608759	DatasetA	KitA
DatasetA_sample018	G153	0.473158	DatasetA	KitA
DatasetA_sample018	G154	0.509115	DatasetA	KitA
DatasetA_sample018	G155	0.260116	DatasetA	KitA
DatasetA_sample018	G156	0.695	DatasetA	KitA
DatasetA_sample018	G157	0.741216	DatasetA	KitA
DatasetA_sample018	G159	0.109788	DatasetA	KitA
DatasetA_sample018	G163	0.515408	DatasetA	KitA
DatasetA_sample018	G164	0.283678	DatasetA	KitA
DatasetA_sample018	G166	0.786367	DatasetA	KitA
DatasetA_sample018	G167	0.478702	DatasetA	KitA
DatasetA_sample018	G169	0.532708	DatasetA	KitA
DatasetA_sample018	G171	0.115845	DatasetA	KitA
DatasetA_sample018	G173	0.507074	DatasetA	KitA
DatasetA_sample018	G177	0.260771	DatasetA	KitA
DatasetA_sample018	G179	0.421067	DatasetA	KitA
DatasetA_sample018	G184	0.175002	DatasetA	KitA
DatasetA_sample018	G185	0.302248	DatasetA	KitA
DatasetA_sample018	G190	0.066133	DatasetA	KitA
DatasetA_sample018	G192	0.327677	DatasetA	KitA
DatasetA_sample019	G001	0.892015	DatasetA	KitA
DatasetA_sample019	G002	0.678641	DatasetA	KitA
DatasetA_sample019	G003	0.801425	DatasetA	KitA
DatasetA_sample019	G004	0.758105	DatasetA	KitA
DatasetA_sample019	G005	0.81522	DatasetA	KitA
DatasetA_sample019	G006	0.808772	DatasetA	KitA
DatasetA_sample019	G007	0.682858	DatasetA	KitA
DatasetA_sample019	G008	0.89887	DatasetA	KitA
DatasetA_sample019	G009	0.81672	DatasetA	KitA
DatasetA_sample019	G010	0.912888	DatasetA	KitA
DatasetA_sample019	G011	0.886747	DatasetA	KitA
DatasetA_sample019	G012	0.785563	DatasetA	KitA
DatasetA_sample019	G013	0.517226	DatasetA	KitA
DatasetA_sample019	G014	0.632441	DatasetA	KitA
DatasetA_sample019	G015	0.799607	DatasetA	KitA
DatasetA_sample019	G016	0.702006	DatasetA	KitA
DatasetA_sample019	G017	0.711811	DatasetA	KitA
DatasetA_sample019	G018	0.952265	DatasetA	KitA
DatasetA_sample019	G019	0.979946	DatasetA	KitA
DatasetA_sample019	G020	0.813367	DatasetA	KitA
DatasetA_sample019	G021	0.389646	DatasetA	KitA
DatasetA_sample019	G022	0.917186	DatasetA	KitA
DatasetA_sample019	G023	0.415612	DatasetA	KitA
DatasetA_sample019	G024	0.854399	DatasetA	KitA
DatasetA_sample019	G025	0.790546	DatasetA	KitA
DatasetA_sample019	G026	0.824419	DatasetA	KitA
DatasetA_sample019	G027	0.928692	DatasetA	KitA
DatasetA_sample019	G028	0.514368	DatasetA	KitA
DatasetA_sample019	G029	0.779772	DatasetA	KitA
DatasetA_sample019	G030	0.475446	DatasetA	KitA
DatasetA_sample019	G031	0.357326	DatasetA	KitA
DatasetA_sample019	G032	0.847559	DatasetA	KitA
DatasetA_sample019	G033	0.943983	DatasetA	KitA
DatasetA_sample019	G034	0.796176	DatasetA	KitA
DatasetA_sample019	G035	0.856819	DatasetA	KitA
DatasetA_sample019	G036	0.924887	DatasetA	KitA
DatasetA_sample019	G037	0.308545	DatasetA	KitA
DatasetA_sample019	G038	0.802108	DatasetA	KitA
DatasetA_sample019	G039	0.7143	DatasetA	KitA
DatasetA_sample019	G040	0.758357	DatasetA	KitA
DatasetA_sample019	G041	0.708616	DatasetA	KitA
DatasetA_sample019	G042	0.648014	DatasetA	KitA
DatasetA_sample019	G043	0.637922	DatasetA	KitA
DatasetA_sample019	G044	0.320394	DatasetA	KitA
DatasetA_sample019	G045	0.446492	DatasetA	KitA
DatasetA_sample019	G046	0.603647	DatasetA	KitA
DatasetA_sample019	G047	0.777452	DatasetA	KitA
DatasetA_sample019	G048	0.603832	DatasetA	KitA
DatasetA_sample019	G049	0.50656	DatasetA	KitA
DatasetA_sample019	G050	0.465275	DatasetA	KitA
DatasetA_sample019	G081	0.809986	DatasetA	KitA
DatasetA_sample019	G082	0.60787	DatasetA	KitA
DatasetA_sample019	G083	0.477841	DatasetA	KitA
DatasetA_sample019	G084	0.611345	DatasetA	KitA
DatasetA_sample019	G085	0.178092	DatasetA	KitA
DatasetA_sample019	G086	0.332303	DatasetA	KitA
DatasetA_sample019	G087	0.440425	DatasetA	KitA
DatasetA_sample019	G088	0.574232	DatasetA	KitA
DatasetA_sample019	G089	0.819595	DatasetA	KitA
DatasetA_sample019	G090	0.920777	DatasetA	KitA
DatasetA_sample019	G091	0.481207	DatasetA	KitA
DatasetA_sample019	G092	0.631183	DatasetA	KitA
DatasetA_sample019	G093	0.760475	DatasetA	KitA
DatasetA_sample019	G094	0.251693	DatasetA	KitA
DatasetA_sample019	G095	0.453241	DatasetA	KitA
DatasetA_sample019	G096	0.693019	DatasetA	KitA
DatasetA_sample019	G097	0.460717	DatasetA	KitA
DatasetA_sample019	G098	0.553714	DatasetA	KitA
DatasetA_sample019	G099	0.746228	DatasetA	KitA
DatasetA_sample019	G100	0.52122	DatasetA	KitA
DatasetA_sample019	G101	0.596641	DatasetA	KitA
DatasetA_sample019	G102	0.485119	DatasetA	KitA
DatasetA_sample019	G103	0.607048	DatasetA	KitA
DatasetA_sample019	G104	0.85612	DatasetA	KitA
DatasetA_sample019	G105	0.439105	DatasetA	KitA
DatasetA_sample019	G107	0.554129	DatasetA	KitA
DatasetA_sample019	G108	0.773925	DatasetA	KitA
DatasetA_sample019	G109	0.57458	DatasetA	KitA
DatasetA_sample019	G110	0.525058	DatasetA	KitA
DatasetA_sample019	G111	0.539861	DatasetA	KitA
DatasetA_sample019	G112	0.520508	DatasetA	KitA
DatasetA_sample019	G113	0.434984	DatasetA	KitA
DatasetA_sample019	G114	0.422216	DatasetA	KitA
DatasetA_sample019	G115	0.423856	DatasetA	KitA
DatasetA_sample019	G116	0.364982	DatasetA	KitA
DatasetA_sample019	G117	0.416399	DatasetA	KitA
DatasetA_sample019	G118	0.622726	DatasetA	KitA
DatasetA_sample019	G119	0.427499	DatasetA	KitA
DatasetA_sample019	G120	0.418901	DatasetA	KitA
DatasetA_sample019	G121	0.380824	DatasetA	KitA
DatasetA_sample019	G122	0.446528	DatasetA	KitA
DatasetA_sample019	G123	0.575893	DatasetA	KitA
DatasetA_sample019	G124	0.297026	DatasetA	KitA
DatasetA_sample019	G125	0.700019	DatasetA	KitA
DatasetA_sample019	G126	0.693892	DatasetA	KitA
DatasetA_sample019	G127	0.366208	DatasetA	KitA
DatasetA_sample019	G128	0.599923	DatasetA	KitA
DatasetA_sample019	G129	0.539599	DatasetA	KitA
DatasetA_sample019	G130	0.560223	DatasetA	KitA
DatasetA_sample019	G131	0.590143	DatasetA	KitA
DatasetA_sample019	G132	0.592184	DatasetA	KitA
DatasetA_sample019	G133	0.450165	DatasetA	KitA
DatasetA_sample019	G134	0.378515	DatasetA	KitA
DatasetA_sample019	G135	0.803506	DatasetA	KitA
DatasetA_sample019	G136	0.924354	DatasetA	KitA
DatasetA_sample019	G137	0.590951	DatasetA	KitA
DatasetA_sample019	G138	0.535247	DatasetA	KitA
DatasetA_sample019	G139	0.589358	DatasetA	KitA
DatasetA_sample019	G140	0.499417	DatasetA	KitA
DatasetA_sample019	G141	0.410063	DatasetA	KitA
DatasetA_sample019	G145	0.401282	DatasetA	KitA
DatasetA_sample019	G149	0.817065	DatasetA	KitA
DatasetA_sample019	G152	0.295542	DatasetA	KitA
DatasetA_sample019	G153	0.464936	DatasetA	KitA
DatasetA_sample019	G154	0.582301	DatasetA	KitA
DatasetA_sample019	G155	0.581575	DatasetA	KitA
DatasetA_sample019	G158	0.572176	DatasetA	KitA
DatasetA_sample019	G159	0.246468	DatasetA	KitA
DatasetA_sample019	G160	0.406896	DatasetA	KitA
DatasetA_sample019	G161	0.642621	DatasetA	KitA
DatasetA_sample019	G162	0.336281	DatasetA	KitA
DatasetA_sample019	G163	0.34345	DatasetA	KitA
DatasetA_sample019	G166	0.654239	DatasetA	KitA
DatasetA_sample019	G168	0.595552	DatasetA	KitA
DatasetA_sample019	G169	0.439178	DatasetA	KitA
DatasetA_sample019	G170	0.519882	DatasetA	KitA
DatasetA_sample019	G173	0.273769	DatasetA	KitA
DatasetA_sample019	G174	0.426819	DatasetA	KitA
DatasetA_sample019	G178	0.151646	DatasetA	KitA
DatasetA_sample019	G179	0.181603	DatasetA	KitA
DatasetA_sample019	G181	0.158172	DatasetA	KitA
DatasetA_sample019	G183	0.152457	DatasetA	KitA
DatasetA_sample019	G184	0.309971	DatasetA	KitA
DatasetA_sample019	G187	0.077749	DatasetA	KitA
DatasetA_sample019	G188	0.142825	DatasetA	KitA
DatasetA_sample019	G192	0.213082	DatasetA	KitA
DatasetA_sample020	G001	0.547082	DatasetA	KitA
DatasetA_sample020	G002	0.893918	DatasetA	KitA
DatasetA_sample020	G003	0.402941	DatasetA	KitA
DatasetA_sample020	G004	0.741343	DatasetA	KitA
DatasetA_sample020	G005	0.758161	DatasetA	KitA
DatasetA_sample020	G006	0.96247	DatasetA	KitA
DatasetA_sample020	G007	0.648292	DatasetA	KitA
DatasetA_sample020	G008	0.476634	DatasetA	KitA
DatasetA_sample020	G009	0.903065	DatasetA	KitA
DatasetA_sample020	G010	0.834718	DatasetA	KitA
DatasetA_sample020	G011	0.90073	DatasetA	KitA
DatasetA_sample020	G012	0.783472	DatasetA	KitA
DatasetA_sample020	G013	0.658653	DatasetA	KitA
DatasetA_sample020	G014	0.492435	DatasetA	KitA
DatasetA_sample020	G015	0.706178	DatasetA	KitA
DatasetA_sample020	G016	0.553068	DatasetA	KitA
DatasetA_sample020	G017	0.889294	DatasetA	KitA
DatasetA_sample020	G018	0.964899	DatasetA	KitA
DatasetA_sample020	G019	0.901351	DatasetA	KitA
DatasetA_sample020	G020	0.79527	DatasetA	KitA
DatasetA_sample020	G021	0.783399	DatasetA	KitA
DatasetA_sample020	G022	0.763707	DatasetA	KitA
DatasetA_sample020	G023	0.702207	DatasetA	KitA
DatasetA_sample020	G024	0.502936	DatasetA	KitA
DatasetA_sample020	G025	0.599979	DatasetA	KitA
DatasetA_sample020	G026	0.837719	DatasetA	KitA
DatasetA_sample020	G027	0.370338	DatasetA	KitA
DatasetA_sample020	G028	0.712527	DatasetA	KitA
DatasetA_sample020	G029	0.434712	DatasetA	KitA
DatasetA_sample020	G030	0.969651	DatasetA	KitA
DatasetA_sample020	G031	0.725361	DatasetA	KitA
DatasetA_sample020	G032	0.920924	DatasetA	KitA
DatasetA_sample020	G033	0.856639	DatasetA	KitA
DatasetA_sample020	G034	0.744222	DatasetA	KitA
DatasetA_sample020	G035	0.665095	DatasetA	KitA
DatasetA_sample020	G036	0.622635	DatasetA	KitA
DatasetA_sample020	G037	0.673052	DatasetA	KitA
DatasetA_sample020	G038	0.843255	DatasetA	KitA
DatasetA_sample020	G039	0.74348	DatasetA	KitA
DatasetA_sample020	G040	0.959279	DatasetA	KitA
DatasetA_sample020	G041	0.804796	DatasetA	KitA
DatasetA_sample020	G042	0.342795	DatasetA	KitA
DatasetA_sample020	G043	0.34585	DatasetA	KitA
DatasetA_sample020	G044	0.663341	DatasetA	KitA
DatasetA_sample020	G045	0.514293	DatasetA	KitA
DatasetA_sample020	G046	0.650877	DatasetA	KitA
DatasetA_sample020	G047	0.739742	DatasetA	KitA
DatasetA_sample020	G048	0.712283	DatasetA	KitA
DatasetA_sample020	G049	0.833811	DatasetA	KitA
DatasetA_sample020	G050	0.691689	DatasetA	KitA
DatasetA_sample020	G081	0.486941	DatasetA	KitA
DatasetA_sample020	G082	0.34283	DatasetA	KitA
DatasetA_sample020	G083	0.759682	DatasetA	KitA
DatasetA_sample020	G084	0.580139	DatasetA	KitA
DatasetA_sample020	G085	0.588637	DatasetA	KitA
DatasetA_sample020	G086	0.609439	DatasetA	KitA
DatasetA_sample020	G087	0.657661	DatasetA	KitA
DatasetA_sample020	G088	0.364365	DatasetA	KitA
DatasetA_sample020	G089	0.372609	DatasetA	KitA
DatasetA_sample020	G090	0.361893	DatasetA	KitA
DatasetA_sample020	G091	0.399861	DatasetA	KitA
DatasetA_sample020	G092	0.375092	DatasetA	KitA
DatasetA_sample020	G094	0.610209	DatasetA	KitA
DatasetA_sample020	G095	0.596576	DatasetA	KitA
DatasetA_sample020	G096	0.703057	DatasetA	KitA
DatasetA_sample020	G097	0.483429	DatasetA	KitA
DatasetA_sample020	G098	0.466658	DatasetA	KitA
DatasetA_sample020	G099	0.900244	DatasetA	KitA
DatasetA_sample020	G100	0.497029	DatasetA	KitA
DatasetA_sample020	G101	0.83354	DatasetA	KitA
DatasetA_sample020	G102	0.553625	DatasetA	KitA
DatasetA_sample020	G103	0.722843	DatasetA	KitA
DatasetA_sample020	G104	0.409229	DatasetA	KitA
DatasetA_sample020	G105	0.569465	DatasetA	KitA
DatasetA_sample020	G106	0.551476	DatasetA	KitA
DatasetA_sample020	G107	0.881963	DatasetA	KitA
DatasetA_sample020	G108	0.592255	DatasetA	KitA
DatasetA_sample020	G109	0.690055	DatasetA	KitA
DatasetA_sample020	G110	0.799396	DatasetA	KitA
DatasetA_sample020	G111	0.346613	DatasetA	KitA
DatasetA_sample020	G112	0.818341	DatasetA	KitA
DatasetA_sample020	G113	0.594896	DatasetA	KitA
DatasetA_sample020	G114	0.692769	DatasetA	KitA
DatasetA_sample020	G115	0.60657	DatasetA	KitA
DatasetA_sample020	G116	0.538461	DatasetA	KitA
DatasetA_sample020	G117	0.824441	DatasetA	KitA
DatasetA_sample020	G118	0.603137	DatasetA	KitA
DatasetA_sample020	G119	0.341563	DatasetA	KitA
DatasetA_sample020	G120	0.423361	DatasetA	KitA
DatasetA_sample020	G121	0.6727	DatasetA	KitA
DatasetA_sample020	G122	0.5871	DatasetA	KitA
DatasetA_sample020	G123	0.5894	DatasetA	KitA
DatasetA_sample020	G124	0.796514	DatasetA	KitA
DatasetA_sample020	G125	0.602524	DatasetA	KitA
DatasetA_sample020	G126	0.65887	DatasetA	KitA
DatasetA_sample020	G127	0.397101	DatasetA	KitA
DatasetA_sample020	G128	0.632286	DatasetA	KitA
DatasetA_sample020	G129	0.342257	DatasetA	KitA
DatasetA_sample020	G130	0.555168	DatasetA	KitA
DatasetA_sample020	G131	0.725773	DatasetA	KitA
DatasetA_sample020	G132	0.388423	DatasetA	KitA
DatasetA_sample020	G133	0.648294	DatasetA	KitA
DatasetA_sample020	G134	0.38909	DatasetA	KitA
DatasetA_sample020	G135	0.524118	DatasetA	KitA
DatasetA_sample020	G136	0.629621	DatasetA	KitA
DatasetA_sample020	G137	0.75735	DatasetA	KitA
DatasetA_sample020	G138	0.156972	DatasetA	KitA
DatasetA_sample020	G139	0.733848	DatasetA	KitA
DatasetA_sample020	G140	0.700263	DatasetA	KitA
DatasetA_sample020	G142	0.605542	DatasetA	KitA
DatasetA_sample020	G143	0.578469	DatasetA	KitA
DatasetA_sample020	G144	0.553499	DatasetA	KitA
DatasetA_sample020	G145	0.243973	DatasetA	KitA
DatasetA_sample020	G146	0.253111	DatasetA	KitA
DatasetA_sample020	G148	0.55638	DatasetA	KitA
DatasetA_sample020	G149	0.640404	DatasetA	KitA
DatasetA_sample020	G150	0.321848	DatasetA	KitA
DatasetA_sample020	G151	0.532676	DatasetA	KitA
DatasetA_sample020	G152	0.637254	DatasetA	KitA
DatasetA_sample020	G153	0.35495	DatasetA	KitA
DatasetA_sample020	G154	0.34194	DatasetA	KitA
DatasetA_sample020	G156	0.225247	DatasetA	KitA
DatasetA_sample020	G159	0.228093	DatasetA	KitA
DatasetA_sample020	G160	0.758113	DatasetA	KitA
DatasetA_sample020	G161	0.766196	DatasetA	KitA
DatasetA_sample020	G162	0.317518	DatasetA	KitA
DatasetA_sample020	G163	0.495128	DatasetA	KitA
DatasetA_sample020	G165	0.349686	DatasetA	KitA
DatasetA_sample020	G166	0.499655	DatasetA	KitA
DatasetA_sample020	G169	0.374871	DatasetA	KitA
DatasetA_sample020	G170	0.639488	DatasetA	KitA
DatasetA_sample020	G171	0.239392	DatasetA	KitA
DatasetA_sample020	G172	0.25229	DatasetA	KitA
DatasetA_sample020	G176	0.057926	DatasetA	KitA
DatasetA_sample020	G188	0.524843	DatasetA	KitA
DatasetA_sample020	G192	0.091101	DatasetA	KitA
DatasetA_sample020	G193	0.184527	DatasetA	KitA
DatasetA_sample020	G194	0.15386	DatasetA	KitA
DatasetA_sample020	G195	0.141587	DatasetA	KitA
DatasetA_sample020	G198	0.204362	DatasetA	KitA
DatasetA_sample020	G200	0.565548	DatasetA	KitA
DatasetA_sample021	G001	0.788335	DatasetA	KitA
DatasetA_sample021	G002	0.620857	DatasetA	KitA
DatasetA_sample021	G003	0.70674	DatasetA	KitA
DatasetA_sample021	G004	0.699004	DatasetA	KitA
DatasetA_sample021	G005	0.778076	DatasetA	KitA
DatasetA_sample021	G006	0.983787	DatasetA	KitA
DatasetA_sample021	G007	0.577439	DatasetA	KitA
DatasetA_sample021	G008	0.451568	DatasetA	KitA
DatasetA_sample021	G009	0.656124	DatasetA	KitA
DatasetA_sample021	G010	0.675961	DatasetA	KitA
DatasetA_sample021	G011	0.799579	DatasetA	KitA
DatasetA_sample021	G012	0.86536	DatasetA	KitA
DatasetA_sample021	G013	0.865581	DatasetA	KitA
DatasetA_sample021	G014	0.337472	DatasetA	KitA
DatasetA_sample021	G015	0.576189	DatasetA	KitA
DatasetA_sample021	G016	0.453054	DatasetA	KitA
DatasetA_sample021	G017	0.897411	DatasetA	KitA
DatasetA_sample021	G018	0.550912	DatasetA	KitA
DatasetA_sample021	G019	0.875107	DatasetA	KitA
DatasetA_sample021	G020	0.911082	DatasetA	KitA
DatasetA_sample021	G021	0.513677	DatasetA	KitA
DatasetA_sample021	G022	0.651941	DatasetA	KitA
DatasetA_sample021	G023	0.705704	DatasetA	KitA
DatasetA_sample021	G024	0.884579	DatasetA	KitA
DatasetA_sample021	G025	0.493351	DatasetA	KitA
DatasetA_sample021	G026	0.882305	DatasetA	KitA
DatasetA_sample021	G027	0.649466	DatasetA	KitA
DatasetA_sample021	G028	0.771137	DatasetA	KitA
DatasetA_sample021	G029	0.950786	DatasetA	KitA
DatasetA_sample021	G030	0.764357	DatasetA	KitA
DatasetA_sample021	G031	0.590381	DatasetA	KitA
DatasetA_sample021	G032	0.745619	DatasetA	KitA
DatasetA_sample021	G033	0.724038	DatasetA	KitA
DatasetA_sample021	G034	0.697032	DatasetA	KitA
DatasetA_sample021	G035	0.843758	DatasetA	KitA
DatasetA_sample021	G036	0.808605	DatasetA	KitA
DatasetA_sample021	G037	0.792857	DatasetA	KitA
DatasetA_sample021	G038	0.515777	DatasetA	KitA
DatasetA_sample021	G039	0.932276	DatasetA	KitA
DatasetA_sample021	G040	0.742599	DatasetA	KitA
DatasetA_sample021	G041	0.854974	DatasetA	KitA
DatasetA_sample021	G042	0.523848	DatasetA	KitA
DatasetA_sample021	G043	0.946014	DatasetA	KitA
DatasetA_sample021	G044	0.68452	DatasetA	KitA
DatasetA_sample021	G045	0.902128	DatasetA	KitA
DatasetA_sample021	G046	0.758981	DatasetA	KitA
DatasetA_sample021	G047	0.531042	DatasetA	KitA
DatasetA_sample021	G048	0.858119	DatasetA	KitA
DatasetA_sample021	G049	0.468892	DatasetA	KitA
DatasetA_sample021	G050	0.751421	DatasetA	KitA
DatasetA_sample021	G081	0.794027	DatasetA	KitA
DatasetA_sample021	G082	0.310815	DatasetA	KitA
DatasetA_sample021	G083	0.616714	DatasetA	KitA
DatasetA_sample021	G084	0.525839	DatasetA	KitA
DatasetA_sample021	G085	0.365504	DatasetA	KitA
DatasetA_sample021	G086	0.604184	DatasetA	KitA
DatasetA_sample021	G087	0.295432	DatasetA	KitA
DatasetA_sample021	G088	0.655861	DatasetA	KitA
DatasetA_sample021	G089	0.943948	DatasetA	KitA
DatasetA_sample021	G090	0.440905	DatasetA	KitA
DatasetA_sample021	G091	0.70057	DatasetA	KitA
DatasetA_sample021	G092	0.76986	DatasetA	KitA
DatasetA_sample021	G093	0.542634	DatasetA	KitA
DatasetA_sample021	G094	0.706663	DatasetA	KitA
DatasetA_sample021	G095	0.824299	DatasetA	KitA
DatasetA_sample021	G096	0.617057	DatasetA	KitA
DatasetA_sample021	G097	0.302487	DatasetA	KitA
DatasetA_sample021	G098	0.493495	DatasetA	KitA
DatasetA_sample021	G099	0.245421	DatasetA	KitA
DatasetA_sample021	G100	0.877692	DatasetA	KitA
DatasetA_sample021	G101	0.674139	DatasetA	KitA
DatasetA_sample021	G102	0.383068	DatasetA	KitA
DatasetA_sample021	G103	0.506907	DatasetA	KitA
DatasetA_sample021	G104	0.500536	DatasetA	KitA
DatasetA_sample021	G105	0.844401	DatasetA	KitA
DatasetA_sample021	G106	0.489899	DatasetA	KitA
DatasetA_sample021	G107	0.528725	DatasetA	KitA
DatasetA_sample021	G108	0.585204	DatasetA	KitA
DatasetA_sample021	G109	0.803503	DatasetA	KitA
DatasetA_sample021	G110	0.667511	DatasetA	KitA
DatasetA_sample021	G111	0.299249	DatasetA	KitA
DatasetA_sample021	G112	0.675427	DatasetA	KitA
DatasetA_sample021	G113	0.623154	DatasetA	KitA
DatasetA_sample021	G114	0.456355	DatasetA	KitA
DatasetA_sample021	G115	0.539504	DatasetA	KitA
DatasetA_sample021	G116	0.818383	DatasetA	KitA
DatasetA_sample021	G117	0.602727	DatasetA	KitA
DatasetA_sample021	G118	0.808737	DatasetA	KitA
DatasetA_sample021	G119	0.784422	DatasetA	KitA
DatasetA_sample021	G120	0.464604	DatasetA	KitA
DatasetA_sample021	G121	0.685875	DatasetA	KitA
DatasetA_sample021	G122	0.677628	DatasetA	KitA
DatasetA_sample021	G123	0.634032	DatasetA	KitA
DatasetA_sample021	G124	0.911168	DatasetA	KitA
DatasetA_sample021	G125	0.12921	DatasetA	KitA
DatasetA_sample021	G126	0.385463	DatasetA	KitA
DatasetA_sample021	G127	0.360276	DatasetA	KitA
DatasetA_sample021	G128	0.421221	DatasetA	KitA
DatasetA_sample021	G129	0.448477	DatasetA	KitA
DatasetA_sample021	G130	0.795376	DatasetA	KitA
DatasetA_sample021	G132	0.802963	DatasetA	KitA
DatasetA_sample021	G133	0.235352	DatasetA	KitA
DatasetA_sample021	G134	0.452114	DatasetA	KitA
DatasetA_sample021	G135	0.535875	DatasetA	KitA
DatasetA_sample021	G136	0.554857	DatasetA	KitA
DatasetA_sample021	G137	0.851304	DatasetA	KitA
DatasetA_sample021	G138	0.46709	DatasetA	KitA
DatasetA_sample021	G139	0.725954	DatasetA	KitA
DatasetA_sample021	G140	0.569478	DatasetA	KitA
DatasetA_sample021	G141	0.646517	DatasetA	KitA
DatasetA_sample021	G142	0.473242	DatasetA	KitA
DatasetA_sample021	G143	0.454357	DatasetA	KitA
DatasetA_sample021	G146	0.753153	DatasetA	KitA
DatasetA_sample021	G148	0.48138	DatasetA	KitA
DatasetA_sample021	G149	0.052465	DatasetA	KitA
DatasetA_sample021	G150	0.315036	DatasetA	KitA
DatasetA_sample021	G152	0.464706	DatasetA	KitA
DatasetA_sample021	G153	0.401546	DatasetA	KitA
DatasetA_sample021	G155	0.466755	DatasetA	KitA
DatasetA_sample021	G156	0.476184	DatasetA	KitA
DatasetA_sample021	G158	0.454571	DatasetA	KitA
DatasetA_sample021	G159	0.669343	DatasetA	KitA
DatasetA_sample021	G160	0.395282	DatasetA	KitA
DatasetA_sample021	G162	0.60296	DatasetA	KitA
DatasetA_sample021	G164	0.604386	DatasetA	KitA
DatasetA_sample021	G165	0.578518	DatasetA	KitA
DatasetA_sample021	G167	0.067663	DatasetA	KitA
DatasetA_sample021	G168	0.501071	DatasetA	KitA
DatasetA_sample021	G169	0.576899	DatasetA	KitA
DatasetA_sample021	G170	0.649766	DatasetA	KitA
DatasetA_sample021	G180	0.285111	DatasetA	KitA
DatasetA_sample021	G185	0.060643	DatasetA	KitA
DatasetA_sample021	G186	0.143263	DatasetA	KitA
DatasetA_sample021	G187	0.338945	DatasetA	KitA
DatasetA_sample021	G190	0.264969	DatasetA	KitA
DatasetA_sample021	G193	0.360612	DatasetA	KitA
DatasetA_sample021	G199	0.264661	DatasetA	KitA
DatasetA_sample022	G001	0.894354	DatasetA	KitA
DatasetA_sample022	G002	0.715647	DatasetA	KitA
DatasetA_sample022	G003	0.80667	DatasetA	KitA
DatasetA_sample022	G004	0.400494	DatasetA	KitA
DatasetA_sample022	G005	0.490427	DatasetA	KitA
DatasetA_sample022	G006	0.593199	DatasetA	KitA
DatasetA_sample022	G007	0.77557	DatasetA	KitA
DatasetA_sample022	G008	0.592437	DatasetA	KitA
DatasetA_sample022	G009	0.37105	DatasetA	KitA
DatasetA_sample022	G010	0.695973	DatasetA	KitA
DatasetA_sample022	G011	0.974076	DatasetA	KitA
DatasetA_sample022	G012	0.557429	DatasetA	KitA
DatasetA_sample022	G013	0.903888	DatasetA	KitA
DatasetA_sample022	G014	0.867054	DatasetA	KitA
DatasetA_sample022	G015	0.684834	DatasetA	KitA
DatasetA_sample022	G016	0.644216	DatasetA	KitA
DatasetA_sample022	G017	0.468412	DatasetA	KitA
DatasetA_sample022	G018	0.713708	DatasetA	KitA
DatasetA_sample022	G019	0.827387	DatasetA	KitA
DatasetA_sample022	G020	0.491467	DatasetA	KitA
DatasetA_sample022	G021	0.877814	DatasetA	KitA
DatasetA_sample022	G022	0.801056	DatasetA	KitA
DatasetA_sample022	G023	0.61026	DatasetA	KitA
DatasetA_sample022	G024	0.673677	DatasetA	KitA
DatasetA_sample022	G025	0.603549	DatasetA	KitA
DatasetA_sample022	G026	0.823942	DatasetA	KitA
DatasetA_sample022	G027	0.638374	DatasetA	KitA
DatasetA_sample022	G028	0.955248	DatasetA	KitA
DatasetA_sample022	G029	0.8744	DatasetA	KitA
DatasetA_sample022	G030	0.479347	DatasetA	KitA
DatasetA_sample022	G031	0.651958	DatasetA	KitA
DatasetA_sample022	G032	0.827899	DatasetA	KitA
DatasetA_sample022	G033	0.716379	DatasetA	KitA
DatasetA_sample022	G034	0.865929	DatasetA	KitA
DatasetA_sample022	G035	0.770095	DatasetA	KitA
DatasetA_sample022	G036	0.826018	DatasetA	KitA
DatasetA_sample022	G037	0.557425	DatasetA	KitA
DatasetA_sample022	G038	0.851496	DatasetA	KitA
DatasetA_sample022	G039	0.672433	DatasetA	KitA
DatasetA_sample022	G040	0.564958	DatasetA	KitA
DatasetA_sample022	G041	0.401385	DatasetA	KitA
DatasetA_sample022	G042	0.751124	DatasetA	KitA
DatasetA_sample022	G043	0.842332	DatasetA	KitA
DatasetA_sample022	G044	0.673648	DatasetA	KitA
DatasetA_sample022	G045	0.875394	DatasetA	KitA
DatasetA_sample022	G046	0.754678	DatasetA	KitA
DatasetA_sample022	G047	0.370261	DatasetA	KitA
DatasetA_sample022	G048	0.734668	DatasetA	KitA
DatasetA_sample022	G049	0.379997	DatasetA	KitA
DatasetA_sample022	G050	0.602628	DatasetA	KitA
DatasetA_sample022	G081	0.833454	DatasetA	KitA
DatasetA_sample022	G082	0.279968	DatasetA	KitA
DatasetA_sample022	G083	0.391867	DatasetA	KitA
DatasetA_sample022	G084	0.5496	DatasetA	KitA
DatasetA_sample022	G085	0.488133	DatasetA	KitA
DatasetA_sample022	G086	0.728354	DatasetA	KitA
DatasetA_sample022	G087	0.428189	DatasetA	KitA
DatasetA_sample022	G088	0.545509	DatasetA	KitA
DatasetA_sample022	G089	0.451743	DatasetA	KitA
DatasetA_sample022	G090	0.565395	DatasetA	KitA
DatasetA_sample022	G091	0.755379	DatasetA	KitA
DatasetA_sample022	G092	0.555518	DatasetA	KitA
DatasetA_sample022	G093	0.792949	DatasetA	KitA
DatasetA_sample022	G094	0.725463	DatasetA	KitA
DatasetA_sample022	G095	0.636657	DatasetA	KitA
DatasetA_sample022	G096	0.348278	DatasetA	KitA
DatasetA_sample022	G097	0.385002	DatasetA	KitA
DatasetA_sample022	G098	0.550924	DatasetA	KitA
DatasetA_sample022	G099	0.374115	DatasetA	KitA
DatasetA_sample022	G100	0.304532	DatasetA	KitA
DatasetA_sample022	G101	0.709212	DatasetA	KitA
DatasetA_sample022	G102	0.509839	DatasetA	KitA
DatasetA_sample022	G103	0.791499	DatasetA	KitA
DatasetA_sample022	G104	0.652867	DatasetA	KitA
DatasetA_sample022	G105	0.700425	DatasetA	KitA
DatasetA_sample022	G106	0.659451	DatasetA	KitA
DatasetA_sample022	G107	0.431219	DatasetA	KitA
DatasetA_sample022	G109	0.273857	DatasetA	KitA
DatasetA_sample022	G110	0.264488	DatasetA	KitA
DatasetA_sample022	G111	0.705878	DatasetA	KitA
DatasetA_sample022	G112	0.615991	DatasetA	KitA
DatasetA_sample022	G113	0.617101	DatasetA	KitA
DatasetA_sample022	G114	0.613524	DatasetA	KitA
DatasetA_sample022	G115	0.443817	DatasetA	KitA
DatasetA_sample022	G116	0.76401	DatasetA	KitA
DatasetA_sample022	G117	0.405347	DatasetA	KitA
DatasetA_sample022	G118	0.535874	DatasetA	KitA
DatasetA_sample022	G119	0.41593	DatasetA	KitA
DatasetA_sample022	G120	0.848216	DatasetA	KitA
DatasetA_sample022	G121	0.658411	DatasetA	KitA
DatasetA_sample022	G122	0.357507	DatasetA	KitA
DatasetA_sample022	G123	0.437843	DatasetA	KitA
DatasetA_sample022	G124	0.172664	DatasetA	KitA
DatasetA_sample022	G125	0.752452	DatasetA	KitA
DatasetA_sample022	G126	0.584399	DatasetA	KitA
DatasetA_sample022	G127	0.472107	DatasetA	KitA
DatasetA_sample022	G128	0.449869	DatasetA	KitA
DatasetA_sample022	G130	0.581239	DatasetA	KitA
DatasetA_sample022	G132	0.714237	DatasetA	KitA
DatasetA_sample022	G133	0.736294	DatasetA	KitA
DatasetA_sample022	G134	0.159158	DatasetA	KitA
DatasetA_sample022	G135	0.327687	DatasetA	KitA
DatasetA_sample022	G136	0.801777	DatasetA	KitA
DatasetA_sample022	G137	0.876757	DatasetA	KitA
DatasetA_sample022	G138	0.502908	DatasetA	KitA
DatasetA_sample022	G139	0.282207	DatasetA	KitA
DatasetA_sample022	G140	0.60539	DatasetA	KitA
DatasetA_sample022	G141	0.516579	DatasetA	KitA
DatasetA_sample022	G145	0.404169	DatasetA	KitA
DatasetA_sample022	G146	0.408045	DatasetA	KitA
DatasetA_sample022	G148	0.674751	DatasetA	KitA
DatasetA_sample022	G149	0.440773	DatasetA	KitA
DatasetA_sample022	G150	0.499126	DatasetA	KitA
DatasetA_sample022	G151	0.18523	DatasetA	KitA
DatasetA_sample022	G152	0.534831	DatasetA	KitA
DatasetA_sample022	G154	0.288173	DatasetA	KitA
DatasetA_sample022	G156	0.424674	DatasetA	KitA
DatasetA_sample022	G158	0.579259	DatasetA	KitA
DatasetA_sample022	G159	0.161253	DatasetA	KitA
DatasetA_sample022	G160	0.401376	DatasetA	KitA
DatasetA_sample022	G161	0.213434	DatasetA	KitA
DatasetA_sample022	G162	0.390923	DatasetA	KitA
DatasetA_sample022	G163	0.224546	DatasetA	KitA
DatasetA_sample022	G164	0.693025	DatasetA	KitA
DatasetA_sample022	G166	0.624564	DatasetA	KitA
DatasetA_sample022	G167	0.622861	DatasetA	KitA
DatasetA_sample022	G169	0.389414	DatasetA	KitA
DatasetA_sample022	G170	0.382306	DatasetA	KitA
DatasetA_sample022	G173	0.153167	DatasetA	KitA
DatasetA_sample022	G174	0.551901	DatasetA	KitA
DatasetA_sample022	G177	0.37108	DatasetA	KitA
DatasetA_sample022	G178	0.390267	DatasetA	KitA
DatasetA_sample022	G180	0.709098	DatasetA	KitA
DatasetA_sample022	G184	0.284526	DatasetA	KitA
DatasetA_sample022	G187	0.446515	DatasetA	KitA
DatasetA_sample022	G193	0.309669	DatasetA	KitA
DatasetA_sample023	G001	0.930745	DatasetA	KitA
DatasetA_sample023	G002	0.598486	DatasetA	KitA
DatasetA_sample023	G003	0.546992	DatasetA	KitA
DatasetA_sample023	G004	0.618869	DatasetA	KitA
DatasetA_sample023	G005	0.853701	DatasetA	KitA
DatasetA_sample023	G006	0.804961	DatasetA	KitA
DatasetA_sample023	G007	0.766606	DatasetA	KitA
DatasetA_sample023	G008	0.403172	DatasetA	KitA
DatasetA_sample023	G009	0.584151	DatasetA	KitA
DatasetA_sample023	G010	0.801334	DatasetA	KitA
DatasetA_sample023	G011	0.81382	DatasetA	KitA
DatasetA_sample023	G012	0.290207	DatasetA	KitA
DatasetA_sample023	G013	0.931513	DatasetA	KitA
DatasetA_sample023	G014	0.757157	DatasetA	KitA
DatasetA_sample023	G015	0.57395	DatasetA	KitA
DatasetA_sample023	G016	0.754546	DatasetA	KitA
DatasetA_sample023	G017	0.478067	DatasetA	KitA
DatasetA_sample023	G018	0.603107	DatasetA	KitA
DatasetA_sample023	G019	0.714703	DatasetA	KitA
DatasetA_sample023	G020	0.721367	DatasetA	KitA
DatasetA_sample023	G021	0.907007	DatasetA	KitA
DatasetA_sample023	G022	0.441917	DatasetA	KitA
DatasetA_sample023	G023	0.910581	DatasetA	KitA
DatasetA_sample023	G024	0.697312	DatasetA	KitA
DatasetA_sample023	G025	0.588329	DatasetA	KitA
DatasetA_sample023	G026	0.751405	DatasetA	KitA
DatasetA_sample023	G027	0.932473	DatasetA	KitA
DatasetA_sample023	G028	0.599129	DatasetA	KitA
DatasetA_sample023	G029	0.78694	DatasetA	KitA
DatasetA_sample023	G030	0.570189	DatasetA	KitA
DatasetA_sample023	G031	0.712417	DatasetA	KitA
DatasetA_sample023	G032	0.871507	DatasetA	KitA
DatasetA_sample023	G033	0.713449	DatasetA	KitA
DatasetA_sample023	G034	0.789195	DatasetA	KitA
DatasetA_sample023	G035	0.769353	DatasetA	KitA
DatasetA_sample023	G036	0.94099	DatasetA	KitA
DatasetA_sample023	G037	0.912531	DatasetA	KitA
DatasetA_sample023	G038	0.729481	DatasetA	KitA
DatasetA_sample023	G039	0.518222	DatasetA	KitA
DatasetA_sample023	G040	0.38205	DatasetA	KitA
DatasetA_sample023	G041	0.456048	DatasetA	KitA
DatasetA_sample023	G042	0.769673	DatasetA	KitA
DatasetA_sample023	G043	0.792694	DatasetA	KitA
DatasetA_sample023	G044	0.600667	DatasetA	KitA
DatasetA_sample023	G045	0.789432	DatasetA	KitA
DatasetA_sample023	G046	0.588324	DatasetA	KitA
DatasetA_sample023	G047	0.729828	DatasetA	KitA
DatasetA_sample023	G048	0.857893	DatasetA	KitA
DatasetA_sample023	G049	0.604346	DatasetA	KitA
DatasetA_sample023	G050	0.591122	DatasetA	KitA
DatasetA_sample023	G081	0.909389	DatasetA	KitA
DatasetA_sample023	G082	0.463675	DatasetA	KitA
DatasetA_sample023	G083	0.455595	DatasetA	KitA
DatasetA_sample023	G084	0.550459	DatasetA	KitA
DatasetA_sample023	G085	0.420834	DatasetA	KitA
DatasetA_sample023	G086	0.91193	DatasetA	KitA
DatasetA_sample023	G087	0.446919	DatasetA	KitA
DatasetA_sample023	G088	0.332747	DatasetA	KitA
DatasetA_sample023	G089	0.497174	DatasetA	KitA
DatasetA_sample023	G090	0.396832	DatasetA	KitA
DatasetA_sample023	G091	0.735849	DatasetA	KitA
DatasetA_sample023	G092	0.855172	DatasetA	KitA
DatasetA_sample023	G093	0.547455	DatasetA	KitA
DatasetA_sample023	G094	0.682369	DatasetA	KitA
DatasetA_sample023	G095	0.414683	DatasetA	KitA
DatasetA_sample023	G096	0.364148	DatasetA	KitA
DatasetA_sample023	G097	0.858655	DatasetA	KitA
DatasetA_sample023	G098	0.314172	DatasetA	KitA
DatasetA_sample023	G099	0.382851	DatasetA	KitA
DatasetA_sample023	G100	0.711945	DatasetA	KitA
DatasetA_sample023	G101	0.396243	DatasetA	KitA
DatasetA_sample023	G102	0.641369	DatasetA	KitA
DatasetA_sample023	G103	0.294887	DatasetA	KitA
DatasetA_sample023	G104	0.688984	DatasetA	KitA
DatasetA_sample023	G105	0.355567	DatasetA	KitA
DatasetA_sample023	G106	0.332939	DatasetA	KitA
DatasetA_sample023	G107	0.663147	DatasetA	KitA
DatasetA_sample023	G108	0.786329	DatasetA	KitA
DatasetA_sample023	G109	0.270034	DatasetA	KitA
DatasetA_sample023	G110	0.785956	DatasetA	KitA
DatasetA_sample023	G111	0.804843	DatasetA	KitA
DatasetA_sample023	G112	0.441648	DatasetA	KitA
DatasetA_sample023	G113	0.753177	DatasetA	KitA
DatasetA_sample023	G114	0.778385	DatasetA	KitA
DatasetA_sample023	G115	0.47012	DatasetA	KitA
DatasetA_sample023	G116	0.624538	DatasetA	KitA
DatasetA_sample023	G117	0.452866	DatasetA	KitA
DatasetA_sample023	G118	0.189719	DatasetA	KitA
DatasetA_sample023	G119	0.721802	DatasetA	KitA
DatasetA_sample023	G120	0.46347	DatasetA	KitA
DatasetA_sample023	G121	0.679583	DatasetA	KitA
DatasetA_sample023	G122	0.244337	DatasetA	KitA
DatasetA_sample023	G123	0.520735	DatasetA	KitA
DatasetA_sample023	G124	0.695027	DatasetA	KitA
DatasetA_sample023	G125	0.69178	DatasetA	KitA
DatasetA_sample023	G126	0.831249	DatasetA	KitA
DatasetA_sample023	G127	0.573271	DatasetA	KitA
DatasetA_sample023	G128	0.428419	DatasetA	KitA
DatasetA_sample023	G129	0.800543	DatasetA	KitA
DatasetA_sample023	G130	0.679153	DatasetA	KitA
DatasetA_sample023	G131	0.28779	DatasetA	KitA
DatasetA_sample023	G132	0.302823	DatasetA	KitA
DatasetA_sample023	G133	0.699614	DatasetA	KitA
DatasetA_sample023	G134	0.674384	DatasetA	KitA
DatasetA_sample023	G135	0.342465	DatasetA	KitA
DatasetA_sample023	G136	0.74566	DatasetA	KitA
DatasetA_sample023	G137	0.508253	DatasetA	KitA
DatasetA_sample023	G138	0.600977	DatasetA	KitA
DatasetA_sample023	G139	0.480747	DatasetA	KitA
DatasetA_sample023	G140	0.68275	DatasetA	KitA
DatasetA_sample023	G141	0.606157	DatasetA	KitA
DatasetA_sample023	G142	0.498734	DatasetA	KitA
DatasetA_sample023	G143	0.424389	DatasetA	KitA
DatasetA_sample023	G144	0.201659	DatasetA	KitA
DatasetA_sample023	G145	0.512062	DatasetA	KitA
DatasetA_sample023	G146	0.397781	DatasetA	KitA
DatasetA_sample023	G147	0.56415	DatasetA	KitA
DatasetA_sample023	G148	0.504962	DatasetA	KitA
DatasetA_sample023	G151	0.402586	DatasetA	KitA
DatasetA_sample023	G153	0.482253	DatasetA	KitA
DatasetA_sample023	G155	0.57732	DatasetA	KitA
DatasetA_sample023	G156	0.10101	DatasetA	KitA
DatasetA_sample023	G159	0.383431	DatasetA	KitA
DatasetA_sample023	G160	0.473192	DatasetA	KitA
DatasetA_sample023	G163	0.74108	DatasetA	KitA
DatasetA_sample023	G165	0.465257	DatasetA	KitA
DatasetA_sample023	G166	0.465847	DatasetA	KitA
DatasetA_sample023	G167	0.512299	DatasetA	KitA
DatasetA_sample023	G168	0.429278	DatasetA	KitA
DatasetA_sample023	G170	0.266644	DatasetA	KitA
DatasetA_sample023	G172	0.28831	DatasetA	KitA
DatasetA_sample023	G174	0.225465	DatasetA	KitA
DatasetA_sample023	G175	0.228724	DatasetA	KitA
DatasetA_sample023	G177	0.174765	DatasetA	KitA
DatasetA_sample023	G180	0.303528	DatasetA	KitA
DatasetA_sample023	G182	0.386309	DatasetA	KitA
DatasetA_sample023	G183	0.147774	DatasetA	KitA
DatasetA_sample023	G185	0.78244	DatasetA	KitA
DatasetA_sample023	G191	0.338733	DatasetA	KitA
DatasetA_sample023	G192	0.177973	DatasetA	KitA
DatasetA_sample023	G193	0.277028	DatasetA	KitA
DatasetA_sample023	G198	0.163332	DatasetA	KitA
DatasetA_sample024	G001	0.637289	DatasetA	KitA
DatasetA_sample024	G002	0.684492	DatasetA	KitA
DatasetA_sample024	G003	0.664552	DatasetA	KitA
DatasetA_sample024	G004	0.499177	DatasetA	KitA
DatasetA_sample024	G005	0.862559	DatasetA	KitA
DatasetA_sample024	G006	0.864266	DatasetA	KitA
DatasetA_sample024	G007	0.796002	DatasetA	KitA
DatasetA_sample024	G008	0.71644	DatasetA	KitA
DatasetA_sample024	G009	0.755137	DatasetA	KitA
DatasetA_sample024	G010	0.941037	DatasetA	KitA
DatasetA_sample024	G011	0.851693	DatasetA	KitA
DatasetA_sample024	G012	0.315197	DatasetA	KitA
DatasetA_sample024	G013	0.444488	DatasetA	KitA
DatasetA_sample024	G014	0.685562	DatasetA	KitA
DatasetA_sample024	G015	0.853907	DatasetA	KitA
DatasetA_sample024	G016	0.760018	DatasetA	KitA
DatasetA_sample024	G017	0.742222	DatasetA	KitA
DatasetA_sample024	G018	0.596815	DatasetA	KitA
DatasetA_sample024	G019	0.657535	DatasetA	KitA
DatasetA_sample024	G020	0.758491	DatasetA	KitA
DatasetA_sample024	G021	0.665754	DatasetA	KitA
DatasetA_sample024	G022	0.205597	DatasetA	KitA
DatasetA_sample024	G023	0.474606	DatasetA	KitA
DatasetA_sample024	G024	0.599411	DatasetA	KitA
DatasetA_sample024	G025	0.793893	DatasetA	KitA
DatasetA_sample024	G026	0.714321	DatasetA	KitA
DatasetA_sample024	G027	0.510141	DatasetA	KitA
DatasetA_sample024	G028	0.852629	DatasetA	KitA
DatasetA_sample024	G029	0.923365	DatasetA	KitA
DatasetA_sample024	G030	0.714706	DatasetA	KitA
DatasetA_sample024	G031	0.82402	DatasetA	KitA
DatasetA_sample024	G032	0.960694	DatasetA	KitA
DatasetA_sample024	G033	0.656025	DatasetA	KitA
DatasetA_sample024	G034	0.843956	DatasetA	KitA
DatasetA_sample024	G035	0.568583	DatasetA	KitA
DatasetA_sample024	G036	0.698292	DatasetA	KitA
DatasetA_sample024	G037	0.598318	DatasetA	KitA
DatasetA_sample024	G038	0.947594	DatasetA	KitA
DatasetA_sample024	G039	0.373168	DatasetA	KitA
DatasetA_sample024	G040	0.60353	DatasetA	KitA
DatasetA_sample024	G041	0.396239	DatasetA	KitA
DatasetA_sample024	G042	0.347171	DatasetA	KitA
DatasetA_sample024	G043	0.642384	DatasetA	KitA
DatasetA_sample024	G044	0.797452	DatasetA	KitA
DatasetA_sample024	G045	0.705825	DatasetA	KitA
DatasetA_sample024	G046	0.63457	DatasetA	KitA
DatasetA_sample024	G047	0.854797	DatasetA	KitA
DatasetA_sample024	G048	0.869871	DatasetA	KitA
DatasetA_sample024	G049	0.911358	DatasetA	KitA
DatasetA_sample024	G050	0.799397	DatasetA	KitA
DatasetA_sample024	G081	0.567046	DatasetA	KitA
DatasetA_sample024	G082	0.870372	DatasetA	KitA
DatasetA_sample024	G083	0.430717	DatasetA	KitA
DatasetA_sample024	G084	0.735413	DatasetA	KitA
DatasetA_sample024	G085	0.685576	DatasetA	KitA
DatasetA_sample024	G086	0.306729	DatasetA	KitA
DatasetA_sample024	G087	0.396443	DatasetA	KitA
DatasetA_sample024	G088	0.570897	DatasetA	KitA
DatasetA_sample024	G089	0.469393	DatasetA	KitA
DatasetA_sample024	G090	0.707578	DatasetA	KitA
DatasetA_sample024	G091	0.665296	DatasetA	KitA
DatasetA_sample024	G092	0.803983	DatasetA	KitA
DatasetA_sample024	G093	0.654875	DatasetA	KitA
DatasetA_sample024	G094	0.364215	DatasetA	KitA
DatasetA_sample024	G095	0.569801	DatasetA	KitA
DatasetA_sample024	G096	0.375444	DatasetA	KitA
DatasetA_sample024	G097	0.504921	DatasetA	KitA
DatasetA_sample024	G098	0.380793	DatasetA	KitA
DatasetA_sample024	G099	0.73851	DatasetA	KitA
DatasetA_sample024	G100	0.324843	DatasetA	KitA
DatasetA_sample024	G102	0.74881	DatasetA	KitA
DatasetA_sample024	G103	0.795069	DatasetA	KitA
DatasetA_sample024	G104	0.790868	DatasetA	KitA
DatasetA_sample024	G105	0.774516	DatasetA	KitA
DatasetA_sample024	G106	0.619912	DatasetA	KitA
DatasetA_sample024	G107	0.568437	DatasetA	KitA
DatasetA_sample024	G108	0.722847	DatasetA	KitA
DatasetA_sample024	G109	0.47041	DatasetA	KitA
DatasetA_sample024	G110	0.560767	DatasetA	KitA
DatasetA_sample024	G111	0.653145	DatasetA	KitA
DatasetA_sample024	G112	0.703522	DatasetA	KitA
DatasetA_sample024	G113	0.48167	DatasetA	KitA
DatasetA_sample024	G114	0.569549	DatasetA	KitA
DatasetA_sample024	G115	0.622646	DatasetA	KitA
DatasetA_sample024	G116	0.883288	DatasetA	KitA
DatasetA_sample024	G117	0.48191	DatasetA	KitA
DatasetA_sample024	G118	0.861223	DatasetA	KitA
DatasetA_sample024	G119	0.786055	DatasetA	KitA
DatasetA_sample024	G120	0.711711	DatasetA	KitA
DatasetA_sample024	G121	0.529276	DatasetA	KitA
DatasetA_sample024	G122	0.71915	DatasetA	KitA
DatasetA_sample024	G123	0.272212	DatasetA	KitA
DatasetA_sample024	G124	0.311801	DatasetA	KitA
DatasetA_sample024	G125	0.695081	DatasetA	KitA
DatasetA_sample024	G126	0.51454	DatasetA	KitA
DatasetA_sample024	G127	0.904965	DatasetA	KitA
DatasetA_sample024	G128	0.68988	DatasetA	KitA
DatasetA_sample024	G129	0.716433	DatasetA	KitA
DatasetA_sample024	G130	0.489752	DatasetA	KitA
DatasetA_sample024	G131	0.548675	DatasetA	KitA
DatasetA_sample024	G132	0.442283	DatasetA	KitA
DatasetA_sample024	G133	0.593111	DatasetA	KitA
DatasetA_sample024	G134	0.586195	DatasetA	KitA
DatasetA_sample024	G135	0.670916	DatasetA	KitA
DatasetA_sample024	G136	0.564932	DatasetA	KitA
DatasetA_sample024	G137	0.717159	DatasetA	KitA
DatasetA_sample024	G138	0.631258	DatasetA	KitA
DatasetA_sample024	G139	0.304924	DatasetA	KitA
DatasetA_sample024	G140	0.872993	DatasetA	KitA
DatasetA_sample024	G143	0.231784	DatasetA	KitA
DatasetA_sample024	G144	0.747684	DatasetA	KitA
DatasetA_sample024	G146	0.525608	DatasetA	KitA
DatasetA_sample024	G148	0.200133	DatasetA	KitA
DatasetA_sample024	G149	0.496815	DatasetA	KitA
DatasetA_sample024	G150	0.141306	DatasetA	KitA
DatasetA_sample024	G151	0.561102	DatasetA	KitA
DatasetA_sample024	G154	0.659904	DatasetA	KitA
DatasetA_sample024	G156	0.143085	DatasetA	KitA
DatasetA_sample024	G157	0.315937	DatasetA	KitA
DatasetA_sample024	G159	0.194263	DatasetA	KitA
DatasetA_sample024	G160	0.659453	DatasetA	KitA
DatasetA_sample024	G161	0.516414	DatasetA	KitA
DatasetA_sample024	G162	0.249853	DatasetA	KitA
DatasetA_sample024	G164	0.478896	DatasetA	KitA
DatasetA_sample024	G166	0.404659	DatasetA	KitA
DatasetA_sample024	G167	0.334266	DatasetA	KitA
DatasetA_sample024	G169	0.316594	DatasetA	KitA
DatasetA_sample024	G170	0.426764	DatasetA	KitA
DatasetA_sample024	G171	0.143451	DatasetA	KitA
DatasetA_sample024	G178	0.285672	DatasetA	KitA
DatasetA_sample024	G179	0.196955	DatasetA	KitA
DatasetA_sample024	G193	0.142426	DatasetA	KitA
DatasetA_sample025	G001	0.522412	DatasetA	KitA
DatasetA_sample025	G002	0.8439	DatasetA	KitA
DatasetA_sample025	G003	0.438026	DatasetA	KitA
DatasetA_sample025	G004	0.832328	DatasetA	KitA
DatasetA_sample025	G005	0.470067	DatasetA	KitA
DatasetA_sample025	G006	0.711132	DatasetA	KitA
DatasetA_sample025	G007	0.688741	DatasetA	KitA
DatasetA_sample025	G008	0.661862	DatasetA	KitA
DatasetA_sample025	G009	0.528125	DatasetA	KitA
DatasetA_sample025	G010	0.783883	DatasetA	KitA
DatasetA_sample025	G011	0.54607	DatasetA	KitA
DatasetA_sample025	G012	0.655851	DatasetA	KitA
DatasetA_sample025	G013	0.389479	DatasetA	KitA
DatasetA_sample025	G014	0.777964	DatasetA	KitA
DatasetA_sample025	G015	0.74431	DatasetA	KitA
DatasetA_sample025	G016	0.454566	DatasetA	KitA
DatasetA_sample025	G017	0.595844	DatasetA	KitA
DatasetA_sample025	G018	0.727017	DatasetA	KitA
DatasetA_sample025	G019	0.686786	DatasetA	KitA
DatasetA_sample025	G020	0.972978	DatasetA	KitA
DatasetA_sample025	G021	0.811772	DatasetA	KitA
DatasetA_sample025	G022	0.806883	DatasetA	KitA
DatasetA_sample025	G023	0.736723	DatasetA	KitA
DatasetA_sample025	G024	0.789862	DatasetA	KitA
DatasetA_sample025	G025	0.55795	DatasetA	KitA
DatasetA_sample025	G026	0.417071	DatasetA	KitA
DatasetA_sample025	G027	0.89017	DatasetA	KitA
DatasetA_sample025	G028	0.964643	DatasetA	KitA
DatasetA_sample025	G029	0.92538	DatasetA	KitA
DatasetA_sample025	G030	0.879344	DatasetA	KitA
DatasetA_sample025	G031	0.352162	DatasetA	KitA
DatasetA_sample025	G032	0.802012	DatasetA	KitA
DatasetA_sample025	G033	0.27132	DatasetA	KitA
DatasetA_sample025	G034	0.769266	DatasetA	KitA
DatasetA_sample025	G035	0.873554	DatasetA	KitA
DatasetA_sample025	G036	0.784016	DatasetA	KitA
DatasetA_sample025	G037	0.850151	DatasetA	KitA
DatasetA_sample025	G038	0.58659	DatasetA	KitA
DatasetA_sample025	G039	0.382388	DatasetA	KitA
DatasetA_sample025	G040	0.35477	DatasetA	KitA
DatasetA_sample025	G041	0.720778	DatasetA	KitA
DatasetA_sample025	G042	0.640914	DatasetA	KitA
DatasetA_sample025	G043	0.810788	DatasetA	KitA
DatasetA_sample025	G044	0.797115	DatasetA	KitA
DatasetA_sample025	G045	0.682137	DatasetA	KitA
DatasetA_sample025	G046	0.528856	DatasetA	KitA
DatasetA_sample025	G047	0.810876	DatasetA	KitA
DatasetA_sample025	G048	0.540535	DatasetA	KitA
DatasetA_sample025	G049	0.862059	DatasetA	KitA
DatasetA_sample025	G050	0.547115	DatasetA	KitA
DatasetA_sample025	G081	0.527375	DatasetA	KitA
DatasetA_sample025	G082	0.637853	DatasetA	KitA
DatasetA_sample025	G083	0.540755	DatasetA	KitA
DatasetA_sample025	G084	0.783245	DatasetA	KitA
DatasetA_sample025	G085	0.494052	DatasetA	KitA
DatasetA_sample025	G086	0.544621	DatasetA	KitA
DatasetA_sample025	G087	0.431169	DatasetA	KitA
DatasetA_sample025	G088	0.612264	DatasetA	KitA
DatasetA_sample025	G089	0.35208	DatasetA	KitA
DatasetA_sample025	G090	0.796817	DatasetA	KitA
DatasetA_sample025	G091	0.421368	DatasetA	KitA
DatasetA_sample025	G092	0.674834	DatasetA	KitA
DatasetA_sample025	G093	0.62125	DatasetA	KitA
DatasetA_sample025	G094	0.672586	DatasetA	KitA
DatasetA_sample025	G095	0.472435	DatasetA	KitA
DatasetA_sample025	G096	0.846064	DatasetA	KitA
DatasetA_sample025	G097	0.388387	DatasetA	KitA
DatasetA_sample025	G098	0.525248	DatasetA	KitA
DatasetA_sample025	G099	0.500958	DatasetA	KitA
DatasetA_sample025	G101	0.39196	DatasetA	KitA
DatasetA_sample025	G102	0.645223	DatasetA	KitA
DatasetA_sample025	G103	0.315868	DatasetA	KitA
DatasetA_sample025	G104	0.594365	DatasetA	KitA
DatasetA_sample025	G105	0.203006	DatasetA	KitA
DatasetA_sample025	G106	0.783029	DatasetA	KitA
DatasetA_sample025	G107	0.22037	DatasetA	KitA
DatasetA_sample025	G108	0.651807	DatasetA	KitA
DatasetA_sample025	G109	0.560282	DatasetA	KitA
DatasetA_sample025	G110	0.586573	DatasetA	KitA
DatasetA_sample025	G111	0.661695	DatasetA	KitA
DatasetA_sample025	G113	0.510142	DatasetA	KitA
DatasetA_sample025	G114	0.271701	DatasetA	KitA
DatasetA_sample025	G115	0.828628	DatasetA	KitA
DatasetA_sample025	G116	0.714595	DatasetA	KitA
DatasetA_sample025	G117	0.638017	DatasetA	KitA
DatasetA_sample025	G118	0.854984	DatasetA	KitA
DatasetA_sample025	G119	0.69334	DatasetA	KitA
DatasetA_sample025	G120	0.493372	DatasetA	KitA
DatasetA_sample025	G121	0.886823	DatasetA	KitA
DatasetA_sample025	G122	0.554635	DatasetA	KitA
DatasetA_sample025	G123	0.877589	DatasetA	KitA
DatasetA_sample025	G124	0.854514	DatasetA	KitA
DatasetA_sample025	G125	0.763964	DatasetA	KitA
DatasetA_sample025	G126	0.804888	DatasetA	KitA
DatasetA_sample025	G127	0.302146	DatasetA	KitA
DatasetA_sample025	G128	0.198936	DatasetA	KitA
DatasetA_sample025	G129	0.438925	DatasetA	KitA
DatasetA_sample025	G130	0.280486	DatasetA	KitA
DatasetA_sample025	G131	0.790462	DatasetA	KitA
DatasetA_sample025	G132	0.69984	DatasetA	KitA
DatasetA_sample025	G133	0.377793	DatasetA	KitA
DatasetA_sample025	G134	0.547624	DatasetA	KitA
DatasetA_sample025	G135	0.561388	DatasetA	KitA
DatasetA_sample025	G136	0.534659	DatasetA	KitA
DatasetA_sample025	G137	0.73083	DatasetA	KitA
DatasetA_sample025	G138	0.723743	DatasetA	KitA
DatasetA_sample025	G139	0.407944	DatasetA	KitA
DatasetA_sample025	G140	0.326365	DatasetA	KitA
DatasetA_sample025	G141	0.429189	DatasetA	KitA
DatasetA_sample025	G145	0.484463	DatasetA	KitA
DatasetA_sample025	G146	0.501561	DatasetA	KitA
DatasetA_sample025	G147	0.594264	DatasetA	KitA
DatasetA_sample025	G148	0.578487	DatasetA	KitA
DatasetA_sample025	G149	0.397758	DatasetA	KitA
DatasetA_sample025	G150	0.527289	DatasetA	KitA
DatasetA_sample025	G154	0.332858	DatasetA	KitA
DatasetA_sample025	G155	0.404473	DatasetA	KitA
DatasetA_sample025	G156	0.474069	DatasetA	KitA
DatasetA_sample025	G157	0.533539	DatasetA	KitA
DatasetA_sample025	G159	0.076799	DatasetA	KitA
DatasetA_sample025	G161	0.25541	DatasetA	KitA
DatasetA_sample025	G162	0.586906	DatasetA	KitA
DatasetA_sample025	G163	0.454555	DatasetA	KitA
DatasetA_sample025	G165	0.254391	DatasetA	KitA
DatasetA_sample025	G166	0.567911	DatasetA	KitA
DatasetA_sample025	G167	0.556849	DatasetA	KitA
DatasetA_sample025	G168	0.099829	DatasetA	KitA
DatasetA_sample025	G169	0.426616	DatasetA	KitA
DatasetA_sample025	G170	0.649018	DatasetA	KitA
DatasetA_sample025	G171	0.504778	DatasetA	KitA
DatasetA_sample025	G179	0.234285	DatasetA	KitA
DatasetA_sample025	G182	0.11394	DatasetA	KitA
DatasetA_sample025	G188	0.115177	DatasetA	KitA
DatasetA_sample025	G191	0.307623	DatasetA	KitA
DatasetA_sample025	G194	0.298931	DatasetA	KitA
DatasetA_sample025	G195	0.248157	DatasetA	KitA
DatasetA_sample025	G199	0.216713	DatasetA	KitA
DatasetA_sample026	G001	0.806804	DatasetA	KitA
DatasetA_sample026	G002	0.892059	DatasetA	KitA
DatasetA_sample026	G003	0.497602	DatasetA	KitA
DatasetA_sample026	G004	0.827923	DatasetA	KitA
DatasetA_sample026	G005	0.947852	DatasetA	KitA
DatasetA_sample026	G006	0.517976	DatasetA	KitA
DatasetA_sample026	G007	0.291923	DatasetA	KitA
DatasetA_sample026	G008	0.914605	DatasetA	KitA
DatasetA_sample026	G009	0.227796	DatasetA	KitA
DatasetA_sample026	G010	0.530388	DatasetA	KitA
DatasetA_sample026	G011	0.723499	DatasetA	KitA
DatasetA_sample026	G012	0.850644	DatasetA	KitA
DatasetA_sample026	G013	0.554772	DatasetA	KitA
DatasetA_sample026	G014	0.720862	DatasetA	KitA
DatasetA_sample026	G015	0.773181	DatasetA	KitA
DatasetA_sample026	G016	0.873066	DatasetA	KitA
DatasetA_sample026	G017	0.618208	DatasetA	KitA
DatasetA_sample026	G018	0.850002	DatasetA	KitA
DatasetA_sample026	G019	0.775379	DatasetA	KitA
DatasetA_sample026	G020	0.71875	DatasetA	KitA
DatasetA_sample026	G021	0.936178	DatasetA	KitA
DatasetA_sample026	G022	0.750292	DatasetA	KitA
DatasetA_sample026	G023	0.498143	DatasetA	KitA
DatasetA_sample026	G024	0.855731	DatasetA	KitA
DatasetA_sample026	G025	0.749019	DatasetA	KitA
DatasetA_sample026	G026	0.718703	DatasetA	KitA
DatasetA_sample026	G027	0.444303	DatasetA	KitA
DatasetA_sample026	G028	0.800073	DatasetA	KitA
DatasetA_sample026	G029	0.937756	DatasetA	KitA
DatasetA_sample026	G030	0.756471	DatasetA	KitA
DatasetA_sample026	G031	0.605045	DatasetA	KitA
DatasetA_sample026	G032	0.761967	DatasetA	KitA
DatasetA_sample026	G033	0.986275	DatasetA	KitA
DatasetA_sample026	G034	0.837664	DatasetA	KitA
DatasetA_sample026	G035	0.734288	DatasetA	KitA
DatasetA_sample026	G036	0.617716	DatasetA	KitA
DatasetA_sample026	G037	0.591533	DatasetA	KitA
DatasetA_sample026	G038	0.808653	DatasetA	KitA
DatasetA_sample026	G039	0.598155	DatasetA	KitA
DatasetA_sample026	G040	0.89744	DatasetA	KitA
DatasetA_sample026	G041	0.922307	DatasetA	KitA
DatasetA_sample026	G042	0.87186	DatasetA	KitA
DatasetA_sample026	G043	0.657763	DatasetA	KitA
DatasetA_sample026	G044	0.812849	DatasetA	KitA
DatasetA_sample026	G045	0.77889	DatasetA	KitA
DatasetA_sample026	G046	0.92622	DatasetA	KitA
DatasetA_sample026	G047	0.766123	DatasetA	KitA
DatasetA_sample026	G048	0.594852	DatasetA	KitA
DatasetA_sample026	G049	0.460912	DatasetA	KitA
DatasetA_sample026	G050	0.860604	DatasetA	KitA
DatasetA_sample026	G081	0.693195	DatasetA	KitA
DatasetA_sample026	G082	0.642486	DatasetA	KitA
DatasetA_sample026	G083	0.7127	DatasetA	KitA
DatasetA_sample026	G084	0.608178	DatasetA	KitA
DatasetA_sample026	G085	0.233762	DatasetA	KitA
DatasetA_sample026	G086	0.572558	DatasetA	KitA
DatasetA_sample026	G087	0.594615	DatasetA	KitA
DatasetA_sample026	G088	0.54189	DatasetA	KitA
DatasetA_sample026	G089	0.666407	DatasetA	KitA
DatasetA_sample026	G090	0.709912	DatasetA	KitA
DatasetA_sample026	G091	0.474995	DatasetA	KitA
DatasetA_sample026	G092	0.459662	DatasetA	KitA
DatasetA_sample026	G093	0.798338	DatasetA	KitA
DatasetA_sample026	G094	0.604449	DatasetA	KitA
DatasetA_sample026	G095	0.279333	DatasetA	KitA
DatasetA_sample026	G096	0.638598	DatasetA	KitA
DatasetA_sample026	G097	0.672437	DatasetA	KitA
DatasetA_sample026	G098	0.733838	DatasetA	KitA
DatasetA_sample026	G099	0.410687	DatasetA	KitA
DatasetA_sample026	G100	0.391361	DatasetA	KitA
DatasetA_sample026	G101	0.534682	DatasetA	KitA
DatasetA_sample026	G102	0.549273	DatasetA	KitA
DatasetA_sample026	G103	0.747658	DatasetA	KitA
DatasetA_sample026	G104	0.830939	DatasetA	KitA
DatasetA_sample026	G105	0.5358	DatasetA	KitA
DatasetA_sample026	G106	0.887298	DatasetA	KitA
DatasetA_sample026	G108	0.558047	DatasetA	KitA
DatasetA_sample026	G109	0.597311	DatasetA	KitA
DatasetA_sample026	G110	0.604801	DatasetA	KitA
DatasetA_sample026	G111	0.811302	DatasetA	KitA
DatasetA_sample026	G112	0.687193	DatasetA	KitA
DatasetA_sample026	G113	0.545127	DatasetA	KitA
DatasetA_sample026	G114	0.44946	DatasetA	KitA
DatasetA_sample026	G115	0.438984	DatasetA	KitA
DatasetA_sample026	G116	0.526406	DatasetA	KitA
DatasetA_sample026	G117	0.361321	DatasetA	KitA
DatasetA_sample026	G118	0.346713	DatasetA	KitA
DatasetA_sample026	G119	0.814152	DatasetA	KitA
DatasetA_sample026	G120	0.571328	DatasetA	KitA
DatasetA_sample026	G121	0.310774	DatasetA	KitA
DatasetA_sample026	G122	0.683866	DatasetA	KitA
DatasetA_sample026	G123	0.723784	DatasetA	KitA
DatasetA_sample026	G125	0.695554	DatasetA	KitA
DatasetA_sample026	G126	0.768692	DatasetA	KitA
DatasetA_sample026	G127	0.619756	DatasetA	KitA
DatasetA_sample026	G128	0.547096	DatasetA	KitA
DatasetA_sample026	G130	0.470736	DatasetA	KitA
DatasetA_sample026	G131	0.476296	DatasetA	KitA
DatasetA_sample026	G132	0.486261	DatasetA	KitA
DatasetA_sample026	G133	0.826984	DatasetA	KitA
DatasetA_sample026	G134	0.284756	DatasetA	KitA
DatasetA_sample026	G135	0.597353	DatasetA	KitA
DatasetA_sample026	G136	0.603942	DatasetA	KitA
DatasetA_sample026	G137	0.506843	DatasetA	KitA
DatasetA_sample026	G138	0.477756	DatasetA	KitA
DatasetA_sample026	G139	0.356895	DatasetA	KitA
DatasetA_sample026	G140	0.736269	DatasetA	KitA
DatasetA_sample026	G141	0.268934	DatasetA	KitA
DatasetA_sample026	G142	0.427767	DatasetA	KitA
DatasetA_sample026	G143	0.262261	DatasetA	KitA
DatasetA_sample026	G145	0.660802	DatasetA	KitA
DatasetA_sample026	G147	0.207281	DatasetA	KitA
DatasetA_sample026	G148	0.675491	DatasetA	KitA
DatasetA_sample026	G149	0.360983	DatasetA	KitA
DatasetA_sample026	G150	0.337243	DatasetA	KitA
DatasetA_sample026	G151	0.361892	DatasetA	KitA
DatasetA_sample026	G152	0.753324	DatasetA	KitA
DatasetA_sample026	G153	0.419773	DatasetA	KitA
DatasetA_sample026	G156	0.629432	DatasetA	KitA
DatasetA_sample026	G157	0.417753	DatasetA	KitA
DatasetA_sample026	G159	0.86974	DatasetA	KitA
DatasetA_sample026	G160	0.443703	DatasetA	KitA
DatasetA_sample026	G161	0.349058	DatasetA	KitA
DatasetA_sample026	G162	0.315412	DatasetA	KitA
DatasetA_sample026	G163	0.526754	DatasetA	KitA
DatasetA_sample026	G164	0.321473	DatasetA	KitA
DatasetA_sample026	G165	0.385753	DatasetA	KitA
DatasetA_sample026	G166	0.475135	DatasetA	KitA
DatasetA_sample026	G169	0.483295	DatasetA	KitA
DatasetA_sample026	G170	0.519173	DatasetA	KitA
DatasetA_sample026	G175	0.64905	DatasetA	KitA
DatasetA_sample026	G176	0.179991	DatasetA	KitA
DatasetA_sample026	G187	0.251689	DatasetA	KitA
DatasetA_sample026	G189	0.400943	DatasetA	KitA
DatasetA_sample026	G193	0.322771	DatasetA	KitA
DatasetA_sample026	G195	0.266278	DatasetA	KitA
DatasetA_sample026	G196	0.319346	DatasetA	KitA
DatasetA_sample026	G200	0.385093	DatasetA	KitA
DatasetA_sample027	G001	0.472428	DatasetA	KitA
DatasetA_sample027	G002	0.714578	DatasetA	KitA
DatasetA_sample027	G003	0.894195	DatasetA	KitA
DatasetA_sample027	G004	0.673378	DatasetA	KitA
DatasetA_sample027	G005	0.529622	DatasetA	KitA
DatasetA_sample027	G006	0.625182	DatasetA	KitA
DatasetA_sample027	G007	0.852338	DatasetA	KitA
DatasetA_sample027	G008	0.784527	DatasetA	KitA
DatasetA_sample027	G009	0.783978	DatasetA	KitA
DatasetA_sample027	G010	0.778238	DatasetA	KitA
DatasetA_sample027	G011	0.858637	DatasetA	KitA
DatasetA_sample027	G012	0.630013	DatasetA	KitA
DatasetA_sample027	G013	0.906567	DatasetA	KitA
DatasetA_sample027	G014	0.827809	DatasetA	KitA
DatasetA_sample027	G015	0.736876	DatasetA	KitA
DatasetA_sample027	G016	0.66763	DatasetA	KitA
DatasetA_sample027	G017	0.488996	DatasetA	KitA
DatasetA_sample027	G018	0.914	DatasetA	KitA
DatasetA_sample027	G019	0.569066	DatasetA	KitA
DatasetA_sample027	G020	0.713728	DatasetA	KitA
DatasetA_sample027	G021	0.746537	DatasetA	KitA
DatasetA_sample027	G022	0.658702	DatasetA	KitA
DatasetA_sample027	G023	0.793182	DatasetA	KitA
DatasetA_sample027	G024	0.915945	DatasetA	KitA
DatasetA_sample027	G025	0.978831	DatasetA	KitA
DatasetA_sample027	G026	0.977655	DatasetA	KitA
DatasetA_sample027	G027	0.674362	DatasetA	KitA
DatasetA_sample027	G028	0.698933	DatasetA	KitA
DatasetA_sample027	G029	0.997953	DatasetA	KitA
DatasetA_sample027	G030	0.46433	DatasetA	KitA
DatasetA_sample027	G031	0.727637	DatasetA	KitA
DatasetA_sample027	G032	0.58387	DatasetA	KitA
DatasetA_sample027	G033	0.364075	DatasetA	KitA
DatasetA_sample027	G034	0.825419	DatasetA	KitA
DatasetA_sample027	G035	0.680482	DatasetA	KitA
DatasetA_sample027	G036	0.948854	DatasetA	KitA
DatasetA_sample027	G037	0.675952	DatasetA	KitA
DatasetA_sample027	G038	0.593602	DatasetA	KitA
DatasetA_sample027	G039	0.864347	DatasetA	KitA
DatasetA_sample027	G040	0.851829	DatasetA	KitA
DatasetA_sample027	G041	0.518867	DatasetA	KitA
DatasetA_sample027	G042	0.817406	DatasetA	KitA
DatasetA_sample027	G043	0.898327	DatasetA	KitA
DatasetA_sample027	G044	0.823178	DatasetA	KitA
DatasetA_sample027	G045	0.573139	DatasetA	KitA
DatasetA_sample027	G046	0.863373	DatasetA	KitA
DatasetA_sample027	G047	0.823798	DatasetA	KitA
DatasetA_sample027	G048	0.695322	DatasetA	KitA
DatasetA_sample027	G049	0.67763	DatasetA	KitA
DatasetA_sample027	G050	0.913603	DatasetA	KitA
DatasetA_sample027	G081	0.81208	DatasetA	KitA
DatasetA_sample027	G082	0.481021	DatasetA	KitA
DatasetA_sample027	G083	0.861587	DatasetA	KitA
DatasetA_sample027	G084	0.795686	DatasetA	KitA
DatasetA_sample027	G085	0.675515	DatasetA	KitA
DatasetA_sample027	G086	0.691311	DatasetA	KitA
DatasetA_sample027	G087	0.77814	DatasetA	KitA
DatasetA_sample027	G088	0.409514	DatasetA	KitA
DatasetA_sample027	G089	0.284555	DatasetA	KitA
DatasetA_sample027	G090	0.736062	DatasetA	KitA
DatasetA_sample027	G091	0.6311	DatasetA	KitA
DatasetA_sample027	G092	0.381183	DatasetA	KitA
DatasetA_sample027	G093	0.661089	DatasetA	KitA
DatasetA_sample027	G094	0.383231	DatasetA	KitA
DatasetA_sample027	G095	0.598083	DatasetA	KitA
DatasetA_sample027	G096	0.54898	DatasetA	KitA
DatasetA_sample027	G097	0.4295	DatasetA	KitA
DatasetA_sample027	G098	0.369514	DatasetA	KitA
DatasetA_sample027	G099	0.337793	DatasetA	KitA
DatasetA_sample027	G100	0.699122	DatasetA	KitA
DatasetA_sample027	G101	0.713513	DatasetA	KitA
DatasetA_sample027	G102	0.704707	DatasetA	KitA
DatasetA_sample027	G103	0.795411	DatasetA	KitA
DatasetA_sample027	G104	0.834946	DatasetA	KitA
DatasetA_sample027	G105	0.607415	DatasetA	KitA
DatasetA_sample027	G107	0.63849	DatasetA	KitA
DatasetA_sample027	G108	0.748525	DatasetA	KitA
DatasetA_sample027	G109	0.450189	DatasetA	KitA
DatasetA_sample027	G111	0.392848	DatasetA	KitA
DatasetA_sample027	G112	0.792808	DatasetA	KitA
DatasetA_sample027	G113	0.236204	DatasetA	KitA
DatasetA_sample027	G114	0.401232	DatasetA	KitA
DatasetA_sample027	G115	0.328483	DatasetA	KitA
DatasetA_sample027	G116	0.571871	DatasetA	KitA
DatasetA_sample027	G117	0.440215	DatasetA	KitA
DatasetA_sample027	G118	0.256704	DatasetA	KitA
DatasetA_sample027	G119	0.430056	DatasetA	KitA
DatasetA_sample027	G120	0.77863	DatasetA	KitA
DatasetA_sample027	G121	0.381875	DatasetA	KitA
DatasetA_sample027	G122	0.268748	DatasetA	KitA
DatasetA_sample027	G123	0.606715	DatasetA	KitA
DatasetA_sample027	G124	0.59898	DatasetA	KitA
DatasetA_sample027	G125	0.457402	DatasetA	KitA
DatasetA_sample027	G126	0.625274	DatasetA	KitA
DatasetA_sample027	G127	0.256597	DatasetA	KitA
DatasetA_sample027	G128	0.510959	DatasetA	KitA
DatasetA_sample027	G129	0.841515	DatasetA	KitA
DatasetA_sample027	G130	0.342769	DatasetA	KitA
DatasetA_sample027	G131	0.832492	DatasetA	KitA
DatasetA_sample027	G132	0.444859	DatasetA	KitA
DatasetA_sample027	G133	0.568479	DatasetA	KitA
DatasetA_sample027	G134	0.445613	DatasetA	KitA
DatasetA_sample027	G136	0.523829	DatasetA	KitA
DatasetA_sample027	G137	0.675424	DatasetA	KitA
DatasetA_sample027	G138	0.646783	DatasetA	KitA
DatasetA_sample027	G139	0.595921	DatasetA	KitA
DatasetA_sample027	G140	0.485142	DatasetA	KitA
DatasetA_sample027	G142	0.424135	DatasetA	KitA
DatasetA_sample027	G143	0.572082	DatasetA	KitA
DatasetA_sample027	G145	0.123592	DatasetA	KitA
DatasetA_sample027	G147	0.65991	DatasetA	KitA
DatasetA_sample027	G148	0.663144	DatasetA	KitA
DatasetA_sample027	G149	0.487346	DatasetA	KitA
DatasetA_sample027	G150	0.494743	DatasetA	KitA
DatasetA_sample027	G151	0.440063	DatasetA	KitA
DatasetA_sample027	G154	0.584401	DatasetA	KitA
DatasetA_sample027	G155	0.489261	DatasetA	KitA
DatasetA_sample027	G159	0.246306	DatasetA	KitA
DatasetA_sample027	G160	0.606296	DatasetA	KitA
DatasetA_sample027	G161	0.554524	DatasetA	KitA
DatasetA_sample027	G163	0.394098	DatasetA	KitA
DatasetA_sample027	G164	0.331144	DatasetA	KitA
DatasetA_sample027	G165	0.218254	DatasetA	KitA
DatasetA_sample027	G166	0.256822	DatasetA	KitA
DatasetA_sample027	G167	0.553726	DatasetA	KitA
DatasetA_sample027	G168	0.38852	DatasetA	KitA
DatasetA_sample027	G169	0.455026	DatasetA	KitA
DatasetA_sample027	G170	0.481788	DatasetA	KitA
DatasetA_sample027	G177	0.273475	DatasetA	KitA
DatasetA_sample027	G182	0.390074	DatasetA	KitA
DatasetA_sample027	G183	0.479482	DatasetA	KitA
DatasetA_sample027	G185	0.285724	DatasetA	KitA
DatasetA_sample027	G196	0.364981	DatasetA	KitA
DatasetA_sample028	G001	0.940023	DatasetA	KitA
DatasetA_sample028	G002	0.615172	DatasetA	KitA
DatasetA_sample028	G003	0.659824	DatasetA	KitA
DatasetA_sample028	G004	0.82856	DatasetA	KitA
DatasetA_sample028	G005	0.956268	DatasetA	KitA
DatasetA_sample028	G006	0.683215	DatasetA	KitA
DatasetA_sample028	G007	0.823768	DatasetA	KitA
DatasetA_sample028	G008	0.93123	DatasetA	KitA
DatasetA_sample028	G009	0.899091	DatasetA	KitA
DatasetA_sample028	G010	0.403249	DatasetA	KitA
DatasetA_sample028	G011	0.562184	DatasetA	KitA
DatasetA_sample028	G012	0.56345	DatasetA	KitA
DatasetA_sample028	G013	0.267729	DatasetA	KitA
DatasetA_sample028	G014	0.755018	DatasetA	KitA
DatasetA_sample028	G015	0.592218	DatasetA	KitA
DatasetA_sample028	G016	0.854777	DatasetA	KitA
DatasetA_sample028	G017	0.763954	DatasetA	KitA
DatasetA_sample028	G018	0.426936	DatasetA	KitA
DatasetA_sample028	G019	0.961587	DatasetA	KitA
DatasetA_sample028	G020	0.796746	DatasetA	KitA
DatasetA_sample028	G021	0.370326	DatasetA	KitA
DatasetA_sample028	G022	0.859073	DatasetA	KitA
DatasetA_sample028	G023	0.952918	DatasetA	KitA
DatasetA_sample028	G024	0.741809	DatasetA	KitA
DatasetA_sample028	G025	0.526317	DatasetA	KitA
DatasetA_sample028	G026	0.929758	DatasetA	KitA
DatasetA_sample028	G027	0.538635	DatasetA	KitA
DatasetA_sample028	G028	0.757767	DatasetA	KitA
DatasetA_sample028	G029	0.61202	DatasetA	KitA
DatasetA_sample028	G030	0.605506	DatasetA	KitA
DatasetA_sample028	G031	0.815182	DatasetA	KitA
DatasetA_sample028	G032	0.925892	DatasetA	KitA
DatasetA_sample028	G033	0.932571	DatasetA	KitA
DatasetA_sample028	G034	0.763088	DatasetA	KitA
DatasetA_sample028	G035	0.733467	DatasetA	KitA
DatasetA_sample028	G036	0.83925	DatasetA	KitA
DatasetA_sample028	G037	0.687638	DatasetA	KitA
DatasetA_sample028	G038	0.73455	DatasetA	KitA
DatasetA_sample028	G039	0.549466	DatasetA	KitA
DatasetA_sample028	G040	0.824959	DatasetA	KitA
DatasetA_sample028	G041	0.874606	DatasetA	KitA
DatasetA_sample028	G042	0.813402	DatasetA	KitA
DatasetA_sample028	G043	0.585579	DatasetA	KitA
DatasetA_sample028	G044	0.521445	DatasetA	KitA
DatasetA_sample028	G045	0.859109	DatasetA	KitA
DatasetA_sample028	G046	0.611712	DatasetA	KitA
DatasetA_sample028	G047	0.841285	DatasetA	KitA
DatasetA_sample028	G048	0.83084	DatasetA	KitA
DatasetA_sample028	G049	0.659759	DatasetA	KitA
DatasetA_sample028	G050	0.849285	DatasetA	KitA
DatasetA_sample028	G081	0.605645	DatasetA	KitA
DatasetA_sample028	G082	0.774913	DatasetA	KitA
DatasetA_sample028	G083	0.794152	DatasetA	KitA
DatasetA_sample028	G084	0.254686	DatasetA	KitA
DatasetA_sample028	G085	0.79467	DatasetA	KitA
DatasetA_sample028	G086	0.295661	DatasetA	KitA
DatasetA_sample028	G087	0.682653	DatasetA	KitA
DatasetA_sample028	G088	0.41131	DatasetA	KitA
DatasetA_sample028	G089	0.633832	DatasetA	KitA
DatasetA_sample028	G090	0.245506	DatasetA	KitA
DatasetA_sample028	G091	0.426514	DatasetA	KitA
DatasetA_sample028	G092	0.643959	DatasetA	KitA
DatasetA_sample028	G093	0.564224	DatasetA	KitA
DatasetA_sample028	G094	0.273746	DatasetA	KitA
DatasetA_sample028	G095	0.687334	DatasetA	KitA
DatasetA_sample028	G096	0.690833	DatasetA	KitA
DatasetA_sample028	G097	0.622068	DatasetA	KitA
DatasetA_sample028	G098	0.628338	DatasetA	KitA
DatasetA_sample028	G099	0.169561	DatasetA	KitA
DatasetA_sample028	G100	0.677213	DatasetA	KitA
DatasetA_sample028	G101	0.406459	DatasetA	KitA
DatasetA_sample028	G102	0.701726	DatasetA	KitA
DatasetA_sample028	G104	0.700117	DatasetA	KitA
DatasetA_sample028	G105	0.615375	DatasetA	KitA
DatasetA_sample028	G106	0.245384	DatasetA	KitA
DatasetA_sample028	G107	0.594401	DatasetA	KitA
DatasetA_sample028	G108	0.714735	DatasetA	KitA
DatasetA_sample028	G109	0.741326	DatasetA	KitA
DatasetA_sample028	G110	0.558	DatasetA	KitA
DatasetA_sample028	G111	0.675547	DatasetA	KitA
DatasetA_sample028	G112	0.29048	DatasetA	KitA
DatasetA_sample028	G113	0.746565	DatasetA	KitA
DatasetA_sample028	G114	0.47678	DatasetA	KitA
DatasetA_sample028	G115	0.869568	DatasetA	KitA
DatasetA_sample028	G116	0.743628	DatasetA	KitA
DatasetA_sample028	G117	0.61431	DatasetA	KitA
DatasetA_sample028	G118	0.670367	DatasetA	KitA
DatasetA_sample028	G119	0.507238	DatasetA	KitA
DatasetA_sample028	G120	0.798436	DatasetA	KitA
DatasetA_sample028	G121	0.61887	DatasetA	KitA
DatasetA_sample028	G122	0.494695	DatasetA	KitA
DatasetA_sample028	G123	0.449969	DatasetA	KitA
DatasetA_sample028	G124	0.414994	DatasetA	KitA
DatasetA_sample028	G125	0.575855	DatasetA	KitA
DatasetA_sample028	G126	0.700428	DatasetA	KitA
DatasetA_sample028	G127	0.638017	DatasetA	KitA
DatasetA_sample028	G128	0.689625	DatasetA	KitA
DatasetA_sample028	G129	0.598003	DatasetA	KitA
DatasetA_sample028	G130	0.187734	DatasetA	KitA
DatasetA_sample028	G131	0.301456	DatasetA	KitA
DatasetA_sample028	G132	0.530282	DatasetA	KitA
DatasetA_sample028	G133	0.33658	DatasetA	KitA
DatasetA_sample028	G134	0.84818	DatasetA	KitA
DatasetA_sample028	G136	0.476762	DatasetA	KitA
DatasetA_sample028	G137	0.569193	DatasetA	KitA
DatasetA_sample028	G138	0.186717	DatasetA	KitA
DatasetA_sample028	G139	0.33138	DatasetA	KitA
DatasetA_sample028	G140	0.703636	DatasetA	KitA
DatasetA_sample028	G141	0.418807	DatasetA	KitA
DatasetA_sample028	G144	0.371888	DatasetA	KitA
DatasetA_sample028	G145	0.467792	DatasetA	KitA
DatasetA_sample028	G147	0.286186	DatasetA	KitA
DatasetA_sample028	G148	0.561222	DatasetA	KitA
DatasetA_sample028	G151	0.498564	DatasetA	KitA
DatasetA_sample028	G153	0.159984	DatasetA	KitA
DatasetA_sample028	G155	0.12932	DatasetA	KitA
DatasetA_sample028	G156	0.304184	DatasetA	KitA
DatasetA_sample028	G157	0.520517	DatasetA	KitA
DatasetA_sample028	G158	0.557035	DatasetA	KitA
DatasetA_sample028	G159	0.510513	DatasetA	KitA
DatasetA_sample028	G160	0.58296	DatasetA	KitA
DatasetA_sample028	G163	0.151633	DatasetA	KitA
DatasetA_sample028	G164	0.517535	DatasetA	KitA
DatasetA_sample028	G165	0.441911	DatasetA	KitA
DatasetA_sample028	G168	0.319596	DatasetA	KitA
DatasetA_sample028	G169	0.384657	DatasetA	KitA
DatasetA_sample028	G170	0.260949	DatasetA	KitA
DatasetA_sample028	G180	0.187392	DatasetA	KitA
DatasetA_sample028	G181	0.404522	DatasetA	KitA
DatasetA_sample028	G182	0.17274	DatasetA	KitA
DatasetA_sample028	G183	0.247784	DatasetA	KitA
DatasetA_sample028	G192	0.019657	DatasetA	KitA
DatasetA_sample028	G195	0.344086	DatasetA	KitA
DatasetA_sample029	G001	0.852312	DatasetA	KitA
DatasetA_sample029	G002	0.82405	DatasetA	KitA
DatasetA_sample029	G003	0.655443	DatasetA	KitA
DatasetA_sample029	G004	0.931176	DatasetA	KitA
DatasetA_sample029	G005	0.694976	DatasetA	KitA
DatasetA_sample029	G006	0.61305	DatasetA	KitA
DatasetA_sample029	G007	0.854365	DatasetA	KitA
DatasetA_sample029	G008	0.878665	DatasetA	KitA
DatasetA_sample029	G009	0.856299	DatasetA	KitA
DatasetA_sample029	G010	0.368722	DatasetA	KitA
DatasetA_sample029	G011	0.427519	DatasetA	KitA
DatasetA_sample029	G012	0.928248	DatasetA	KitA
DatasetA_sample029	G013	0.830809	DatasetA	KitA
DatasetA_sample029	G014	0.648404	DatasetA	KitA
DatasetA_sample029	G015	0.908506	DatasetA	KitA
DatasetA_sample029	G016	0.550195	DatasetA	KitA
DatasetA_sample029	G017	0.663032	DatasetA	KitA
DatasetA_sample029	G018	0.88606	DatasetA	KitA
DatasetA_sample029	G019	0.716494	DatasetA	KitA
DatasetA_sample029	G020	0.807252	DatasetA	KitA
DatasetA_sample029	G021	0.861314	DatasetA	KitA
DatasetA_sample029	G022	0.497557	DatasetA	KitA
DatasetA_sample029	G023	0.892692	DatasetA	KitA
DatasetA_sample029	G024	0.696322	DatasetA	KitA
DatasetA_sample029	G025	0.606631	DatasetA	KitA
DatasetA_sample029	G026	0.746835	DatasetA	KitA
DatasetA_sample029	G027	0.722473	DatasetA	KitA
DatasetA_sample029	G028	0.724395	DatasetA	KitA
DatasetA_sample029	G029	0.798697	DatasetA	KitA
DatasetA_sample029	G030	0.698651	DatasetA	KitA
DatasetA_sample029	G031	0.626522	DatasetA	KitA
DatasetA_sample029	G032	0.61105	DatasetA	KitA
DatasetA_sample029	G033	0.894352	DatasetA	KitA
DatasetA_sample029	G034	0.649273	DatasetA	KitA
DatasetA_sample029	G035	0.285661	DatasetA	KitA
DatasetA_sample029	G036	0.681682	DatasetA	KitA
DatasetA_sample029	G037	0.51663	DatasetA	KitA
DatasetA_sample029	G038	0.919447	DatasetA	KitA
DatasetA_sample029	G039	0.860526	DatasetA	KitA
DatasetA_sample029	G040	0.701733	DatasetA	KitA
DatasetA_sample029	G041	0.545669	DatasetA	KitA
DatasetA_sample029	G042	0.935338	DatasetA	KitA
DatasetA_sample029	G043	0.602846	DatasetA	KitA
DatasetA_sample029	G044	0.895096	DatasetA	KitA
DatasetA_sample029	G045	0.883602	DatasetA	KitA
DatasetA_sample029	G046	0.543088	DatasetA	KitA
DatasetA_sample029	G047	0.78824	DatasetA	KitA
DatasetA_sample029	G048	0.760205	DatasetA	KitA
DatasetA_sample029	G049	0.775231	DatasetA	KitA
DatasetA_sample029	G050	0.771649	DatasetA	KitA
DatasetA_sample029	G081	0.819093	DatasetA	KitA
DatasetA_sample029	G082	0.778943	DatasetA	KitA
DatasetA_sample029	G083	0.425843	DatasetA	KitA
DatasetA_sample029	G084	0.608091	DatasetA	KitA
DatasetA_sample029	G085	0.781592	DatasetA	KitA
DatasetA_sample029	G086	0.867057	DatasetA	KitA
DatasetA_sample029	G087	0.2849	DatasetA	KitA
DatasetA_sample029	G088	0.768101	DatasetA	KitA
DatasetA_sample029	G089	0.637844	DatasetA	KitA
DatasetA_sample029	G090	0.221799	DatasetA	KitA
DatasetA_sample029	G091	0.506784	DatasetA	KitA
DatasetA_sample029	G092	0.600218	DatasetA	KitA
DatasetA_sample029	G094	0.751866	DatasetA	KitA
DatasetA_sample029	G095	0.548548	DatasetA	KitA
DatasetA_sample029	G096	0.397631	DatasetA	KitA
DatasetA_sample029	G097	0.44862	DatasetA	KitA
DatasetA_sample029	G098	0.355207	DatasetA	KitA
DatasetA_sample029	G099	0.875194	DatasetA	KitA
DatasetA_sample029	G100	0.769179	DatasetA	KitA
DatasetA_sample029	G101	0.723433	DatasetA	KitA
DatasetA_sample029	G102	0.581838	DatasetA	KitA
DatasetA_sample029	G103	0.518912	DatasetA	KitA
DatasetA_sample029	G104	0.389603	DatasetA	KitA
DatasetA_sample029	G105	0.401332	DatasetA	KitA
DatasetA_sample029	G106	0.301216	DatasetA	KitA
DatasetA_sample029	G107	0.641911	DatasetA	KitA
DatasetA_sample029	G108	0.576746	DatasetA	KitA
DatasetA_sample029	G110	0.244369	DatasetA	KitA
DatasetA_sample029	G111	0.521023	DatasetA	KitA
DatasetA_sample029	G112	0.220401	DatasetA	KitA
DatasetA_sample029	G113	0.50073	DatasetA	KitA
DatasetA_sample029	G114	0.529493	DatasetA	KitA
DatasetA_sample029	G115	0.37851	DatasetA	KitA
DatasetA_sample029	G116	0.671472	DatasetA	KitA
DatasetA_sample029	G117	0.312484	DatasetA	KitA
DatasetA_sample029	G118	0.795101	DatasetA	KitA
DatasetA_sample029	G119	0.566755	DatasetA	KitA
DatasetA_sample029	G120	0.538451	DatasetA	KitA
DatasetA_sample029	G121	0.684341	DatasetA	KitA
DatasetA_sample029	G122	0.764065	DatasetA	KitA
DatasetA_sample029	G123	0.565122	DatasetA	KitA
DatasetA_sample029	G124	0.704893	DatasetA	KitA
DatasetA_sample029	G125	0.500119	DatasetA	KitA
DatasetA_sample029	G126	0.466023	DatasetA	KitA
DatasetA_sample029	G127	0.475413	DatasetA	KitA
DatasetA_sample029	G128	0.516739	DatasetA	KitA
DatasetA_sample029	G129	0.47275	DatasetA	KitA
DatasetA_sample029	G130	0.770268	DatasetA	KitA
DatasetA_sample029	G131	0.470521	DatasetA	KitA
DatasetA_sample029	G132	0.495418	DatasetA	KitA
DatasetA_sample029	G133	0.759995	DatasetA	KitA
DatasetA_sample029	G134	0.499073	DatasetA	KitA
DatasetA_sample029	G135	0.412892	DatasetA	KitA
DatasetA_sample029	G136	0.163683	DatasetA	KitA
DatasetA_sample029	G137	0.48146	DatasetA	KitA
DatasetA_sample029	G138	0.849779	DatasetA	KitA
DatasetA_sample029	G139	0.686757	DatasetA	KitA
DatasetA_sample029	G140	0.381842	DatasetA	KitA
DatasetA_sample029	G141	0.538811	DatasetA	KitA
DatasetA_sample029	G142	0.336878	DatasetA	KitA
DatasetA_sample029	G143	0.13166	DatasetA	KitA
DatasetA_sample029	G145	0.460997	DatasetA	KitA
DatasetA_sample029	G146	0.433997	DatasetA	KitA
DatasetA_sample029	G148	0.564355	DatasetA	KitA
DatasetA_sample029	G149	0.249493	DatasetA	KitA
DatasetA_sample029	G150	0.633052	DatasetA	KitA
DatasetA_sample029	G151	0.22319	DatasetA	KitA
DatasetA_sample029	G153	0.47189	DatasetA	KitA
DatasetA_sample029	G155	0.824818	DatasetA	KitA
DatasetA_sample029	G156	0.548114	DatasetA	KitA
DatasetA_sample029	G157	0.333785	DatasetA	KitA
DatasetA_sample029	G160	0.391266	DatasetA	KitA
DatasetA_sample029	G162	0.255373	DatasetA	KitA
DatasetA_sample029	G163	0.574246	DatasetA	KitA
DatasetA_sample029	G164	0.666982	DatasetA	KitA
DatasetA_sample029	G166	0.474541	DatasetA	KitA
DatasetA_sample029	G168	0.279299	DatasetA	KitA
DatasetA_sample029	G169	0.428155	DatasetA	KitA
DatasetA_sample029	G170	0.33397	DatasetA	KitA
DatasetA_sample029	G173	0.2676	DatasetA	KitA
DatasetA_sample029	G177	0.269049	DatasetA	KitA
DatasetA_sample029	G178	0.24221	DatasetA	KitA
DatasetA_sample029	G181	0.233167	DatasetA	KitA
DatasetA_sample029	G186	0.100218	DatasetA	KitA
DatasetA_sample029	G189	0.274996	DatasetA	KitA
DatasetA_sample029	G192	0.401982	DatasetA	KitA
DatasetA_sample029	G199	0.47745	DatasetA	KitA
DatasetA_sample030	G001	0.915781	DatasetA	KitA
DatasetA_sample030	G002	0.797411	DatasetA	KitA
DatasetA_sample030	G003	0.583283	DatasetA	KitA
DatasetA_sample030	G004	0.671026	DatasetA	KitA
DatasetA_sample030	G005	0.896742	DatasetA	KitA
DatasetA_sample030	G006	0.782223	DatasetA	KitA
DatasetA_sample030	G007	0.918252	DatasetA	KitA
DatasetA_sample030	G008	0.878561	DatasetA	KitA
DatasetA_sample030	G009	0.687407	DatasetA	KitA
DatasetA_sample030	G010	0.736498	DatasetA	KitA
DatasetA_sample030	G011	0.555963	DatasetA	KitA
DatasetA_sample030	G012	0.898994	DatasetA	KitA
DatasetA_sample030	G013	0.790293	DatasetA	KitA
DatasetA_sample030	G014	0.754563	DatasetA	KitA
DatasetA_sample030	G015	0.758588	DatasetA	KitA
DatasetA_sample030	G016	0.968998	DatasetA	KitA
DatasetA_sample030	G017	0.958713	DatasetA	KitA
DatasetA_sample030	G018	0.748099	DatasetA	KitA
DatasetA_sample030	G019	0.911614	DatasetA	KitA
DatasetA_sample030	G020	0.898545	DatasetA	KitA
DatasetA_sample030	G021	0.835627	DatasetA	KitA
DatasetA_sample030	G022	0.986269	DatasetA	KitA
DatasetA_sample030	G023	0.586166	DatasetA	KitA
DatasetA_sample030	G024	0.588605	DatasetA	KitA
DatasetA_sample030	G025	0.887754	DatasetA	KitA
DatasetA_sample030	G026	0.636764	DatasetA	KitA
DatasetA_sample030	G027	0.808242	DatasetA	KitA
DatasetA_sample030	G028	0.552315	DatasetA	KitA
DatasetA_sample030	G029	0.65377	DatasetA	KitA
DatasetA_sample030	G030	0.844133	DatasetA	KitA
DatasetA_sample030	G031	0.815095	DatasetA	KitA
DatasetA_sample030	G032	0.664908	DatasetA	KitA
DatasetA_sample030	G033	0.800559	DatasetA	KitA
DatasetA_sample030	G034	0.679026	DatasetA	KitA
DatasetA_sample030	G035	0.824158	DatasetA	KitA
DatasetA_sample030	G036	0.773471	DatasetA	KitA
DatasetA_sample030	G037	0.777944	DatasetA	KitA
DatasetA_sample030	G038	0.730131	DatasetA	KitA
DatasetA_sample030	G039	0.492335	DatasetA	KitA
DatasetA_sample030	G040	0.711178	DatasetA	KitA
DatasetA_sample030	G041	0.842501	DatasetA	KitA
DatasetA_sample030	G042	0.690482	DatasetA	KitA
DatasetA_sample030	G043	0.918569	DatasetA	KitA
DatasetA_sample030	G044	0.834367	DatasetA	KitA
DatasetA_sample030	G045	0.731629	DatasetA	KitA
DatasetA_sample030	G046	0.848372	DatasetA	KitA
DatasetA_sample030	G047	0.417002	DatasetA	KitA
DatasetA_sample030	G048	0.489071	DatasetA	KitA
DatasetA_sample030	G049	0.775269	DatasetA	KitA
DatasetA_sample030	G050	0.829306	DatasetA	KitA
DatasetA_sample030	G081	0.505509	DatasetA	KitA
DatasetA_sample030	G082	0.543432	DatasetA	KitA
DatasetA_sample030	G083	0.459552	DatasetA	KitA
DatasetA_sample030	G084	0.409133	DatasetA	KitA
DatasetA_sample030	G085	0.612026	DatasetA	KitA
DatasetA_sample030	G086	0.451289	DatasetA	KitA
DatasetA_sample030	G087	0.520796	DatasetA	KitA
DatasetA_sample030	G088	0.799285	DatasetA	KitA
DatasetA_sample030	G089	0.695761	DatasetA	KitA
DatasetA_sample030	G091	0.649659	DatasetA	KitA
DatasetA_sample030	G092	0.607754	DatasetA	KitA
DatasetA_sample030	G093	0.609673	DatasetA	KitA
DatasetA_sample030	G094	0.481226	DatasetA	KitA
DatasetA_sample030	G095	0.295727	DatasetA	KitA
DatasetA_sample030	G096	0.813726	DatasetA	KitA
DatasetA_sample030	G097	0.69377	DatasetA	KitA
DatasetA_sample030	G098	0.791903	DatasetA	KitA
DatasetA_sample030	G099	0.852828	DatasetA	KitA
DatasetA_sample030	G101	0.505745	DatasetA	KitA
DatasetA_sample030	G102	0.613893	DatasetA	KitA
DatasetA_sample030	G103	0.391107	DatasetA	KitA
DatasetA_sample030	G104	0.775522	DatasetA	KitA
DatasetA_sample030	G105	0.761799	DatasetA	KitA
DatasetA_sample030	G106	0.496079	DatasetA	KitA
DatasetA_sample030	G107	0.446593	DatasetA	KitA
DatasetA_sample030	G108	0.470005	DatasetA	KitA
DatasetA_sample030	G109	0.433313	DatasetA	KitA
DatasetA_sample030	G110	0.428784	DatasetA	KitA
DatasetA_sample030	G111	0.302017	DatasetA	KitA
DatasetA_sample030	G112	0.608913	DatasetA	KitA
DatasetA_sample030	G113	0.651331	DatasetA	KitA
DatasetA_sample030	G114	0.591723	DatasetA	KitA
DatasetA_sample030	G115	0.503976	DatasetA	KitA
DatasetA_sample030	G116	0.329815	DatasetA	KitA
DatasetA_sample030	G117	0.252961	DatasetA	KitA
DatasetA_sample030	G118	0.286144	DatasetA	KitA
DatasetA_sample030	G119	0.795896	DatasetA	KitA
DatasetA_sample030	G120	0.681634	DatasetA	KitA
DatasetA_sample030	G121	0.570277	DatasetA	KitA
DatasetA_sample030	G122	0.603187	DatasetA	KitA
DatasetA_sample030	G123	0.796499	DatasetA	KitA
DatasetA_sample030	G124	0.329021	DatasetA	KitA
DatasetA_sample030	G125	0.682279	DatasetA	KitA
DatasetA_sample030	G126	0.640788	DatasetA	KitA
DatasetA_sample030	G127	0.570492	DatasetA	KitA
DatasetA_sample030	G128	0.829105	DatasetA	KitA
DatasetA_sample030	G129	0.316856	DatasetA	KitA
DatasetA_sample030	G130	0.631927	DatasetA	KitA
DatasetA_sample030	G131	0.593121	DatasetA	KitA
DatasetA_sample030	G132	0.664977	DatasetA	KitA
DatasetA_sample030	G133	0.529853	DatasetA	KitA
DatasetA_sample030	G134	0.792022	DatasetA	KitA
DatasetA_sample030	G135	0.79415	DatasetA	KitA
DatasetA_sample030	G136	0.25645	DatasetA	KitA
DatasetA_sample030	G137	0.430829	DatasetA	KitA
DatasetA_sample030	G138	0.358503	DatasetA	KitA
DatasetA_sample030	G139	0.917006	DatasetA	KitA
DatasetA_sample030	G140	0.799928	DatasetA	KitA
DatasetA_sample030	G141	0.307293	DatasetA	KitA
DatasetA_sample030	G142	0.557905	DatasetA	KitA
DatasetA_sample030	G143	0.628028	DatasetA	KitA
DatasetA_sample030	G144	0.474541	DatasetA	KitA
DatasetA_sample030	G145	0.612948	DatasetA	KitA
DatasetA_sample030	G146	0.628431	DatasetA	KitA
DatasetA_sample030	G147	0.226058	DatasetA	KitA
DatasetA_sample030	G148	0.239898	DatasetA	KitA
DatasetA_sample030	G150	0.552145	DatasetA	KitA
DatasetA_sample030	G152	0.321479	DatasetA	KitA
DatasetA_sample030	G153	0.469597	DatasetA	KitA
DatasetA_sample030	G154	0.763657	DatasetA	KitA
DatasetA_sample030	G155	0.204532	DatasetA	KitA
DatasetA_sample030	G157	0.58454	DatasetA	KitA
DatasetA_sample030	G159	0.511856	DatasetA	KitA
DatasetA_sample030	G160	0.285142	DatasetA	KitA
DatasetA_sample030	G161	0.428877	DatasetA	KitA
DatasetA_sample030	G163	0.392794	DatasetA	KitA
DatasetA_sample030	G164	0.564998	DatasetA	KitA
DatasetA_sample030	G166	0.542221	DatasetA	KitA
DatasetA_sample030	G167	0.626074	DatasetA	KitA
DatasetA_sample030	G168	0.164055	DatasetA	KitA
DatasetA_sample030	G170	0.473527	DatasetA	KitA
DatasetA_sample030	G177	0.647653	DatasetA	KitA
DatasetA_sample030	G182	0.252648	DatasetA	KitA
DatasetA_sample030	G184	0.159939	DatasetA	KitA
DatasetA_sample030	G188	0.200526	DatasetA	KitA
DatasetA_sample030	G199	0.191485	DatasetA	KitA
DatasetA_sample031	G001	0.945875	DatasetA	KitA
DatasetA_sample031	G002	0.584216	DatasetA	KitA
DatasetA_sample031	G003	0.44466	DatasetA	KitA
DatasetA_sample031	G004	0.8354	DatasetA	KitA
DatasetA_sample031	G005	0.685462	DatasetA	KitA
DatasetA_sample031	G006	0.728399	DatasetA	KitA
DatasetA_sample031	G007	0.747824	DatasetA	KitA
DatasetA_sample031	G008	0.596516	DatasetA	KitA
DatasetA_sample031	G009	0.542508	DatasetA	KitA
DatasetA_sample031	G010	0.865288	DatasetA	KitA
DatasetA_sample031	G011	0.796925	DatasetA	KitA
DatasetA_sample031	G012	0.763427	DatasetA	KitA
DatasetA_sample031	G013	0.936813	DatasetA	KitA
DatasetA_sample031	G014	0.619686	DatasetA	KitA
DatasetA_sample031	G015	0.865177	DatasetA	KitA
DatasetA_sample031	G016	0.853463	DatasetA	KitA
DatasetA_sample031	G017	0.74267	DatasetA	KitA
DatasetA_sample031	G018	0.914362	DatasetA	KitA
DatasetA_sample031	G019	0.608457	DatasetA	KitA
DatasetA_sample031	G020	0.697061	DatasetA	KitA
DatasetA_sample031	G021	0.902271	DatasetA	KitA
DatasetA_sample031	G022	0.59501	DatasetA	KitA
DatasetA_sample031	G023	0.74331	DatasetA	KitA
DatasetA_sample031	G024	0.71142	DatasetA	KitA
DatasetA_sample031	G025	0.807322	DatasetA	KitA
DatasetA_sample031	G026	0.487577	DatasetA	KitA
DatasetA_sample031	G027	0.894353	DatasetA	KitA
DatasetA_sample031	G028	0.926422	DatasetA	KitA
DatasetA_sample031	G029	0.579137	DatasetA	KitA
DatasetA_sample031	G030	0.705035	DatasetA	KitA
DatasetA_sample031	G031	0.559268	DatasetA	KitA
DatasetA_sample031	G032	0.823356	DatasetA	KitA
DatasetA_sample031	G033	0.851618	DatasetA	KitA
DatasetA_sample031	G034	0.670782	DatasetA	KitA
DatasetA_sample031	G035	0.975041	DatasetA	KitA
DatasetA_sample031	G036	0.667163	DatasetA	KitA
DatasetA_sample031	G037	0.680495	DatasetA	KitA
DatasetA_sample031	G038	0.742214	DatasetA	KitA
DatasetA_sample031	G039	0.706192	DatasetA	KitA
DatasetA_sample031	G040	0.507928	DatasetA	KitA
DatasetA_sample031	G041	0.522133	DatasetA	KitA
DatasetA_sample031	G042	0.614067	DatasetA	KitA
DatasetA_sample031	G043	0.871773	DatasetA	KitA
DatasetA_sample031	G044	0.533674	DatasetA	KitA
DatasetA_sample031	G045	0.662752	DatasetA	KitA
DatasetA_sample031	G046	0.836879	DatasetA	KitA
DatasetA_sample031	G047	0.583483	DatasetA	KitA
DatasetA_sample031	G048	0.553471	DatasetA	KitA
DatasetA_sample031	G049	0.750127	DatasetA	KitA
DatasetA_sample031	G050	0.451459	DatasetA	KitA
DatasetA_sample031	G081	0.718703	DatasetA	KitA
DatasetA_sample031	G082	0.465197	DatasetA	KitA
DatasetA_sample031	G083	0.241933	DatasetA	KitA
DatasetA_sample031	G084	0.768858	DatasetA	KitA
DatasetA_sample031	G085	0.634271	DatasetA	KitA
DatasetA_sample031	G086	0.737815	DatasetA	KitA
DatasetA_sample031	G087	0.597243	DatasetA	KitA
DatasetA_sample031	G088	0.761007	DatasetA	KitA
DatasetA_sample031	G089	0.355418	DatasetA	KitA
DatasetA_sample031	G090	0.798917	DatasetA	KitA
DatasetA_sample031	G091	0.417547	DatasetA	KitA
DatasetA_sample031	G092	0.458274	DatasetA	KitA
DatasetA_sample031	G093	0.689637	DatasetA	KitA
DatasetA_sample031	G094	0.794749	DatasetA	KitA
DatasetA_sample031	G095	0.304683	DatasetA	KitA
DatasetA_sample031	G097	0.781724	DatasetA	KitA
DatasetA_sample031	G098	0.470363	DatasetA	KitA
DatasetA_sample031	G099	0.792416	DatasetA	KitA
DatasetA_sample031	G100	0.607015	DatasetA	KitA
DatasetA_sample031	G101	0.673498	DatasetA	KitA
DatasetA_sample031	G102	0.690437	DatasetA	KitA
DatasetA_sample031	G103	0.282613	DatasetA	KitA
DatasetA_sample031	G104	0.74758	DatasetA	KitA
DatasetA_sample031	G105	0.778694	DatasetA	KitA
DatasetA_sample031	G106	0.763221	DatasetA	KitA
DatasetA_sample031	G107	0.489095	DatasetA	KitA
DatasetA_sample031	G108	0.550877	DatasetA	KitA
DatasetA_sample031	G109	0.476214	DatasetA	KitA
DatasetA_sample031	G110	0.651674	DatasetA	KitA
DatasetA_sample031	G111	0.706052	DatasetA	KitA
DatasetA_sample031	G112	0.384556	DatasetA	KitA
DatasetA_sample031	G113	0.499683	DatasetA	KitA
DatasetA_sample031	G114	0.745747	DatasetA	KitA
DatasetA_sample031	G115	0.435918	DatasetA	KitA
DatasetA_sample031	G116	0.271619	DatasetA	KitA
DatasetA_sample031	G117	0.693896	DatasetA	KitA
DatasetA_sample031	G118	0.41307	DatasetA	KitA
DatasetA_sample031	G119	0.676018	DatasetA	KitA
DatasetA_sample031	G120	0.611278	DatasetA	KitA
DatasetA_sample031	G121	0.155219	DatasetA	KitA
DatasetA_sample031	G122	0.49484	DatasetA	KitA
DatasetA_sample031	G123	0.58302	DatasetA	KitA
DatasetA_sample031	G124	0.592953	DatasetA	KitA
DatasetA_sample031	G125	0.571353	DatasetA	KitA
DatasetA_sample031	G126	0.183235	DatasetA	KitA
DatasetA_sample031	G127	0.664989	DatasetA	KitA
DatasetA_sample031	G128	0.605842	DatasetA	KitA
DatasetA_sample031	G129	0.442125	DatasetA	KitA
DatasetA_sample031	G130	0.526665	DatasetA	KitA
DatasetA_sample031	G131	0.74981	DatasetA	KitA
DatasetA_sample031	G132	0.368001	DatasetA	KitA
DatasetA_sample031	G133	0.716516	DatasetA	KitA
DatasetA_sample031	G134	0.471636	DatasetA	KitA
DatasetA_sample031	G135	0.587952	DatasetA	KitA
DatasetA_sample031	G136	0.592415	DatasetA	KitA
DatasetA_sample031	G137	0.549114	DatasetA	KitA
DatasetA_sample031	G138	0.428368	DatasetA	KitA
DatasetA_sample031	G139	0.617173	DatasetA	KitA
DatasetA_sample031	G140	0.612444	DatasetA	KitA
DatasetA_sample031	G141	0.191353	DatasetA	KitA
DatasetA_sample031	G142	0.388949	DatasetA	KitA
DatasetA_sample031	G144	0.646611	DatasetA	KitA
DatasetA_sample031	G145	0.405271	DatasetA	KitA
DatasetA_sample031	G148	0.733243	DatasetA	KitA
DatasetA_sample031	G149	0.350829	DatasetA	KitA
DatasetA_sample031	G150	0.519511	DatasetA	KitA
DatasetA_sample031	G151	0.339927	DatasetA	KitA
DatasetA_sample031	G152	0.284129	DatasetA	KitA
DatasetA_sample031	G153	0.578183	DatasetA	KitA
DatasetA_sample031	G154	0.744494	DatasetA	KitA
DatasetA_sample031	G155	0.388307	DatasetA	KitA
DatasetA_sample031	G160	0.318665	DatasetA	KitA
DatasetA_sample031	G161	0.512302	DatasetA	KitA
DatasetA_sample031	G162	0.542305	DatasetA	KitA
DatasetA_sample031	G163	0.379838	DatasetA	KitA
DatasetA_sample031	G164	0.652823	DatasetA	KitA
DatasetA_sample031	G166	0.631439	DatasetA	KitA
DatasetA_sample031	G167	0.491668	DatasetA	KitA
DatasetA_sample031	G169	0.435303	DatasetA	KitA
DatasetA_sample031	G170	0.507832	DatasetA	KitA
DatasetA_sample031	G172	0.309202	DatasetA	KitA
DatasetA_sample031	G173	0.281423	DatasetA	KitA
DatasetA_sample031	G180	0.075656	DatasetA	KitA
DatasetA_sample031	G181	0.523608	DatasetA	KitA
DatasetA_sample031	G185	0.182922	DatasetA	KitA
DatasetA_sample031	G197	0.189737	DatasetA	KitA
DatasetA_sample031	G199	0.208111	DatasetA	KitA
DatasetA_sample031	G200	0.278064	DatasetA	KitA
DatasetA_sample032	G001	0.781077	DatasetA	KitA
DatasetA_sample032	G002	0.532829	DatasetA	KitA
DatasetA_sample032	G003	0.803963	DatasetA	KitA
DatasetA_sample032	G004	0.834275	DatasetA	KitA
DatasetA_sample032	G005	0.781939	DatasetA	KitA
DatasetA_sample032	G006	0.433298	DatasetA	KitA
DatasetA_sample032	G007	0.715646	DatasetA	KitA
DatasetA_sample032	G008	0.824464	DatasetA	KitA
DatasetA_sample032	G009	0.571768	DatasetA	KitA
DatasetA_sample032	G010	0.778019	DatasetA	KitA
DatasetA_sample032	G011	0.503132	DatasetA	KitA
DatasetA_sample032	G012	0.899407	DatasetA	KitA
DatasetA_sample032	G013	0.621084	DatasetA	KitA
DatasetA_sample032	G014	0.588642	DatasetA	KitA
DatasetA_sample032	G015	0.535958	DatasetA	KitA
DatasetA_sample032	G016	0.510974	DatasetA	KitA
DatasetA_sample032	G017	0.844256	DatasetA	KitA
DatasetA_sample032	G018	0.746245	DatasetA	KitA
DatasetA_sample032	G019	0.949768	DatasetA	KitA
DatasetA_sample032	G020	0.651509	DatasetA	KitA
DatasetA_sample032	G021	0.374865	DatasetA	KitA
DatasetA_sample032	G022	0.853507	DatasetA	KitA
DatasetA_sample032	G023	0.588917	DatasetA	KitA
DatasetA_sample032	G024	0.643278	DatasetA	KitA
DatasetA_sample032	G025	0.910027	DatasetA	KitA
DatasetA_sample032	G026	0.816728	DatasetA	KitA
DatasetA_sample032	G027	0.902242	DatasetA	KitA
DatasetA_sample032	G028	0.46307	DatasetA	KitA
DatasetA_sample032	G029	0.937679	DatasetA	KitA
DatasetA_sample032	G030	0.426184	DatasetA	KitA
DatasetA_sample032	G031	0.816961	DatasetA	KitA
DatasetA_sample032	G032	0.46836	DatasetA	KitA
DatasetA_sample032	G033	0.806317	DatasetA	KitA
DatasetA_sample032	G034	0.577251	DatasetA	KitA
DatasetA_sample032	G035	0.67106	DatasetA	KitA
DatasetA_sample032	G036	0.828576	DatasetA	KitA
DatasetA_sample032	G037	0.809039	DatasetA	KitA
DatasetA_sample032	G038	0.892349	DatasetA	KitA
DatasetA_sample032	G039	0.484513	DatasetA	KitA
DatasetA_sample032	G040	0.738987	DatasetA	KitA
DatasetA_sample032	G041	0.717858	DatasetA	KitA
DatasetA_sample032	G042	0.665872	DatasetA	KitA
DatasetA_sample032	G043	0.767733	DatasetA	KitA
DatasetA_sample032	G044	0.509031	DatasetA	KitA
DatasetA_sample032	G045	0.536953	DatasetA	KitA
DatasetA_sample032	G046	0.45591	DatasetA	KitA
DatasetA_sample032	G047	0.762567	DatasetA	KitA
DatasetA_sample032	G048	0.836142	DatasetA	KitA
DatasetA_sample032	G049	0.776168	DatasetA	KitA
DatasetA_sample032	G050	0.910671	DatasetA	KitA
DatasetA_sample032	G081	0.669977	DatasetA	KitA
DatasetA_sample032	G082	0.631395	DatasetA	KitA
DatasetA_sample032	G083	0.848216	DatasetA	KitA
DatasetA_sample032	G084	0.284938	DatasetA	KitA
DatasetA_sample032	G085	0.525851	DatasetA	KitA
DatasetA_sample032	G086	0.516694	DatasetA	KitA
DatasetA_sample032	G087	0.785275	DatasetA	KitA
DatasetA_sample032	G088	0.790552	DatasetA	KitA
DatasetA_sample032	G089	0.935526	DatasetA	KitA
DatasetA_sample032	G090	0.773702	DatasetA	KitA
DatasetA_sample032	G091	0.486752	DatasetA	KitA
DatasetA_sample032	G092	0.751198	DatasetA	KitA
DatasetA_sample032	G093	0.748616	DatasetA	KitA
DatasetA_sample032	G094	0.675684	DatasetA	KitA
DatasetA_sample032	G095	0.486328	DatasetA	KitA
DatasetA_sample032	G096	0.413227	DatasetA	KitA
DatasetA_sample032	G097	0.655323	DatasetA	KitA
DatasetA_sample032	G098	0.478922	DatasetA	KitA
DatasetA_sample032	G099	0.809974	DatasetA	KitA
DatasetA_sample032	G100	0.620892	DatasetA	KitA
DatasetA_sample032	G101	0.611591	DatasetA	KitA
DatasetA_sample032	G102	0.618519	DatasetA	KitA
DatasetA_sample032	G103	0.535318	DatasetA	KitA
DatasetA_sample032	G104	0.201667	DatasetA	KitA
DatasetA_sample032	G105	0.7066	DatasetA	KitA
DatasetA_sample032	G106	0.838675	DatasetA	KitA
DatasetA_sample032	G107	0.488076	DatasetA	KitA
DatasetA_sample032	G108	0.687336	DatasetA	KitA
DatasetA_sample032	G109	0.687581	DatasetA	KitA
DatasetA_sample032	G110	0.912372	DatasetA	KitA
DatasetA_sample032	G111	0.304354	DatasetA	KitA
DatasetA_sample032	G112	0.767461	DatasetA	KitA
DatasetA_sample032	G113	0.443267	DatasetA	KitA
DatasetA_sample032	G114	0.350223	DatasetA	KitA
DatasetA_sample032	G115	0.558058	DatasetA	KitA
DatasetA_sample032	G116	0.397845	DatasetA	KitA
DatasetA_sample032	G117	0.409558	DatasetA	KitA
DatasetA_sample032	G118	0.861107	DatasetA	KitA
DatasetA_sample032	G119	0.481633	DatasetA	KitA
DatasetA_sample032	G120	0.861403	DatasetA	KitA
DatasetA_sample032	G121	0.570834	DatasetA	KitA
DatasetA_sample032	G122	0.588618	DatasetA	KitA
DatasetA_sample032	G123	0.667832	DatasetA	KitA
DatasetA_sample032	G124	0.682186	DatasetA	KitA
DatasetA_sample032	G125	0.576583	DatasetA	KitA
DatasetA_sample032	G126	0.44979	DatasetA	KitA
DatasetA_sample032	G128	0.300274	DatasetA	KitA
DatasetA_sample032	G129	0.575592	DatasetA	KitA
DatasetA_sample032	G130	0.291592	DatasetA	KitA
DatasetA_sample032	G131	0.634771	DatasetA	KitA
DatasetA_sample032	G132	0.545364	DatasetA	KitA
DatasetA_sample032	G133	0.567815	DatasetA	KitA
DatasetA_sample032	G134	0.399776	DatasetA	KitA
DatasetA_sample032	G135	0.620095	DatasetA	KitA
DatasetA_sample032	G136	0.386934	DatasetA	KitA
DatasetA_sample032	G137	0.416166	DatasetA	KitA
DatasetA_sample032	G138	0.360334	DatasetA	KitA
DatasetA_sample032	G139	0.836829	DatasetA	KitA
DatasetA_sample032	G140	0.713348	DatasetA	KitA
DatasetA_sample032	G142	0.457142	DatasetA	KitA
DatasetA_sample032	G144	0.379169	DatasetA	KitA
DatasetA_sample032	G145	0.603004	DatasetA	KitA
DatasetA_sample032	G148	0.180493	DatasetA	KitA
DatasetA_sample032	G149	0.2635	DatasetA	KitA
DatasetA_sample032	G150	0.359327	DatasetA	KitA
DatasetA_sample032	G152	0.368948	DatasetA	KitA
DatasetA_sample032	G154	0.514152	DatasetA	KitA
DatasetA_sample032	G156	0.662584	DatasetA	KitA
DatasetA_sample032	G157	0.522815	DatasetA	KitA
DatasetA_sample032	G162	0.242809	DatasetA	KitA
DatasetA_sample032	G163	0.223901	DatasetA	KitA
DatasetA_sample032	G165	0.550085	DatasetA	KitA
DatasetA_sample032	G167	0.226386	DatasetA	KitA
DatasetA_sample032	G168	0.336182	DatasetA	KitA
DatasetA_sample032	G169	0.19567	DatasetA	KitA
DatasetA_sample032	G170	0.702328	DatasetA	KitA
DatasetA_sample032	G178	0.387982	DatasetA	KitA
DatasetA_sample032	G180	0.153398	DatasetA	KitA
DatasetA_sample032	G181	0.072801	DatasetA	KitA
DatasetA_sample032	G184	0.13017	DatasetA	KitA
DatasetA_sample032	G189	0.314406	DatasetA	KitA
DatasetA_sample032	G192	0.525399	DatasetA	KitA
DatasetA_sample033	G001	0.819692	DatasetA	KitA
DatasetA_sample033	G002	0.874974	DatasetA	KitA
DatasetA_sample033	G003	0.771463	DatasetA	KitA
DatasetA_sample033	G004	0.732812	DatasetA	KitA
DatasetA_sample033	G005	0.831512	DatasetA	KitA
DatasetA_sample033	G006	0.910723	DatasetA	KitA
DatasetA_sample033	G007	0.677176	DatasetA	KitA
DatasetA_sample033	G008	0.749799	DatasetA	KitA
DatasetA_sample033	G009	0.316111	DatasetA	KitA
DatasetA_sample033	G010	0.486063	DatasetA	KitA
DatasetA_sample033	G011	0.854884	DatasetA	KitA
DatasetA_sample033	G012	0.638023	DatasetA	KitA
DatasetA_sample033	G013	0.790375	DatasetA	KitA
DatasetA_sample033	G014	0.829755	DatasetA	KitA
DatasetA_sample033	G015	0.841697	DatasetA	KitA
DatasetA_sample033	G016	0.510674	DatasetA	KitA
DatasetA_sample033	G017	0.682957	DatasetA	KitA
DatasetA_sample033	G018	0.951782	DatasetA	KitA
DatasetA_sample033	G019	0.922652	DatasetA	KitA
DatasetA_sample033	G020	0.928947	DatasetA	KitA
DatasetA_sample033	G021	0.863978	DatasetA	KitA
DatasetA_sample033	G022	0.884411	DatasetA	KitA
DatasetA_sample033	G023	0.513543	DatasetA	KitA
DatasetA_sample033	G024	0.592076	DatasetA	KitA
DatasetA_sample033	G025	0.733472	DatasetA	KitA
DatasetA_sample033	G026	0.760663	DatasetA	KitA
DatasetA_sample033	G027	0.706845	DatasetA	KitA
DatasetA_sample033	G028	0.698288	DatasetA	KitA
DatasetA_sample033	G029	0.40112	DatasetA	KitA
DatasetA_sample033	G030	0.549917	DatasetA	KitA
DatasetA_sample033	G031	0.893324	DatasetA	KitA
DatasetA_sample033	G032	0.617489	DatasetA	KitA
DatasetA_sample033	G033	0.597167	DatasetA	KitA
DatasetA_sample033	G034	0.787929	DatasetA	KitA
DatasetA_sample033	G035	0.629519	DatasetA	KitA
DatasetA_sample033	G036	0.844526	DatasetA	KitA
DatasetA_sample033	G037	0.829609	DatasetA	KitA
DatasetA_sample033	G038	0.849081	DatasetA	KitA
DatasetA_sample033	G039	0.806013	DatasetA	KitA
DatasetA_sample033	G040	0.450173	DatasetA	KitA
DatasetA_sample033	G041	0.61865	DatasetA	KitA
DatasetA_sample033	G042	0.737285	DatasetA	KitA
DatasetA_sample033	G043	0.73002	DatasetA	KitA
DatasetA_sample033	G044	0.834379	DatasetA	KitA
DatasetA_sample033	G045	0.748354	DatasetA	KitA
DatasetA_sample033	G046	0.879198	DatasetA	KitA
DatasetA_sample033	G047	0.551633	DatasetA	KitA
DatasetA_sample033	G048	0.849654	DatasetA	KitA
DatasetA_sample033	G049	0.45405	DatasetA	KitA
DatasetA_sample033	G050	0.820088	DatasetA	KitA
DatasetA_sample033	G081	0.725145	DatasetA	KitA
DatasetA_sample033	G082	0.491427	DatasetA	KitA
DatasetA_sample033	G083	0.606331	DatasetA	KitA
DatasetA_sample033	G084	0.552371	DatasetA	KitA
DatasetA_sample033	G085	0.447217	DatasetA	KitA
DatasetA_sample033	G086	0.304708	DatasetA	KitA
DatasetA_sample033	G087	0.630561	DatasetA	KitA
DatasetA_sample033	G088	0.864111	DatasetA	KitA
DatasetA_sample033	G089	0.685109	DatasetA	KitA
DatasetA_sample033	G090	0.533669	DatasetA	KitA
DatasetA_sample033	G091	0.82413	DatasetA	KitA
DatasetA_sample033	G092	0.536086	DatasetA	KitA
DatasetA_sample033	G093	0.776922	DatasetA	KitA
DatasetA_sample033	G094	0.821302	DatasetA	KitA
DatasetA_sample033	G095	0.448587	DatasetA	KitA
DatasetA_sample033	G096	0.718583	DatasetA	KitA
DatasetA_sample033	G097	0.884963	DatasetA	KitA
DatasetA_sample033	G098	0.74099	DatasetA	KitA
DatasetA_sample033	G099	0.582878	DatasetA	KitA
DatasetA_sample033	G100	0.658621	DatasetA	KitA
DatasetA_sample033	G101	0.644118	DatasetA	KitA
DatasetA_sample033	G102	0.721557	DatasetA	KitA
DatasetA_sample033	G103	0.683318	DatasetA	KitA
DatasetA_sample033	G104	0.566306	DatasetA	KitA
DatasetA_sample033	G105	0.114596	DatasetA	KitA
DatasetA_sample033	G106	0.479497	DatasetA	KitA
DatasetA_sample033	G107	0.65915	DatasetA	KitA
DatasetA_sample033	G108	0.611029	DatasetA	KitA
DatasetA_sample033	G109	0.657805	DatasetA	KitA
DatasetA_sample033	G110	0.484055	DatasetA	KitA
DatasetA_sample033	G111	0.787182	DatasetA	KitA
DatasetA_sample033	G112	0.632287	DatasetA	KitA
DatasetA_sample033	G113	0.321484	DatasetA	KitA
DatasetA_sample033	G114	0.800776	DatasetA	KitA
DatasetA_sample033	G115	0.522077	DatasetA	KitA
DatasetA_sample033	G116	0.671599	DatasetA	KitA
DatasetA_sample033	G117	0.628518	DatasetA	KitA
DatasetA_sample033	G118	0.556978	DatasetA	KitA
DatasetA_sample033	G119	0.245289	DatasetA	KitA
DatasetA_sample033	G120	0.775512	DatasetA	KitA
DatasetA_sample033	G121	0.454182	DatasetA	KitA
DatasetA_sample033	G122	0.469283	DatasetA	KitA
DatasetA_sample033	G123	0.575085	DatasetA	KitA
DatasetA_sample033	G124	0.295852	DatasetA	KitA
DatasetA_sample033	G125	0.891794	DatasetA	KitA
DatasetA_sample033	G126	0.445136	DatasetA	KitA
DatasetA_sample033	G127	0.346679	DatasetA	KitA
DatasetA_sample033	G128	0.623027	DatasetA	KitA
DatasetA_sample033	G129	0.222408	DatasetA	KitA
DatasetA_sample033	G130	0.625065	DatasetA	KitA
DatasetA_sample033	G131	0.287782	DatasetA	KitA
DatasetA_sample033	G132	0.369523	DatasetA	KitA
DatasetA_sample033	G133	0.335044	DatasetA	KitA
DatasetA_sample033	G134	0.707121	DatasetA	KitA
DatasetA_sample033	G135	0.678588	DatasetA	KitA
DatasetA_sample033	G136	0.724822	DatasetA	KitA
DatasetA_sample033	G137	0.288629	DatasetA	KitA
DatasetA_sample033	G138	0.5953	DatasetA	KitA
DatasetA_sample033	G139	0.634838	DatasetA	KitA
DatasetA_sample033	G140	0.44131	DatasetA	KitA
DatasetA_sample033	G141	0.202848	DatasetA	KitA
DatasetA_sample033	G142	0.566914	DatasetA	KitA
DatasetA_sample033	G143	0.577048	DatasetA	KitA
DatasetA_sample033	G144	0.309437	DatasetA	KitA
DatasetA_sample033	G147	0.505851	DatasetA	KitA
DatasetA_sample033	G148	0.247573	DatasetA	KitA
DatasetA_sample033	G150	0.308579	DatasetA	KitA
DatasetA_sample033	G152	0.535472	DatasetA	KitA
DatasetA_sample033	G153	0.134724	DatasetA	KitA
DatasetA_sample033	G154	0.494364	DatasetA	KitA
DatasetA_sample033	G155	0.426187	DatasetA	KitA
DatasetA_sample033	G156	0.202607	DatasetA	KitA
DatasetA_sample033	G157	0.505872	DatasetA	KitA
DatasetA_sample033	G160	0.056003	DatasetA	KitA
DatasetA_sample033	G161	0.392201	DatasetA	KitA
DatasetA_sample033	G165	0.402312	DatasetA	KitA
DatasetA_sample033	G166	0.449194	DatasetA	KitA
DatasetA_sample033	G167	0.738641	DatasetA	KitA
DatasetA_sample033	G169	0.209174	DatasetA	KitA
DatasetA_sample033	G172	0.094405	DatasetA	KitA
DatasetA_sample033	G173	0.326304	DatasetA	KitA
DatasetA_sample033	G179	0.20366	DatasetA	KitA
DatasetA_sample033	G186	0.82776	DatasetA	KitA
DatasetA_sample033	G188	0.267382	DatasetA	KitA
DatasetA_sample033	G194	0.438655	DatasetA	KitA
DatasetA_sample033	G195	0.22494	DatasetA	KitA
DatasetA_sample033	G197	0.460647	DatasetA	KitA
DatasetA_sample033	G199	0.298538	DatasetA	KitA
DatasetA_sample033	G200	0.065257	DatasetA	KitA
DatasetA_sample034	G001	0.523776	DatasetA	KitA
DatasetA_sample034	G002	0.902099	DatasetA	KitA
DatasetA_sample034	G003	0.940297	DatasetA	KitA
DatasetA_sample034	G004	0.843759	DatasetA	KitA
DatasetA_sample034	G005	0.799888	DatasetA	KitA
DatasetA_sample034	G006	0.871836	DatasetA	KitA
DatasetA_sample034	G007	0.328557	DatasetA	KitA
DatasetA_sample034	G008	0.613891	DatasetA	KitA
DatasetA_sample034	G009	0.918662	DatasetA	KitA
DatasetA_sample034	G010	0.708149	DatasetA	KitA
DatasetA_sample034	G011	0.649612	DatasetA	KitA
DatasetA_sample034	G012	0.724105	DatasetA	KitA
DatasetA_sample034	G013	0.700859	DatasetA	KitA
DatasetA_sample034	G014	0.821452	DatasetA	KitA
DatasetA_sample034	G015	0.864736	DatasetA	KitA
DatasetA_sample034	G016	0.717629	DatasetA	KitA
DatasetA_sample034	G017	0.752261	DatasetA	KitA
DatasetA_sample034	G018	0.604144	DatasetA	KitA
DatasetA_sample034	G019	0.763876	DatasetA	KitA
DatasetA_sample034	G020	0.787837	DatasetA	KitA
DatasetA_sample034	G021	0.50142	DatasetA	KitA
DatasetA_sample034	G022	0.698345	DatasetA	KitA
DatasetA_sample034	G023	0.834567	DatasetA	KitA
DatasetA_sample034	G024	0.937353	DatasetA	KitA
DatasetA_sample034	G025	0.870238	DatasetA	KitA
DatasetA_sample034	G026	0.879885	DatasetA	KitA
DatasetA_sample034	G027	0.418813	DatasetA	KitA
DatasetA_sample034	G028	0.892662	DatasetA	KitA
DatasetA_sample034	G029	0.783637	DatasetA	KitA
DatasetA_sample034	G030	0.641788	DatasetA	KitA
DatasetA_sample034	G031	0.762455	DatasetA	KitA
DatasetA_sample034	G032	0.769137	DatasetA	KitA
DatasetA_sample034	G033	0.662623	DatasetA	KitA
DatasetA_sample034	G034	0.907389	DatasetA	KitA
DatasetA_sample034	G035	0.801053	DatasetA	KitA
DatasetA_sample034	G036	0.721784	DatasetA	KitA
DatasetA_sample034	G037	0.84719	DatasetA	KitA
DatasetA_sample034	G038	0.72492	DatasetA	KitA
DatasetA_sample034	G039	0.727035	DatasetA	KitA
DatasetA_sample034	G040	0.418322	DatasetA	KitA
DatasetA_sample034	G041	0.880871	DatasetA	KitA
DatasetA_sample034	G042	0.388497	DatasetA	KitA
DatasetA_sample034	G043	0.902682	DatasetA	KitA
DatasetA_sample034	G044	0.616986	DatasetA	KitA
DatasetA_sample034	G045	0.726111	DatasetA	KitA
DatasetA_sample034	G046	0.377049	DatasetA	KitA
DatasetA_sample034	G047	0.658363	DatasetA	KitA
DatasetA_sample034	G048	0.85711	DatasetA	KitA
DatasetA_sample034	G049	0.639637	DatasetA	KitA
DatasetA_sample034	G050	0.756477	DatasetA	KitA
DatasetA_sample034	G081	0.950591	DatasetA	KitA
DatasetA_sample034	G082	0.640913	DatasetA	KitA
DatasetA_sample034	G083	0.336716	DatasetA	KitA
DatasetA_sample034	G084	0.659862	DatasetA	KitA
DatasetA_sample034	G085	0.416995	DatasetA	KitA
DatasetA_sample034	G086	0.400726	DatasetA	KitA
DatasetA_sample034	G087	0.689975	DatasetA	KitA
DatasetA_sample034	G088	0.244676	DatasetA	KitA
DatasetA_sample034	G089	0.361721	DatasetA	KitA
DatasetA_sample034	G090	0.563081	DatasetA	KitA
DatasetA_sample034	G091	0.617292	DatasetA	KitA
DatasetA_sample034	G092	0.616019	DatasetA	KitA
DatasetA_sample034	G093	0.670987	DatasetA	KitA
DatasetA_sample034	G094	0.860996	DatasetA	KitA
DatasetA_sample034	G095	0.541716	DatasetA	KitA
DatasetA_sample034	G096	0.83709	DatasetA	KitA
DatasetA_sample034	G097	0.787977	DatasetA	KitA
DatasetA_sample034	G098	0.7499	DatasetA	KitA
DatasetA_sample034	G099	0.43636	DatasetA	KitA
DatasetA_sample034	G100	0.782251	DatasetA	KitA
DatasetA_sample034	G101	0.339308	DatasetA	KitA
DatasetA_sample034	G102	0.695054	DatasetA	KitA
DatasetA_sample034	G103	0.733758	DatasetA	KitA
DatasetA_sample034	G104	0.741781	DatasetA	KitA
DatasetA_sample034	G105	0.749045	DatasetA	KitA
DatasetA_sample034	G106	0.539068	DatasetA	KitA
DatasetA_sample034	G107	0.87281	DatasetA	KitA
DatasetA_sample034	G108	0.885012	DatasetA	KitA
DatasetA_sample034	G109	0.64268	DatasetA	KitA
DatasetA_sample034	G110	0.546999	DatasetA	KitA
DatasetA_sample034	G111	0.41862	DatasetA	KitA
DatasetA_sample034	G112	0.432235	DatasetA	KitA
DatasetA_sample034	G113	0.588706	DatasetA	KitA
DatasetA_sample034	G115	0.463552	DatasetA	KitA
DatasetA_sample034	G116	0.73298	DatasetA	KitA
DatasetA_sample034	G117	0.60408	DatasetA	KitA
DatasetA_sample034	G118	0.725728	DatasetA	KitA
DatasetA_sample034	G119	0.48714	DatasetA	KitA
DatasetA_sample034	G120	0.580269	DatasetA	KitA
DatasetA_sample034	G121	0.422993	DatasetA	KitA
DatasetA_sample034	G122	0.469958	DatasetA	KitA
DatasetA_sample034	G123	0.772954	DatasetA	KitA
DatasetA_sample034	G124	0.519392	DatasetA	KitA
DatasetA_sample034	G125	0.687347	DatasetA	KitA
DatasetA_sample034	G126	0.335538	DatasetA	KitA
DatasetA_sample034	G127	0.729889	DatasetA	KitA
DatasetA_sample034	G128	0.569234	DatasetA	KitA
DatasetA_sample034	G129	0.474667	DatasetA	KitA
DatasetA_sample034	G130	0.255036	DatasetA	KitA
DatasetA_sample034	G131	0.483447	DatasetA	KitA
DatasetA_sample034	G132	0.502516	DatasetA	KitA
DatasetA_sample034	G133	0.431394	DatasetA	KitA
DatasetA_sample034	G134	0.481524	DatasetA	KitA
DatasetA_sample034	G135	0.674885	DatasetA	KitA
DatasetA_sample034	G136	0.359542	DatasetA	KitA
DatasetA_sample034	G137	0.350877	DatasetA	KitA
DatasetA_sample034	G138	0.51095	DatasetA	KitA
DatasetA_sample034	G139	0.589405	DatasetA	KitA
DatasetA_sample034	G140	0.391118	DatasetA	KitA
DatasetA_sample034	G146	0.502622	DatasetA	KitA
DatasetA_sample034	G147	0.330923	DatasetA	KitA
DatasetA_sample034	G150	0.522215	DatasetA	KitA
DatasetA_sample034	G151	0.151799	DatasetA	KitA
DatasetA_sample034	G152	0.141776	DatasetA	KitA
DatasetA_sample034	G153	0.532906	DatasetA	KitA
DatasetA_sample034	G157	0.644224	DatasetA	KitA
DatasetA_sample034	G158	0.705159	DatasetA	KitA
DatasetA_sample034	G161	0.422351	DatasetA	KitA
DatasetA_sample034	G162	0.169917	DatasetA	KitA
DatasetA_sample034	G164	0.643692	DatasetA	KitA
DatasetA_sample034	G165	0.533367	DatasetA	KitA
DatasetA_sample034	G166	0.274974	DatasetA	KitA
DatasetA_sample034	G167	0.243662	DatasetA	KitA
DatasetA_sample034	G168	0.787496	DatasetA	KitA
DatasetA_sample034	G169	0.416378	DatasetA	KitA
DatasetA_sample034	G170	0.397189	DatasetA	KitA
DatasetA_sample034	G172	0.328223	DatasetA	KitA
DatasetA_sample034	G175	0.581794	DatasetA	KitA
DatasetA_sample034	G177	0.191536	DatasetA	KitA
DatasetA_sample034	G182	0.466875	DatasetA	KitA
DatasetA_sample034	G184	0.434011	DatasetA	KitA
DatasetA_sample034	G186	0.324734	DatasetA	KitA
DatasetA_sample034	G188	0.094329	DatasetA	KitA
DatasetA_sample034	G194	0.104342	DatasetA	KitA
DatasetA_sample034	G200	0.553259	DatasetA	KitA
DatasetA_sample035	G001	0.502127	DatasetA	KitA
DatasetA_sample035	G002	0.710057	DatasetA	KitA
DatasetA_sample035	G003	0.768612	DatasetA	KitA
DatasetA_sample035	G004	0.741278	DatasetA	KitA
DatasetA_sample035	G005	0.356435	DatasetA	KitA
DatasetA_sample035	G006	0.707013	DatasetA	KitA
DatasetA_sample035	G007	0.63988	DatasetA	KitA
DatasetA_sample035	G008	0.931739	DatasetA	KitA
DatasetA_sample035	G009	0.740438	DatasetA	KitA
DatasetA_sample035	G010	0.874269	DatasetA	KitA
DatasetA_sample035	G011	0.854124	DatasetA	KitA
DatasetA_sample035	G012	0.533902	DatasetA	KitA
DatasetA_sample035	G013	0.631156	DatasetA	KitA
DatasetA_sample035	G014	0.854794	DatasetA	KitA
DatasetA_sample035	G015	0.877627	DatasetA	KitA
DatasetA_sample035	G016	0.979721	DatasetA	KitA
DatasetA_sample035	G017	0.927678	DatasetA	KitA
DatasetA_sample035	G018	0.740396	DatasetA	KitA
DatasetA_sample035	G019	0.458648	DatasetA	KitA
DatasetA_sample035	G020	0.551507	DatasetA	KitA
DatasetA_sample035	G021	0.935821	DatasetA	KitA
DatasetA_sample035	G022	0.78548	DatasetA	KitA
DatasetA_sample035	G023	0.942103	DatasetA	KitA
DatasetA_sample035	G024	0.561011	DatasetA	KitA
DatasetA_sample035	G025	0.718239	DatasetA	KitA
DatasetA_sample035	G026	0.590003	DatasetA	KitA
DatasetA_sample035	G027	0.589825	DatasetA	KitA
DatasetA_sample035	G028	0.235599	DatasetA	KitA
DatasetA_sample035	G029	0.582618	DatasetA	KitA
DatasetA_sample035	G030	0.881616	DatasetA	KitA
DatasetA_sample035	G031	0.74382	DatasetA	KitA
DatasetA_sample035	G032	0.792291	DatasetA	KitA
DatasetA_sample035	G033	0.632657	DatasetA	KitA
DatasetA_sample035	G034	0.790646	DatasetA	KitA
DatasetA_sample035	G035	0.767254	DatasetA	KitA
DatasetA_sample035	G036	0.859099	DatasetA	KitA
DatasetA_sample035	G037	0.504968	DatasetA	KitA
DatasetA_sample035	G038	0.750109	DatasetA	KitA
DatasetA_sample035	G039	0.645803	DatasetA	KitA
DatasetA_sample035	G040	0.740564	DatasetA	KitA
DatasetA_sample035	G041	0.874243	DatasetA	KitA
DatasetA_sample035	G042	0.760375	DatasetA	KitA
DatasetA_sample035	G043	0.81383	DatasetA	KitA
DatasetA_sample035	G044	0.931828	DatasetA	KitA
DatasetA_sample035	G045	0.70999	DatasetA	KitA
DatasetA_sample035	G046	0.915857	DatasetA	KitA
DatasetA_sample035	G047	0.855001	DatasetA	KitA
DatasetA_sample035	G048	0.244836	DatasetA	KitA
DatasetA_sample035	G049	0.875601	DatasetA	KitA
DatasetA_sample035	G050	0.604246	DatasetA	KitA
DatasetA_sample035	G081	0.27341	DatasetA	KitA
DatasetA_sample035	G082	0.237356	DatasetA	KitA
DatasetA_sample035	G083	0.621277	DatasetA	KitA
DatasetA_sample035	G084	0.692465	DatasetA	KitA
DatasetA_sample035	G085	0.638717	DatasetA	KitA
DatasetA_sample035	G086	0.614276	DatasetA	KitA
DatasetA_sample035	G087	0.258267	DatasetA	KitA
DatasetA_sample035	G088	0.708504	DatasetA	KitA
DatasetA_sample035	G089	0.785885	DatasetA	KitA
DatasetA_sample035	G090	0.572886	DatasetA	KitA
DatasetA_sample035	G091	0.780405	DatasetA	KitA
DatasetA_sample035	G092	0.570976	DatasetA	KitA
DatasetA_sample035	G093	0.477064	DatasetA	KitA
DatasetA_sample035	G094	0.447049	DatasetA	KitA
DatasetA_sample035	G095	0.73514	DatasetA	KitA
DatasetA_sample035	G096	0.233043	DatasetA	KitA
DatasetA_sample035	G097	0.803783	DatasetA	KitA
DatasetA_sample035	G098	0.409504	DatasetA	KitA
DatasetA_sample035	G099	0.178456	DatasetA	KitA
DatasetA_sample035	G100	0.730109	DatasetA	KitA
DatasetA_sample035	G101	0.323625	DatasetA	KitA
DatasetA_sample035	G102	0.660869	DatasetA	KitA
DatasetA_sample035	G103	0.753823	DatasetA	KitA
DatasetA_sample035	G104	0.60184	DatasetA	KitA
DatasetA_sample035	G105	0.294621	DatasetA	KitA
DatasetA_sample035	G106	0.634439	DatasetA	KitA
DatasetA_sample035	G107	0.651222	DatasetA	KitA
DatasetA_sample035	G108	0.879476	DatasetA	KitA
DatasetA_sample035	G109	0.461345	DatasetA	KitA
DatasetA_sample035	G110	0.569647	DatasetA	KitA
DatasetA_sample035	G111	0.557505	DatasetA	KitA
DatasetA_sample035	G112	0.647113	DatasetA	KitA
DatasetA_sample035	G113	0.540651	DatasetA	KitA
DatasetA_sample035	G114	0.64235	DatasetA	KitA
DatasetA_sample035	G115	0.549487	DatasetA	KitA
DatasetA_sample035	G116	0.49046	DatasetA	KitA
DatasetA_sample035	G117	0.84851	DatasetA	KitA
DatasetA_sample035	G118	0.782035	DatasetA	KitA
DatasetA_sample035	G119	0.475052	DatasetA	KitA
DatasetA_sample035	G120	0.528764	DatasetA	KitA
DatasetA_sample035	G121	0.94457	DatasetA	KitA
DatasetA_sample035	G122	0.608566	DatasetA	KitA
DatasetA_sample035	G123	0.639409	DatasetA	KitA
DatasetA_sample035	G124	0.621114	DatasetA	KitA
DatasetA_sample035	G125	0.664909	DatasetA	KitA
DatasetA_sample035	G126	0.767017	DatasetA	KitA
DatasetA_sample035	G127	0.739117	DatasetA	KitA
DatasetA_sample035	G128	0.386901	DatasetA	KitA
DatasetA_sample035	G129	0.854418	DatasetA	KitA
DatasetA_sample035	G130	0.419318	DatasetA	KitA
DatasetA_sample035	G131	0.780689	DatasetA	KitA
DatasetA_sample035	G132	0.411425	DatasetA	KitA
DatasetA_sample035	G133	0.721714	DatasetA	KitA
DatasetA_sample035	G134	0.585878	DatasetA	KitA
DatasetA_sample035	G135	0.440405	DatasetA	KitA
DatasetA_sample035	G136	0.392079	DatasetA	KitA
DatasetA_sample035	G137	0.385447	DatasetA	KitA
DatasetA_sample035	G138	0.64201	DatasetA	KitA
DatasetA_sample035	G139	0.887058	DatasetA	KitA
DatasetA_sample035	G140	0.465532	DatasetA	KitA
DatasetA_sample035	G141	0.147339	DatasetA	KitA
DatasetA_sample035	G142	0.609217	DatasetA	KitA
DatasetA_sample035	G144	0.30953	DatasetA	KitA
DatasetA_sample035	G146	0.251354	DatasetA	KitA
DatasetA_sample035	G147	0.317226	DatasetA	KitA
DatasetA_sample035	G149	0.100207	DatasetA	KitA
DatasetA_sample035	G151	0.343534	DatasetA	KitA
DatasetA_sample035	G152	0.630841	DatasetA	KitA
DatasetA_sample035	G153	0.618205	DatasetA	KitA
DatasetA_sample035	G154	0.33472	DatasetA	KitA
DatasetA_sample035	G155	0.56715	DatasetA	KitA
DatasetA_sample035	G156	0.289955	DatasetA	KitA
DatasetA_sample035	G159	0.467715	DatasetA	KitA
DatasetA_sample035	G161	0.702925	DatasetA	KitA
DatasetA_sample035	G162	0.617135	DatasetA	KitA
DatasetA_sample035	G163	0.363452	DatasetA	KitA
DatasetA_sample035	G164	0.55153	DatasetA	KitA
DatasetA_sample035	G165	0.275808	DatasetA	KitA
DatasetA_sample035	G170	0.487376	DatasetA	KitA
DatasetA_sample035	G171	0.27394	DatasetA	KitA
DatasetA_sample035	G185	0.537457	DatasetA	KitA
DatasetA_sample035	G186	0.446088	DatasetA	KitA
DatasetA_sample035	G189	0.311958	DatasetA	KitA
DatasetA_sample035	G195	0.220936	DatasetA	KitA
DatasetA_sample035	G198	0.233788	DatasetA	KitA
DatasetA_sample036	G001	0.752723	DatasetA	KitA
DatasetA_sample036	G002	0.885605	DatasetA	KitA
DatasetA_sample036	G003	0.932481	DatasetA	KitA
DatasetA_sample036	G004	0.92388	DatasetA	KitA
DatasetA_sample036	G005	0.736456	DatasetA	KitA
DatasetA_sample036	G006	0.826605	DatasetA	KitA
DatasetA_sample036	G007	0.846302	DatasetA	KitA
DatasetA_sample036	G008	0.971636	DatasetA	KitA
DatasetA_sample036	G009	0.716888	DatasetA	KitA
DatasetA_sample036	G010	0.764862	DatasetA	KitA
DatasetA_sample036	G011	0.861064	DatasetA	KitA
DatasetA_sample036	G012	0.790716	DatasetA	KitA
DatasetA_sample036	G013	0.722149	DatasetA	KitA
DatasetA_sample036	G014	0.773008	DatasetA	KitA
DatasetA_sample036	G015	0.534922	DatasetA	KitA
DatasetA_sample036	G016	0.81968	DatasetA	KitA
DatasetA_sample036	G017	0.694059	DatasetA	KitA
DatasetA_sample036	G018	0.458498	DatasetA	KitA
DatasetA_sample036	G019	0.853551	DatasetA	KitA
DatasetA_sample036	G020	0.48923	DatasetA	KitA
DatasetA_sample036	G021	0.590467	DatasetA	KitA
DatasetA_sample036	G022	0.928121	DatasetA	KitA
DatasetA_sample036	G023	0.773293	DatasetA	KitA
DatasetA_sample036	G024	0.845417	DatasetA	KitA
DatasetA_sample036	G025	0.890081	DatasetA	KitA
DatasetA_sample036	G026	0.917737	DatasetA	KitA
DatasetA_sample036	G027	0.699751	DatasetA	KitA
DatasetA_sample036	G028	0.789105	DatasetA	KitA
DatasetA_sample036	G029	0.774524	DatasetA	KitA
DatasetA_sample036	G030	0.909755	DatasetA	KitA
DatasetA_sample036	G031	0.705454	DatasetA	KitA
DatasetA_sample036	G032	0.77075	DatasetA	KitA
DatasetA_sample036	G033	0.854477	DatasetA	KitA
DatasetA_sample036	G034	0.745308	DatasetA	KitA
DatasetA_sample036	G035	0.629112	DatasetA	KitA
DatasetA_sample036	G036	0.687567	DatasetA	KitA
DatasetA_sample036	G037	0.780441	DatasetA	KitA
DatasetA_sample036	G038	0.789752	DatasetA	KitA
DatasetA_sample036	G039	0.854109	DatasetA	KitA
DatasetA_sample036	G040	0.592777	DatasetA	KitA
DatasetA_sample036	G041	0.755789	DatasetA	KitA
DatasetA_sample036	G042	0.894528	DatasetA	KitA
DatasetA_sample036	G043	0.8705	DatasetA	KitA
DatasetA_sample036	G044	0.365363	DatasetA	KitA
DatasetA_sample036	G045	0.767292	DatasetA	KitA
DatasetA_sample036	G046	0.578222	DatasetA	KitA
DatasetA_sample036	G047	0.607226	DatasetA	KitA
DatasetA_sample036	G048	0.639686	DatasetA	KitA
DatasetA_sample036	G049	0.732084	DatasetA	KitA
DatasetA_sample036	G050	0.966017	DatasetA	KitA
DatasetA_sample036	G081	0.588713	DatasetA	KitA
DatasetA_sample036	G082	0.560588	DatasetA	KitA
DatasetA_sample036	G083	0.315438	DatasetA	KitA
DatasetA_sample036	G084	0.408549	DatasetA	KitA
DatasetA_sample036	G085	0.268259	DatasetA	KitA
DatasetA_sample036	G086	0.692951	DatasetA	KitA
DatasetA_sample036	G087	0.579355	DatasetA	KitA
DatasetA_sample036	G088	0.401947	DatasetA	KitA
DatasetA_sample036	G089	0.417163	DatasetA	KitA
DatasetA_sample036	G090	0.525339	DatasetA	KitA
DatasetA_sample036	G091	0.857226	DatasetA	KitA
DatasetA_sample036	G092	0.772031	DatasetA	KitA
DatasetA_sample036	G093	0.655865	DatasetA	KitA
DatasetA_sample036	G094	0.32891	DatasetA	KitA
DatasetA_sample036	G095	0.531629	DatasetA	KitA
DatasetA_sample036	G096	0.857088	DatasetA	KitA
DatasetA_sample036	G097	0.755413	DatasetA	KitA
DatasetA_sample036	G098	0.631785	DatasetA	KitA
DatasetA_sample036	G099	0.598794	DatasetA	KitA
DatasetA_sample036	G100	0.587325	DatasetA	KitA
DatasetA_sample036	G101	0.599641	DatasetA	KitA
DatasetA_sample036	G102	0.51892	DatasetA	KitA
DatasetA_sample036	G103	0.881639	DatasetA	KitA
DatasetA_sample036	G104	0.891744	DatasetA	KitA
DatasetA_sample036	G105	0.835883	DatasetA	KitA
DatasetA_sample036	G106	0.446659	DatasetA	KitA
DatasetA_sample036	G107	0.562141	DatasetA	KitA
DatasetA_sample036	G108	0.833999	DatasetA	KitA
DatasetA_sample036	G109	0.732075	DatasetA	KitA
DatasetA_sample036	G110	0.620409	DatasetA	KitA
DatasetA_sample036	G111	0.719641	DatasetA	KitA
DatasetA_sample036	G112	0.601002	DatasetA	KitA
DatasetA_sample036	G113	0.685092	DatasetA	KitA
DatasetA_sample036	G114	0.656945	DatasetA	KitA
DatasetA_sample036	G115	0.620133	DatasetA	KitA
DatasetA_sample036	G116	0.483243	DatasetA	KitA
DatasetA_sample036	G117	0.616163	DatasetA	KitA
DatasetA_sample036	G118	0.317903	DatasetA	KitA
DatasetA_sample036	G119	0.65604	DatasetA	KitA
DatasetA_sample036	G120	0.417068	DatasetA	KitA
DatasetA_sample036	G121	0.401459	DatasetA	KitA
DatasetA_sample036	G122	0.438096	DatasetA	KitA
DatasetA_sample036	G123	0.386858	DatasetA	KitA
DatasetA_sample036	G124	0.891625	DatasetA	KitA
DatasetA_sample036	G125	0.954008	DatasetA	KitA
DatasetA_sample036	G126	0.622357	DatasetA	KitA
DatasetA_sample036	G127	0.630443	DatasetA	KitA
DatasetA_sample036	G128	0.760919	DatasetA	KitA
DatasetA_sample036	G129	0.651269	DatasetA	KitA
DatasetA_sample036	G130	0.732513	DatasetA	KitA
DatasetA_sample036	G131	0.656454	DatasetA	KitA
DatasetA_sample036	G132	0.828657	DatasetA	KitA
DatasetA_sample036	G133	0.577187	DatasetA	KitA
DatasetA_sample036	G134	0.483985	DatasetA	KitA
DatasetA_sample036	G135	0.717271	DatasetA	KitA
DatasetA_sample036	G136	0.751204	DatasetA	KitA
DatasetA_sample036	G137	0.551321	DatasetA	KitA
DatasetA_sample036	G138	0.755871	DatasetA	KitA
DatasetA_sample036	G139	0.83905	DatasetA	KitA
DatasetA_sample036	G140	0.802525	DatasetA	KitA
DatasetA_sample036	G142	0.384781	DatasetA	KitA
DatasetA_sample036	G143	0.330681	DatasetA	KitA
DatasetA_sample036	G144	0.185385	DatasetA	KitA
DatasetA_sample036	G146	0.716993	DatasetA	KitA
DatasetA_sample036	G147	0.384047	DatasetA	KitA
DatasetA_sample036	G148	0.51709	DatasetA	KitA
DatasetA_sample036	G149	0.267423	DatasetA	KitA
DatasetA_sample036	G150	0.457982	DatasetA	KitA
DatasetA_sample036	G151	0.392503	DatasetA	KitA
DatasetA_sample036	G152	0.642435	DatasetA	KitA
DatasetA_sample036	G153	0.737291	DatasetA	KitA
DatasetA_sample036	G154	0.35147	DatasetA	KitA
DatasetA_sample036	G155	0.360948	DatasetA	KitA
DatasetA_sample036	G156	0.509408	DatasetA	KitA
DatasetA_sample036	G157	0.572246	DatasetA	KitA
DatasetA_sample036	G158	0.224297	DatasetA	KitA
DatasetA_sample036	G160	0.393984	DatasetA	KitA
DatasetA_sample036	G162	0.579836	DatasetA	KitA
DatasetA_sample036	G163	0.42602	DatasetA	KitA
DatasetA_sample036	G164	0.39057	DatasetA	KitA
DatasetA_sample036	G166	0.198883	DatasetA	KitA
DatasetA_sample036	G168	0.351002	DatasetA	KitA
DatasetA_sample036	G170	0.454424	DatasetA	KitA
DatasetA_sample036	G176	0.347077	DatasetA	KitA
DatasetA_sample036	G178	0.263093	DatasetA	KitA
DatasetA_sample036	G184	0.109994	DatasetA	KitA
DatasetA_sample036	G185	0.441155	DatasetA	KitA
DatasetA_sample036	G187	0.124545	DatasetA	KitA
DatasetA_sample036	G189	0.28087	DatasetA	KitA
DatasetA_sample036	G197	0.420975	DatasetA	KitA
DatasetA_sample036	G199	0.079019	DatasetA	KitA
DatasetA_sample037	G001	0.778031	DatasetA	KitA
DatasetA_sample037	G002	0.912441	DatasetA	KitA
DatasetA_sample037	G003	0.143261	DatasetA	KitA
DatasetA_sample037	G004	0.888197	DatasetA	KitA
DatasetA_sample037	G005	0.802705	DatasetA	KitA
DatasetA_sample037	G006	0.889655	DatasetA	KitA
DatasetA_sample037	G007	0.284843	DatasetA	KitA
DatasetA_sample037	G008	0.704322	DatasetA	KitA
DatasetA_sample037	G009	0.924077	DatasetA	KitA
DatasetA_sample037	G010	0.869715	DatasetA	KitA
DatasetA_sample037	G011	0.770062	DatasetA	KitA
DatasetA_sample037	G012	0.987115	DatasetA	KitA
DatasetA_sample037	G013	0.376601	DatasetA	KitA
DatasetA_sample037	G014	0.457672	DatasetA	KitA
DatasetA_sample037	G015	0.711943	DatasetA	KitA
DatasetA_sample037	G016	0.777943	DatasetA	KitA
DatasetA_sample037	G017	0.67559	DatasetA	KitA
DatasetA_sample037	G018	0.801792	DatasetA	KitA
DatasetA_sample037	G019	0.456947	DatasetA	KitA
DatasetA_sample037	G020	0.596107	DatasetA	KitA
DatasetA_sample037	G021	0.825235	DatasetA	KitA
DatasetA_sample037	G022	0.862653	DatasetA	KitA
DatasetA_sample037	G023	0.650071	DatasetA	KitA
DatasetA_sample037	G024	0.716465	DatasetA	KitA
DatasetA_sample037	G025	0.901611	DatasetA	KitA
DatasetA_sample037	G026	0.514045	DatasetA	KitA
DatasetA_sample037	G027	0.636626	DatasetA	KitA
DatasetA_sample037	G028	0.950837	DatasetA	KitA
DatasetA_sample037	G029	0.950873	DatasetA	KitA
DatasetA_sample037	G030	0.883769	DatasetA	KitA
DatasetA_sample037	G031	0.760991	DatasetA	KitA
DatasetA_sample037	G032	0.728253	DatasetA	KitA
DatasetA_sample037	G033	0.927465	DatasetA	KitA
DatasetA_sample037	G034	0.619823	DatasetA	KitA
DatasetA_sample037	G035	0.576308	DatasetA	KitA
DatasetA_sample037	G036	0.712451	DatasetA	KitA
DatasetA_sample037	G037	0.78741	DatasetA	KitA
DatasetA_sample037	G038	0.786059	DatasetA	KitA
DatasetA_sample037	G039	0.613819	DatasetA	KitA
DatasetA_sample037	G040	0.781364	DatasetA	KitA
DatasetA_sample037	G041	0.69819	DatasetA	KitA
DatasetA_sample037	G042	0.485929	DatasetA	KitA
DatasetA_sample037	G043	0.942112	DatasetA	KitA
DatasetA_sample037	G044	0.726123	DatasetA	KitA
DatasetA_sample037	G045	0.913607	DatasetA	KitA
DatasetA_sample037	G046	0.892498	DatasetA	KitA
DatasetA_sample037	G047	0.727751	DatasetA	KitA
DatasetA_sample037	G048	0.804801	DatasetA	KitA
DatasetA_sample037	G049	0.688072	DatasetA	KitA
DatasetA_sample037	G050	0.818294	DatasetA	KitA
DatasetA_sample037	G081	0.627292	DatasetA	KitA
DatasetA_sample037	G082	0.499813	DatasetA	KitA
DatasetA_sample037	G083	0.383999	DatasetA	KitA
DatasetA_sample037	G084	0.671503	DatasetA	KitA
DatasetA_sample037	G085	0.417013	DatasetA	KitA
DatasetA_sample037	G086	0.763784	DatasetA	KitA
DatasetA_sample037	G087	0.400206	DatasetA	KitA
DatasetA_sample037	G088	0.690544	DatasetA	KitA
DatasetA_sample037	G089	0.52328	DatasetA	KitA
DatasetA_sample037	G090	0.718914	DatasetA	KitA
DatasetA_sample037	G091	0.434095	DatasetA	KitA
DatasetA_sample037	G092	0.60374	DatasetA	KitA
DatasetA_sample037	G093	0.296703	DatasetA	KitA
DatasetA_sample037	G094	0.563222	DatasetA	KitA
DatasetA_sample037	G095	0.867113	DatasetA	KitA
DatasetA_sample037	G096	0.533018	DatasetA	KitA
DatasetA_sample037	G097	0.635508	DatasetA	KitA
DatasetA_sample037	G098	0.803365	DatasetA	KitA
DatasetA_sample037	G099	0.654488	DatasetA	KitA
DatasetA_sample037	G100	0.725426	DatasetA	KitA
DatasetA_sample037	G101	0.815178	DatasetA	KitA
DatasetA_sample037	G102	0.633542	DatasetA	KitA
DatasetA_sample037	G103	0.649783	DatasetA	KitA
DatasetA_sample037	G104	0.738335	DatasetA	KitA
DatasetA_sample037	G105	0.281435	DatasetA	KitA
DatasetA_sample037	G106	0.270077	DatasetA	KitA
DatasetA_sample037	G107	0.940924	DatasetA	KitA
DatasetA_sample037	G108	0.52568	DatasetA	KitA
DatasetA_sample037	G109	0.437804	DatasetA	KitA
DatasetA_sample037	G110	0.475519	DatasetA	KitA
DatasetA_sample037	G111	0.583945	DatasetA	KitA
DatasetA_sample037	G112	0.378983	DatasetA	KitA
DatasetA_sample037	G113	0.575147	DatasetA	KitA
DatasetA_sample037	G114	0.773614	DatasetA	KitA
DatasetA_sample037	G115	0.611218	DatasetA	KitA
DatasetA_sample037	G116	0.463725	DatasetA	KitA
DatasetA_sample037	G117	0.887355	DatasetA	KitA
DatasetA_sample037	G118	0.443194	DatasetA	KitA
DatasetA_sample037	G119	0.538414	DatasetA	KitA
DatasetA_sample037	G120	0.411519	DatasetA	KitA
DatasetA_sample037	G121	0.611815	DatasetA	KitA
DatasetA_sample037	G122	0.464156	DatasetA	KitA
DatasetA_sample037	G123	0.417223	DatasetA	KitA
DatasetA_sample037	G124	0.856461	DatasetA	KitA
DatasetA_sample037	G125	0.102989	DatasetA	KitA
DatasetA_sample037	G126	0.522624	DatasetA	KitA
DatasetA_sample037	G127	0.471782	DatasetA	KitA
DatasetA_sample037	G128	0.663962	DatasetA	KitA
DatasetA_sample037	G129	0.663763	DatasetA	KitA
DatasetA_sample037	G130	0.467255	DatasetA	KitA
DatasetA_sample037	G131	0.640399	DatasetA	KitA
DatasetA_sample037	G132	0.664543	DatasetA	KitA
DatasetA_sample037	G133	0.446565	DatasetA	KitA
DatasetA_sample037	G134	0.639448	DatasetA	KitA
DatasetA_sample037	G135	0.532984	DatasetA	KitA
DatasetA_sample037	G136	0.471083	DatasetA	KitA
DatasetA_sample037	G138	0.757446	DatasetA	KitA
DatasetA_sample037	G139	0.472801	DatasetA	KitA
DatasetA_sample037	G140	0.206058	DatasetA	KitA
DatasetA_sample037	G141	0.10399	DatasetA	KitA
DatasetA_sample037	G142	0.662175	DatasetA	KitA
DatasetA_sample037	G146	0.216934	DatasetA	KitA
DatasetA_sample037	G148	0.55423	DatasetA	KitA
DatasetA_sample037	G149	0.192378	DatasetA	KitA
DatasetA_sample037	G150	0.576407	DatasetA	KitA
DatasetA_sample037	G151	0.39205	DatasetA	KitA
DatasetA_sample037	G155	0.150259	DatasetA	KitA
DatasetA_sample037	G157	0.724434	DatasetA	KitA
DatasetA_sample037	G158	0.537127	DatasetA	KitA
DatasetA_sample037	G161	0.498771	DatasetA	KitA
DatasetA_sample037	G163	0.366309	DatasetA	KitA
DatasetA_sample037	G166	0.726995	DatasetA	KitA
DatasetA_sample037	G168	0.516207	DatasetA	KitA
DatasetA_sample037	G171	0.169811	DatasetA	KitA
DatasetA_sample037	G181	0.479599	DatasetA	KitA
DatasetA_sample037	G183	0.317297	DatasetA	KitA
DatasetA_sample037	G186	0.266297	DatasetA	KitA
DatasetA_sample037	G189	0.514888	DatasetA	KitA
DatasetA_sample037	G190	0.056454	DatasetA	KitA
DatasetA_sample037	G195	0.578518	DatasetA	KitA
DatasetA_sample037	G200	0.245272	DatasetA	KitA
DatasetA_sample038	G001	0.617032	DatasetA	KitA
DatasetA_sample038	G002	0.546863	DatasetA	KitA
DatasetA_sample038	G003	0.936268	DatasetA	KitA
DatasetA_sample038	G004	0.87978	DatasetA	KitA
DatasetA_sample038	G005	0.584119	DatasetA	KitA
DatasetA_sample038	G006	0.52992	DatasetA	KitA
DatasetA_sample038	G007	0.530677	DatasetA	KitA
DatasetA_sample038	G008	0.57307	DatasetA	KitA
DatasetA_sample038	G009	0.595193	DatasetA	KitA
DatasetA_sample038	G010	0.823522	DatasetA	KitA
DatasetA_sample038	G011	0.522083	DatasetA	KitA
DatasetA_sample038	G012	0.34489	DatasetA	KitA
DatasetA_sample038	G013	0.616822	DatasetA	KitA
DatasetA_sample038	G014	0.713541	DatasetA	KitA
DatasetA_sample038	G015	0.766284	DatasetA	KitA
DatasetA_sample038	G016	0.903006	DatasetA	KitA
DatasetA_sample038	G017	0.925478	DatasetA	KitA
DatasetA_sample038	G018	0.609267	DatasetA	KitA
DatasetA_sample038	G019	0.706783	DatasetA	KitA
DatasetA_sample038	G020	0.542352	DatasetA	KitA
DatasetA_sample038	G021	0.333822	DatasetA	KitA
DatasetA_sample038	G022	0.772144	DatasetA	KitA
DatasetA_sample038	G023	0.620843	DatasetA	KitA
DatasetA_sample038	G024	0.643643	DatasetA	KitA
DatasetA_sample038	G025	0.7148	DatasetA	KitA
DatasetA_sample038	G026	0.687749	DatasetA	KitA
DatasetA_sample038	G027	0.862106	DatasetA	KitA
DatasetA_sample038	G028	0.503151	DatasetA	KitA
DatasetA_sample038	G029	0.503738	DatasetA	KitA
DatasetA_sample038	G030	0.443629	DatasetA	KitA
DatasetA_sample038	G031	0.837709	DatasetA	KitA
DatasetA_sample038	G032	0.87454	DatasetA	KitA
DatasetA_sample038	G033	0.839028	DatasetA	KitA
DatasetA_sample038	G034	0.565507	DatasetA	KitA
DatasetA_sample038	G035	0.448186	DatasetA	KitA
DatasetA_sample038	G036	0.591369	DatasetA	KitA
DatasetA_sample038	G037	0.667028	DatasetA	KitA
DatasetA_sample038	G038	0.34298	DatasetA	KitA
DatasetA_sample038	G039	0.666534	DatasetA	KitA
DatasetA_sample038	G040	0.894589	DatasetA	KitA
DatasetA_sample038	G041	0.458434	DatasetA	KitA
DatasetA_sample038	G042	0.970296	DatasetA	KitA
DatasetA_sample038	G043	0.80651	DatasetA	KitA
DatasetA_sample038	G044	0.745836	DatasetA	KitA
DatasetA_sample038	G045	0.859778	DatasetA	KitA
DatasetA_sample038	G046	0.872385	DatasetA	KitA
DatasetA_sample038	G047	0.838349	DatasetA	KitA
DatasetA_sample038	G048	0.894025	DatasetA	KitA
DatasetA_sample038	G049	0.523725	DatasetA	KitA
DatasetA_sample038	G050	0.503369	DatasetA	KitA
DatasetA_sample038	G081	0.313637	DatasetA	KitA
DatasetA_sample038	G082	0.481691	DatasetA	KitA
DatasetA_sample038	G083	0.402447	DatasetA	KitA
DatasetA_sample038	G084	0.583326	DatasetA	KitA
DatasetA_sample038	G085	0.647617	DatasetA	KitA
DatasetA_sample038	G086	0.688279	DatasetA	KitA
DatasetA_sample038	G087	0.573763	DatasetA	KitA
DatasetA_sample038	G088	0.543308	DatasetA	KitA
DatasetA_sample038	G089	0.444673	DatasetA	KitA
DatasetA_sample038	G090	0.123899	DatasetA	KitA
DatasetA_sample038	G091	0.665543	DatasetA	KitA
DatasetA_sample038	G093	0.426212	DatasetA	KitA
DatasetA_sample038	G094	0.426149	DatasetA	KitA
DatasetA_sample038	G095	0.184659	DatasetA	KitA
DatasetA_sample038	G096	0.56714	DatasetA	KitA
DatasetA_sample038	G097	0.50696	DatasetA	KitA
DatasetA_sample038	G098	0.552064	DatasetA	KitA
DatasetA_sample038	G099	0.837702	DatasetA	KitA
DatasetA_sample038	G100	0.679362	DatasetA	KitA
DatasetA_sample038	G101	0.338007	DatasetA	KitA
DatasetA_sample038	G102	0.678294	DatasetA	KitA
DatasetA_sample038	G103	0.755305	DatasetA	KitA
DatasetA_sample038	G104	0.689797	DatasetA	KitA
DatasetA_sample038	G105	0.705362	DatasetA	KitA
DatasetA_sample038	G106	0.523121	DatasetA	KitA
DatasetA_sample038	G107	0.734814	DatasetA	KitA
DatasetA_sample038	G108	0.757346	DatasetA	KitA
DatasetA_sample038	G109	0.316547	DatasetA	KitA
DatasetA_sample038	G110	0.470824	DatasetA	KitA
DatasetA_sample038	G111	0.557757	DatasetA	KitA
DatasetA_sample038	G112	0.602837	DatasetA	KitA
DatasetA_sample038	G113	0.845903	DatasetA	KitA
DatasetA_sample038	G114	0.832449	DatasetA	KitA
DatasetA_sample038	G115	0.744514	DatasetA	KitA
DatasetA_sample038	G116	0.608873	DatasetA	KitA
DatasetA_sample038	G117	0.433343	DatasetA	KitA
DatasetA_sample038	G118	0.469795	DatasetA	KitA
DatasetA_sample038	G119	0.917424	DatasetA	KitA
DatasetA_sample038	G120	0.40468	DatasetA	KitA
DatasetA_sample038	G121	0.317151	DatasetA	KitA
DatasetA_sample038	G122	0.623792	DatasetA	KitA
DatasetA_sample038	G123	0.762676	DatasetA	KitA
DatasetA_sample038	G124	0.548777	DatasetA	KitA
DatasetA_sample038	G125	0.423837	DatasetA	KitA
DatasetA_sample038	G126	0.5949	DatasetA	KitA
DatasetA_sample038	G127	0.91359	DatasetA	KitA
DatasetA_sample038	G128	0.673862	DatasetA	KitA
DatasetA_sample038	G129	0.6138	DatasetA	KitA
DatasetA_sample038	G130	0.514215	DatasetA	KitA
DatasetA_sample038	G131	0.793296	DatasetA	KitA
DatasetA_sample038	G132	0.350495	DatasetA	KitA
DatasetA_sample038	G133	0.533002	DatasetA	KitA
DatasetA_sample038	G134	0.514912	DatasetA	KitA
DatasetA_sample038	G135	0.746989	DatasetA	KitA
DatasetA_sample038	G136	0.430602	DatasetA	KitA
DatasetA_sample038	G138	0.400749	DatasetA	KitA
DatasetA_sample038	G139	0.49473	DatasetA	KitA
DatasetA_sample038	G140	0.714442	DatasetA	KitA
DatasetA_sample038	G142	0.116731	DatasetA	KitA
DatasetA_sample038	G144	0.558325	DatasetA	KitA
DatasetA_sample038	G146	0.527467	DatasetA	KitA
DatasetA_sample038	G147	0.531096	DatasetA	KitA
DatasetA_sample038	G148	0.505784	DatasetA	KitA
DatasetA_sample038	G149	0.383404	DatasetA	KitA
DatasetA_sample038	G150	0.10639	DatasetA	KitA
DatasetA_sample038	G151	0.486744	DatasetA	KitA
DatasetA_sample038	G152	0.562717	DatasetA	KitA
DatasetA_sample038	G153	0.47839	DatasetA	KitA
DatasetA_sample038	G155	0.603677	DatasetA	KitA
DatasetA_sample038	G159	0.79253	DatasetA	KitA
DatasetA_sample038	G160	0.272728	DatasetA	KitA
DatasetA_sample038	G161	0.459452	DatasetA	KitA
DatasetA_sample038	G162	0.257416	DatasetA	KitA
DatasetA_sample038	G163	0.155022	DatasetA	KitA
DatasetA_sample038	G167	0.624382	DatasetA	KitA
DatasetA_sample038	G169	0.606688	DatasetA	KitA
DatasetA_sample038	G170	0.430525	DatasetA	KitA
DatasetA_sample038	G184	0.091292	DatasetA	KitA
DatasetA_sample038	G187	0.373817	DatasetA	KitA
DatasetA_sample038	G193	0.788629	DatasetA	KitA
DatasetA_sample038	G195	0.245743	DatasetA	KitA
DatasetA_sample039	G001	0.682603	DatasetA	KitA
DatasetA_sample039	G002	0.828382	DatasetA	KitA
DatasetA_sample039	G003	0.735811	DatasetA	KitA
DatasetA_sample039	G004	0.811363	DatasetA	KitA
DatasetA_sample039	G005	0.846274	DatasetA	KitA
DatasetA_sample039	G006	0.548993	DatasetA	KitA
DatasetA_sample039	G007	0.860787	DatasetA	KitA
DatasetA_sample039	G008	0.575927	DatasetA	KitA
DatasetA_sample039	G009	0.458725	DatasetA	KitA
DatasetA_sample039	G010	0.781715	DatasetA	KitA
DatasetA_sample039	G011	0.235139	DatasetA	KitA
DatasetA_sample039	G012	0.960639	DatasetA	KitA
DatasetA_sample039	G013	0.586733	DatasetA	KitA
DatasetA_sample039	G014	0.646127	DatasetA	KitA
DatasetA_sample039	G015	0.793864	DatasetA	KitA
DatasetA_sample039	G016	0.703786	DatasetA	KitA
DatasetA_sample039	G017	0.717063	DatasetA	KitA
DatasetA_sample039	G018	0.88872	DatasetA	KitA
DatasetA_sample039	G019	0.374997	DatasetA	KitA
DatasetA_sample039	G020	0.800353	DatasetA	KitA
DatasetA_sample039	G021	0.59315	DatasetA	KitA
DatasetA_sample039	G022	0.830831	DatasetA	KitA
DatasetA_sample039	G023	0.93163	DatasetA	KitA
DatasetA_sample039	G024	0.910241	DatasetA	KitA
DatasetA_sample039	G025	0.646181	DatasetA	KitA
DatasetA_sample039	G026	0.437082	DatasetA	KitA
DatasetA_sample039	G027	0.720522	DatasetA	KitA
DatasetA_sample039	G028	0.459443	DatasetA	KitA
DatasetA_sample039	G029	0.739895	DatasetA	KitA
DatasetA_sample039	G030	0.52287	DatasetA	KitA
DatasetA_sample039	G031	0.429966	DatasetA	KitA
DatasetA_sample039	G032	0.619028	DatasetA	KitA
DatasetA_sample039	G033	0.612444	DatasetA	KitA
DatasetA_sample039	G034	0.430767	DatasetA	KitA
DatasetA_sample039	G035	0.491415	DatasetA	KitA
DatasetA_sample039	G036	0.836176	DatasetA	KitA
DatasetA_sample039	G037	0.743312	DatasetA	KitA
DatasetA_sample039	G038	0.711898	DatasetA	KitA
DatasetA_sample039	G039	0.779427	DatasetA	KitA
DatasetA_sample039	G040	0.450817	DatasetA	KitA
DatasetA_sample039	G041	0.860102	DatasetA	KitA
DatasetA_sample039	G042	0.847784	DatasetA	KitA
DatasetA_sample039	G043	0.896205	DatasetA	KitA
DatasetA_sample039	G044	0.453616	DatasetA	KitA
DatasetA_sample039	G045	0.733568	DatasetA	KitA
DatasetA_sample039	G046	0.882051	DatasetA	KitA
DatasetA_sample039	G047	0.831012	DatasetA	KitA
DatasetA_sample039	G048	0.833696	DatasetA	KitA
DatasetA_sample039	G049	0.545884	DatasetA	KitA
DatasetA_sample039	G050	0.999298	DatasetA	KitA
DatasetA_sample039	G081	0.814103	DatasetA	KitA
DatasetA_sample039	G082	0.430219	DatasetA	KitA
DatasetA_sample039	G083	0.568868	DatasetA	KitA
DatasetA_sample039	G084	0.797302	DatasetA	KitA
DatasetA_sample039	G086	0.457646	DatasetA	KitA
DatasetA_sample039	G087	0.840198	DatasetA	KitA
DatasetA_sample039	G088	0.548388	DatasetA	KitA
DatasetA_sample039	G089	0.679354	DatasetA	KitA
DatasetA_sample039	G090	0.598488	DatasetA	KitA
DatasetA_sample039	G091	0.140758	DatasetA	KitA
DatasetA_sample039	G092	0.321105	DatasetA	KitA
DatasetA_sample039	G093	0.444575	DatasetA	KitA
DatasetA_sample039	G094	0.458192	DatasetA	KitA
DatasetA_sample039	G095	0.302112	DatasetA	KitA
DatasetA_sample039	G096	0.370863	DatasetA	KitA
DatasetA_sample039	G097	0.59993	DatasetA	KitA
DatasetA_sample039	G098	0.667218	DatasetA	KitA
DatasetA_sample039	G099	0.74009	DatasetA	KitA
DatasetA_sample039	G100	0.189338	DatasetA	KitA
DatasetA_sample039	G101	0.608231	DatasetA	KitA
DatasetA_sample039	G102	0.462564	DatasetA	KitA
DatasetA_sample039	G103	0.205056	DatasetA	KitA
DatasetA_sample039	G104	0.536112	DatasetA	KitA
DatasetA_sample039	G105	0.778945	DatasetA	KitA
DatasetA_sample039	G106	0.674851	DatasetA	KitA
DatasetA_sample039	G107	0.542882	DatasetA	KitA
DatasetA_sample039	G108	0.790502	DatasetA	KitA
DatasetA_sample039	G109	0.236807	DatasetA	KitA
DatasetA_sample039	G110	0.587022	DatasetA	KitA
DatasetA_sample039	G111	0.290516	DatasetA	KitA
DatasetA_sample039	G112	0.468571	DatasetA	KitA
DatasetA_sample039	G113	0.859492	DatasetA	KitA
DatasetA_sample039	G114	0.502299	DatasetA	KitA
DatasetA_sample039	G115	0.85193	DatasetA	KitA
DatasetA_sample039	G116	0.615288	DatasetA	KitA
DatasetA_sample039	G117	0.893961	DatasetA	KitA
DatasetA_sample039	G118	0.693566	DatasetA	KitA
DatasetA_sample039	G119	0.611242	DatasetA	KitA
DatasetA_sample039	G120	0.628054	DatasetA	KitA
DatasetA_sample039	G121	0.443723	DatasetA	KitA
DatasetA_sample039	G122	0.619906	DatasetA	KitA
DatasetA_sample039	G123	0.878002	DatasetA	KitA
DatasetA_sample039	G124	0.682181	DatasetA	KitA
DatasetA_sample039	G125	0.387392	DatasetA	KitA
DatasetA_sample039	G126	0.596991	DatasetA	KitA
DatasetA_sample039	G127	0.624059	DatasetA	KitA
DatasetA_sample039	G128	0.444364	DatasetA	KitA
DatasetA_sample039	G129	0.353152	DatasetA	KitA
DatasetA_sample039	G130	0.564746	DatasetA	KitA
DatasetA_sample039	G131	0.543265	DatasetA	KitA
DatasetA_sample039	G132	0.529754	DatasetA	KitA
DatasetA_sample039	G133	0.45894	DatasetA	KitA
DatasetA_sample039	G134	0.380952	DatasetA	KitA
DatasetA_sample039	G135	0.848578	DatasetA	KitA
DatasetA_sample039	G136	0.605686	DatasetA	KitA
DatasetA_sample039	G137	0.744944	DatasetA	KitA
DatasetA_sample039	G138	0.59784	DatasetA	KitA
DatasetA_sample039	G139	0.598534	DatasetA	KitA
DatasetA_sample039	G140	0.548621	DatasetA	KitA
DatasetA_sample039	G141	0.553699	DatasetA	KitA
DatasetA_sample039	G143	0.265788	DatasetA	KitA
DatasetA_sample039	G144	0.29132	DatasetA	KitA
DatasetA_sample039	G145	0.154871	DatasetA	KitA
DatasetA_sample039	G146	0.613526	DatasetA	KitA
DatasetA_sample039	G147	0.722324	DatasetA	KitA
DatasetA_sample039	G148	0.451692	DatasetA	KitA
DatasetA_sample039	G149	0.681217	DatasetA	KitA
DatasetA_sample039	G150	0.217573	DatasetA	KitA
DatasetA_sample039	G151	0.221858	DatasetA	KitA
DatasetA_sample039	G152	0.364397	DatasetA	KitA
DatasetA_sample039	G154	0.660253	DatasetA	KitA
DatasetA_sample039	G155	0.465109	DatasetA	KitA
DatasetA_sample039	G159	0.446583	DatasetA	KitA
DatasetA_sample039	G160	0.174692	DatasetA	KitA
DatasetA_sample039	G161	0.352469	DatasetA	KitA
DatasetA_sample039	G163	0.347602	DatasetA	KitA
DatasetA_sample039	G164	0.462952	DatasetA	KitA
DatasetA_sample039	G166	0.497464	DatasetA	KitA
DatasetA_sample039	G167	0.448308	DatasetA	KitA
DatasetA_sample039	G168	0.265236	DatasetA	KitA
DatasetA_sample039	G169	0.204299	DatasetA	KitA
DatasetA_sample039	G170	0.554846	DatasetA	KitA
DatasetA_sample039	G174	0.258778	DatasetA	KitA
DatasetA_sample039	G180	0.184084	DatasetA	KitA
DatasetA_sample039	G182	0.109143	DatasetA	KitA
DatasetA_sample039	G200	0.367423	DatasetA	KitA
DatasetA_sample040	G001	0.62557	DatasetA	KitA
DatasetA_sample040	G002	0.581439	DatasetA	KitA
DatasetA_sample040	G003	0.846579	DatasetA	KitA
DatasetA_sample040	G004	0.548972	DatasetA	KitA
DatasetA_sample040	G005	0.613892	DatasetA	KitA
DatasetA_sample040	G006	0.793556	DatasetA	KitA
DatasetA_sample040	G007	0.896396	DatasetA	KitA
DatasetA_sample040	G008	0.682825	DatasetA	KitA
DatasetA_sample040	G009	0.747666	DatasetA	KitA
DatasetA_sample040	G010	0.841385	DatasetA	KitA
DatasetA_sample040	G011	0.315954	DatasetA	KitA
DatasetA_sample040	G012	0.481873	DatasetA	KitA
DatasetA_sample040	G013	0.827329	DatasetA	KitA
DatasetA_sample040	G014	0.529146	DatasetA	KitA
DatasetA_sample040	G015	0.947788	DatasetA	KitA
DatasetA_sample040	G016	0.639025	DatasetA	KitA
DatasetA_sample040	G017	0.973672	DatasetA	KitA
DatasetA_sample040	G018	0.558426	DatasetA	KitA
DatasetA_sample040	G019	0.869688	DatasetA	KitA
DatasetA_sample040	G020	0.601618	DatasetA	KitA
DatasetA_sample040	G021	0.714959	DatasetA	KitA
DatasetA_sample040	G022	0.767692	DatasetA	KitA
DatasetA_sample040	G023	0.762327	DatasetA	KitA
DatasetA_sample040	G024	0.844787	DatasetA	KitA
DatasetA_sample040	G025	0.668629	DatasetA	KitA
DatasetA_sample040	G026	0.712614	DatasetA	KitA
DatasetA_sample040	G027	0.764257	DatasetA	KitA
DatasetA_sample040	G028	0.654407	DatasetA	KitA
DatasetA_sample040	G029	0.720895	DatasetA	KitA
DatasetA_sample040	G030	0.878199	DatasetA	KitA
DatasetA_sample040	G031	0.839587	DatasetA	KitA
DatasetA_sample040	G032	0.503483	DatasetA	KitA
DatasetA_sample040	G033	0.471045	DatasetA	KitA
DatasetA_sample040	G034	0.480068	DatasetA	KitA
DatasetA_sample040	G035	0.929569	DatasetA	KitA
DatasetA_sample040	G036	0.902748	DatasetA	KitA
DatasetA_sample040	G037	0.535497	DatasetA	KitA
DatasetA_sample040	G038	0.627262	DatasetA	KitA
DatasetA_sample040	G039	0.756436	DatasetA	KitA
DatasetA_sample040	G040	0.677793	DatasetA	KitA
DatasetA_sample040	G041	0.748011	DatasetA	KitA
DatasetA_sample040	G042	0.682156	DatasetA	KitA
DatasetA_sample040	G043	0.633097	DatasetA	KitA
DatasetA_sample040	G044	0.524437	DatasetA	KitA
DatasetA_sample040	G045	0.774093	DatasetA	KitA
DatasetA_sample040	G046	0.758463	DatasetA	KitA
DatasetA_sample040	G047	0.499832	DatasetA	KitA
DatasetA_sample040	G048	0.539772	DatasetA	KitA
DatasetA_sample040	G049	0.734664	DatasetA	KitA
DatasetA_sample040	G050	0.356008	DatasetA	KitA
DatasetA_sample040	G081	0.77402	DatasetA	KitA
DatasetA_sample040	G082	0.554041	DatasetA	KitA
DatasetA_sample040	G083	0.752623	DatasetA	KitA
DatasetA_sample040	G084	0.780667	DatasetA	KitA
DatasetA_sample040	G085	0.62292	DatasetA	KitA
DatasetA_sample040	G086	0.443452	DatasetA	KitA
DatasetA_sample040	G087	0.53576	DatasetA	KitA
DatasetA_sample040	G088	0.39131	DatasetA	KitA
DatasetA_sample040	G089	0.428467	DatasetA	KitA
DatasetA_sample040	G090	0.74791	DatasetA	KitA
DatasetA_sample040	G091	0.524101	DatasetA	KitA
DatasetA_sample040	G092	0.701642	DatasetA	KitA
DatasetA_sample040	G093	0.261731	DatasetA	KitA
DatasetA_sample040	G094	0.850899	DatasetA	KitA
DatasetA_sample040	G095	0.411503	DatasetA	KitA
DatasetA_sample040	G096	0.343389	DatasetA	KitA
DatasetA_sample040	G097	0.729503	DatasetA	KitA
DatasetA_sample040	G098	0.213438	DatasetA	KitA
DatasetA_sample040	G099	0.643219	DatasetA	KitA
DatasetA_sample040	G100	0.688522	DatasetA	KitA
DatasetA_sample040	G101	0.669691	DatasetA	KitA
DatasetA_sample040	G102	0.518499	DatasetA	KitA
DatasetA_sample040	G103	0.560219	DatasetA	KitA
DatasetA_sample040	G104	0.485641	DatasetA	KitA
DatasetA_sample040	G105	0.903171	DatasetA	KitA
DatasetA_sample040	G106	0.167876	DatasetA	KitA
DatasetA_sample040	G107	0.726495	DatasetA	KitA
DatasetA_sample040	G108	0.238028	DatasetA	KitA
DatasetA_sample040	G109	0.347944	DatasetA	KitA
DatasetA_sample040	G110	0.363495	DatasetA	KitA
DatasetA_sample040	G111	0.554345	DatasetA	KitA
DatasetA_sample040	G112	0.823958	DatasetA	KitA
DatasetA_sample040	G113	0.711816	DatasetA	KitA
DatasetA_sample040	G114	0.363674	DatasetA	KitA
DatasetA_sample040	G115	0.647799	DatasetA	KitA
DatasetA_sample040	G116	0.564855	DatasetA	KitA
DatasetA_sample040	G117	0.69757	DatasetA	KitA
DatasetA_sample040	G118	0.827549	DatasetA	KitA
DatasetA_sample040	G119	0.432151	DatasetA	KitA
DatasetA_sample040	G120	0.917836	DatasetA	KitA
DatasetA_sample040	G121	0.474981	DatasetA	KitA
DatasetA_sample040	G122	0.843317	DatasetA	KitA
DatasetA_sample040	G123	0.680869	DatasetA	KitA
DatasetA_sample040	G124	0.703351	DatasetA	KitA
DatasetA_sample040	G125	0.484967	DatasetA	KitA
DatasetA_sample040	G126	0.811134	DatasetA	KitA
DatasetA_sample040	G127	0.673487	DatasetA	KitA
DatasetA_sample040	G128	0.653468	DatasetA	KitA
DatasetA_sample040	G129	0.841383	DatasetA	KitA
DatasetA_sample040	G130	0.819116	DatasetA	KitA
DatasetA_sample040	G131	0.596129	DatasetA	KitA
DatasetA_sample040	G132	0.825245	DatasetA	KitA
DatasetA_sample040	G133	0.616192	DatasetA	KitA
DatasetA_sample040	G134	0.49465	DatasetA	KitA
DatasetA_sample040	G135	0.645762	DatasetA	KitA
DatasetA_sample040	G136	0.805997	DatasetA	KitA
DatasetA_sample040	G137	0.418158	DatasetA	KitA
DatasetA_sample040	G138	0.621281	DatasetA	KitA
DatasetA_sample040	G139	0.440158	DatasetA	KitA
DatasetA_sample040	G140	0.421695	DatasetA	KitA
DatasetA_sample040	G141	0.276801	DatasetA	KitA
DatasetA_sample040	G143	0.450099	DatasetA	KitA
DatasetA_sample040	G145	0.214101	DatasetA	KitA
DatasetA_sample040	G146	0.277266	DatasetA	KitA
DatasetA_sample040	G150	0.243128	DatasetA	KitA
DatasetA_sample040	G153	0.431881	DatasetA	KitA
DatasetA_sample040	G154	0.38874	DatasetA	KitA
DatasetA_sample040	G157	0.3461	DatasetA	KitA
DatasetA_sample040	G158	0.114973	DatasetA	KitA
DatasetA_sample040	G161	0.548674	DatasetA	KitA
DatasetA_sample040	G162	0.116281	DatasetA	KitA
DatasetA_sample040	G163	0.518716	DatasetA	KitA
DatasetA_sample040	G164	0.566828	DatasetA	KitA
DatasetA_sample040	G165	0.414219	DatasetA	KitA
DatasetA_sample040	G166	0.612677	DatasetA	KitA
DatasetA_sample040	G167	0.378184	DatasetA	KitA
DatasetA_sample040	G168	0.642172	DatasetA	KitA
DatasetA_sample040	G169	0.130185	DatasetA	KitA
DatasetA_sample040	G170	0.460645	DatasetA	KitA
DatasetA_sample040	G172	0.512858	DatasetA	KitA
DatasetA_sample040	G174	0.288195	DatasetA	KitA
DatasetA_sample040	G177	0.302227	DatasetA	KitA
DatasetA_sample040	G180	0.431909	DatasetA	KitA
DatasetA_sample040	G181	0.158668	DatasetA	KitA
DatasetA_sample040	G186	0.191372	DatasetA	KitA
DatasetA_sample040	G188	0.456102	DatasetA	KitA
DatasetA_sample040	G191	0.254788	DatasetA	KitA
DatasetA_sample040	G193	0.155516	DatasetA	KitA
DatasetB_sample001	G001	0.948972	DatasetB	KitB
DatasetB_sample001	G002	0.855783	DatasetB	KitB
DatasetB_sample001	G003	0.30143	DatasetB	KitB
DatasetB_sample001	G004	0.83761	DatasetB	KitB
DatasetB_sample001	G005	0.594891	DatasetB	KitB
DatasetB_sample001	G006	0.740831	DatasetB	KitB
DatasetB_sample001	G007	0.849198	DatasetB	KitB
DatasetB_sample001	G008	0.792154	DatasetB	KitB
DatasetB_sample001	G009	0.694572	DatasetB	KitB
DatasetB_sample001	G010	0.694319	DatasetB	KitB
DatasetB_sample001	G011	0.849456	DatasetB	KitB
DatasetB_sample001	G012	0.790597	DatasetB	KitB
DatasetB_sample001	G013	0.611936	DatasetB	KitB
DatasetB_sample001	G014	0.857135	DatasetB	KitB
DatasetB_sample001	G015	0.918272	DatasetB	KitB
DatasetB_sample001	G016	0.78725	DatasetB	KitB
DatasetB_sample001	G017	0.633487	DatasetB	KitB
DatasetB_sample001	G018	0.845979	DatasetB	KitB
DatasetB_sample001	G019	0.707936	DatasetB	KitB
DatasetB_sample001	G020	0.554516	DatasetB	KitB
DatasetB_sample001	G021	0.947003	DatasetB	KitB
DatasetB_sample001	G022	0.812475	DatasetB	KitB
DatasetB_sample001	G023	0.600762	DatasetB	KitB
DatasetB_sample001	G024	0.437283	DatasetB	KitB
DatasetB_sample001	G025	0.661625	DatasetB	KitB
DatasetB_sample001	G026	0.828431	DatasetB	KitB
DatasetB_sample001	G027	0.710247	DatasetB	KitB
DatasetB_sample001	G028	0.861692	DatasetB	KitB
DatasetB_sample001	G029	0.742848	DatasetB	KitB
DatasetB_sample001	G030	0.681818	DatasetB	KitB
DatasetB_sample001	G031	0.638232	DatasetB	KitB
DatasetB_sample001	G032	0.623049	DatasetB	KitB
DatasetB_sample001	G033	0.649412	DatasetB	KitB
DatasetB_sample001	G034	0.56232	DatasetB	KitB
DatasetB_sample001	G035	0.556874	DatasetB	KitB
DatasetB_sample001	G036	0.593798	DatasetB	KitB
DatasetB_sample001	G037	0.765366	DatasetB	KitB
DatasetB_sample001	G038	0.747872	DatasetB	KitB
DatasetB_sample001	G039	0.866386	DatasetB	KitB
DatasetB_sample001	G040	0.859779	DatasetB	KitB
DatasetB_sample001	G041	0.749804	DatasetB	KitB
DatasetB_sample001	G042	0.753829	DatasetB	KitB
DatasetB_sample001	G043	0.894886	DatasetB	KitB
DatasetB_sample001	G044	0.482183	DatasetB	KitB
DatasetB_sample001	G045	0.851586	DatasetB	KitB
DatasetB_sample001	G046	0.827286	DatasetB	KitB
DatasetB_sample001	G047	0.922407	DatasetB	KitB
DatasetB_sample001	G048	0.695402	DatasetB	KitB
DatasetB_sample001	G049	0.905189	DatasetB	KitB
DatasetB_sample001	G050	0.61019	DatasetB	KitB
DatasetB_sample001	G051	0.68306	DatasetB	KitB
DatasetB_sample001	G052	0.591872	DatasetB	KitB
DatasetB_sample001	G053	0.6454	DatasetB	KitB
DatasetB_sample001	G054	0.601213	DatasetB	KitB
DatasetB_sample001	G055	0.885502	DatasetB	KitB
DatasetB_sample001	G056	0.401681	DatasetB	KitB
DatasetB_sample001	G057	0.561198	DatasetB	KitB
DatasetB_sample001	G058	0.610244	DatasetB	KitB
DatasetB_sample001	G059	0.742912	DatasetB	KitB
DatasetB_sample001	G060	0.752551	DatasetB	KitB
DatasetB_sample001	G061	0.859855	DatasetB	KitB
DatasetB_sample001	G062	0.362406	DatasetB	KitB
DatasetB_sample001	G063	0.517915	DatasetB	KitB
DatasetB_sample001	G064	0.449785	DatasetB	KitB
DatasetB_sample001	G065	0.757569	DatasetB	KitB
DatasetB_sample001	G066	0.583008	DatasetB	KitB
DatasetB_sample001	G067	0.450084	DatasetB	KitB
DatasetB_sample001	G068	0.52417	DatasetB	KitB
DatasetB_sample001	G069	0.54369	DatasetB	KitB
DatasetB_sample001	G070	0.570034	DatasetB	KitB
DatasetB_sample001	G071	0.483156	DatasetB	KitB
DatasetB_sample001	G072	0.534863	DatasetB	KitB
DatasetB_sample001	G073	0.474713	DatasetB	KitB
DatasetB_sample001	G074	0.490348	DatasetB	KitB
DatasetB_sample001	G075	0.756636	DatasetB	KitB
DatasetB_sample001	G076	0.680239	DatasetB	KitB
DatasetB_sample001	G077	0.315213	DatasetB	KitB
DatasetB_sample001	G078	0.775925	DatasetB	KitB
DatasetB_sample001	G079	0.812123	DatasetB	KitB
DatasetB_sample001	G080	0.454084	DatasetB	KitB
DatasetB_sample001	G111	0.82309	DatasetB	KitB
DatasetB_sample001	G112	0.281536	DatasetB	KitB
DatasetB_sample001	G113	0.285739	DatasetB	KitB
DatasetB_sample001	G114	0.27412	DatasetB	KitB
DatasetB_sample001	G115	0.605109	DatasetB	KitB
DatasetB_sample001	G116	0.528762	DatasetB	KitB
DatasetB_sample001	G117	0.6001	DatasetB	KitB
DatasetB_sample001	G118	0.471876	DatasetB	KitB
DatasetB_sample001	G119	0.369451	DatasetB	KitB
DatasetB_sample001	G120	0.618516	DatasetB	KitB
DatasetB_sample001	G121	0.684816	DatasetB	KitB
DatasetB_sample001	G122	0.505378	DatasetB	KitB
DatasetB_sample001	G123	0.847655	DatasetB	KitB
DatasetB_sample001	G124	0.749084	DatasetB	KitB
DatasetB_sample001	G125	0.745055	DatasetB	KitB
DatasetB_sample001	G126	0.332063	DatasetB	KitB
DatasetB_sample001	G127	0.647679	DatasetB	KitB
DatasetB_sample001	G128	0.83051	DatasetB	KitB
DatasetB_sample001	G129	0.260863	DatasetB	KitB
DatasetB_sample001	G130	0.360611	DatasetB	KitB
DatasetB_sample001	G131	0.783882	DatasetB	KitB
DatasetB_sample001	G132	0.723752	DatasetB	KitB
DatasetB_sample001	G133	0.804041	DatasetB	KitB
DatasetB_sample001	G134	0.333323	DatasetB	KitB
DatasetB_sample001	G135	0.675703	DatasetB	KitB
DatasetB_sample001	G136	0.463449	DatasetB	KitB
DatasetB_sample001	G137	0.812389	DatasetB	KitB
DatasetB_sample001	G138	0.418412	DatasetB	KitB
DatasetB_sample001	G139	0.715982	DatasetB	KitB
DatasetB_sample001	G140	0.792339	DatasetB	KitB
DatasetB_sample001	G141	0.622701	DatasetB	KitB
DatasetB_sample001	G142	0.245365	DatasetB	KitB
DatasetB_sample001	G143	0.518761	DatasetB	KitB
DatasetB_sample001	G144	0.084003	DatasetB	KitB
DatasetB_sample001	G147	0.343089	DatasetB	KitB
DatasetB_sample001	G148	0.30177	DatasetB	KitB
DatasetB_sample001	G149	0.289024	DatasetB	KitB
DatasetB_sample001	G150	0.305741	DatasetB	KitB
DatasetB_sample001	G151	0.477726	DatasetB	KitB
DatasetB_sample001	G152	0.252199	DatasetB	KitB
DatasetB_sample001	G153	0.440315	DatasetB	KitB
DatasetB_sample001	G154	0.13762	DatasetB	KitB
DatasetB_sample001	G155	0.574827	DatasetB	KitB
DatasetB_sample001	G157	0.592245	DatasetB	KitB
DatasetB_sample001	G158	0.308237	DatasetB	KitB
DatasetB_sample001	G159	0.555331	DatasetB	KitB
DatasetB_sample001	G160	0.081838	DatasetB	KitB
DatasetB_sample001	G162	0.150555	DatasetB	KitB
DatasetB_sample001	G165	0.176835	DatasetB	KitB
DatasetB_sample001	G166	0.471138	DatasetB	KitB
DatasetB_sample001	G170	0.619492	DatasetB	KitB
DatasetB_sample001	G172	0.462986	DatasetB	KitB
DatasetB_sample001	G174	0.492177	DatasetB	KitB
DatasetB_sample001	G175	0.236689	DatasetB	KitB
DatasetB_sample001	G178	0.113638	DatasetB	KitB
DatasetB_sample001	G186	0.29634	DatasetB	KitB
DatasetB_sample001	G188	0.264114	DatasetB	KitB
DatasetB_sample001	G198	0.371466	DatasetB	KitB
DatasetB_sample002	G001	0.829881	DatasetB	KitB
DatasetB_sample002	G002	0.643309	DatasetB	KitB
DatasetB_sample002	G003	0.68067	DatasetB	KitB
DatasetB_sample002	G004	0.549739	DatasetB	KitB
DatasetB_sample002	G005	0.695112	DatasetB	KitB
DatasetB_sample002	G006	0.714265	DatasetB	KitB
DatasetB_sample002	G007	0.577875	DatasetB	KitB
DatasetB_sample002	G008	0.864577	DatasetB	KitB
DatasetB_sample002	G009	0.760069	DatasetB	KitB
DatasetB_sample002	G010	0.753676	DatasetB	KitB
DatasetB_sample002	G011	0.77019	DatasetB	KitB
DatasetB_sample002	G012	0.762386	DatasetB	KitB
DatasetB_sample002	G013	0.787959	DatasetB	KitB
DatasetB_sample002	G014	0.75665	DatasetB	KitB
DatasetB_sample002	G015	0.755758	DatasetB	KitB
DatasetB_sample002	G016	0.661676	DatasetB	KitB
DatasetB_sample002	G017	0.584218	DatasetB	KitB
DatasetB_sample002	G018	0.680246	DatasetB	KitB
DatasetB_sample002	G019	0.870673	DatasetB	KitB
DatasetB_sample002	G020	0.757866	DatasetB	KitB
DatasetB_sample002	G021	0.370658	DatasetB	KitB
DatasetB_sample002	G022	0.75789	DatasetB	KitB
DatasetB_sample002	G023	0.624571	DatasetB	KitB
DatasetB_sample002	G024	0.720874	DatasetB	KitB
DatasetB_sample002	G025	0.894335	DatasetB	KitB
DatasetB_sample002	G026	0.740835	DatasetB	KitB
DatasetB_sample002	G027	0.404464	DatasetB	KitB
DatasetB_sample002	G028	0.851188	DatasetB	KitB
DatasetB_sample002	G029	0.887722	DatasetB	KitB
DatasetB_sample002	G030	0.718476	DatasetB	KitB
DatasetB_sample002	G031	0.657518	DatasetB	KitB
DatasetB_sample002	G032	0.858261	DatasetB	KitB
DatasetB_sample002	G033	0.475635	DatasetB	KitB
DatasetB_sample002	G034	0.776981	DatasetB	KitB
DatasetB_sample002	G035	0.614385	DatasetB	KitB
DatasetB_sample002	G036	0.653523	DatasetB	KitB
DatasetB_sample002	G037	0.40982	DatasetB	KitB
DatasetB_sample002	G038	0.844904	DatasetB	KitB
DatasetB_sample002	G039	0.458665	DatasetB	KitB
DatasetB_sample002	G040	0.543459	DatasetB	KitB
DatasetB_sample002	G041	0.945263	DatasetB	KitB
DatasetB_sample002	G042	0.904358	DatasetB	KitB
DatasetB_sample002	G043	0.666955	DatasetB	KitB
DatasetB_sample002	G044	0.517953	DatasetB	KitB
DatasetB_sample002	G045	0.757697	DatasetB	KitB
DatasetB_sample002	G046	0.771983	DatasetB	KitB
DatasetB_sample002	G047	0.87688	DatasetB	KitB
DatasetB_sample002	G048	0.857808	DatasetB	KitB
DatasetB_sample002	G049	0.776962	DatasetB	KitB
DatasetB_sample002	G050	0.708386	DatasetB	KitB
DatasetB_sample002	G051	0.285451	DatasetB	KitB
DatasetB_sample002	G052	0.464738	DatasetB	KitB
DatasetB_sample002	G053	0.451391	DatasetB	KitB
DatasetB_sample002	G054	0.392587	DatasetB	KitB
DatasetB_sample002	G055	0.67496	DatasetB	KitB
DatasetB_sample002	G056	0.687389	DatasetB	KitB
DatasetB_sample002	G057	0.572494	DatasetB	KitB
DatasetB_sample002	G058	0.239093	DatasetB	KitB
DatasetB_sample002	G059	0.794161	DatasetB	KitB
DatasetB_sample002	G060	0.414408	DatasetB	KitB
DatasetB_sample002	G061	0.416681	DatasetB	KitB
DatasetB_sample002	G062	0.622593	DatasetB	KitB
DatasetB_sample002	G063	0.600259	DatasetB	KitB
DatasetB_sample002	G064	0.721886	DatasetB	KitB
DatasetB_sample002	G065	0.742562	DatasetB	KitB
DatasetB_sample002	G066	0.612589	DatasetB	KitB
DatasetB_sample002	G067	0.649335	DatasetB	KitB
DatasetB_sample002	G068	0.838521	DatasetB	KitB
DatasetB_sample002	G069	0.781947	DatasetB	KitB
DatasetB_sample002	G070	0.521817	DatasetB	KitB
DatasetB_sample002	G071	0.478154	DatasetB	KitB
DatasetB_sample002	G072	0.686846	DatasetB	KitB
DatasetB_sample002	G073	0.742467	DatasetB	KitB
DatasetB_sample002	G074	0.598514	DatasetB	KitB
DatasetB_sample002	G075	0.427607	DatasetB	KitB
DatasetB_sample002	G076	0.477164	DatasetB	KitB
DatasetB_sample002	G077	0.584534	DatasetB	KitB
DatasetB_sample002	G078	0.678937	DatasetB	KitB
DatasetB_sample002	G079	0.686281	DatasetB	KitB
DatasetB_sample002	G080	0.734838	DatasetB	KitB
DatasetB_sample002	G111	0.515392	DatasetB	KitB
DatasetB_sample002	G112	0.806173	DatasetB	KitB
DatasetB_sample002	G113	0.680838	DatasetB	KitB
DatasetB_sample002	G114	0.676752	DatasetB	KitB
DatasetB_sample002	G115	0.587102	DatasetB	KitB
DatasetB_sample002	G116	0.569584	DatasetB	KitB
DatasetB_sample002	G117	0.513415	DatasetB	KitB
DatasetB_sample002	G118	0.331331	DatasetB	KitB
DatasetB_sample002	G119	0.427549	DatasetB	KitB
DatasetB_sample002	G120	0.464629	DatasetB	KitB
DatasetB_sample002	G121	0.680546	DatasetB	KitB
DatasetB_sample002	G122	0.382388	DatasetB	KitB
DatasetB_sample002	G123	0.689706	DatasetB	KitB
DatasetB_sample002	G124	0.434534	DatasetB	KitB
DatasetB_sample002	G125	0.48814	DatasetB	KitB
DatasetB_sample002	G126	0.583419	DatasetB	KitB
DatasetB_sample002	G127	0.53512	DatasetB	KitB
DatasetB_sample002	G128	0.35708	DatasetB	KitB
DatasetB_sample002	G129	0.870889	DatasetB	KitB
DatasetB_sample002	G130	0.769537	DatasetB	KitB
DatasetB_sample002	G131	0.540202	DatasetB	KitB
DatasetB_sample002	G132	0.710725	DatasetB	KitB
DatasetB_sample002	G133	0.57864	DatasetB	KitB
DatasetB_sample002	G134	0.849899	DatasetB	KitB
DatasetB_sample002	G135	0.5018	DatasetB	KitB
DatasetB_sample002	G136	0.602793	DatasetB	KitB
DatasetB_sample002	G137	0.783412	DatasetB	KitB
DatasetB_sample002	G138	0.594985	DatasetB	KitB
DatasetB_sample002	G139	0.427721	DatasetB	KitB
DatasetB_sample002	G140	0.331192	DatasetB	KitB
DatasetB_sample002	G141	0.32112	DatasetB	KitB
DatasetB_sample002	G142	0.388889	DatasetB	KitB
DatasetB_sample002	G143	0.086195	DatasetB	KitB
DatasetB_sample002	G144	0.269094	DatasetB	KitB
DatasetB_sample002	G148	0.765607	DatasetB	KitB
DatasetB_sample002	G151	0.485116	DatasetB	KitB
DatasetB_sample002	G152	0.429267	DatasetB	KitB
DatasetB_sample002	G153	0.349454	DatasetB	KitB
DatasetB_sample002	G154	0.213244	DatasetB	KitB
DatasetB_sample002	G155	0.417503	DatasetB	KitB
DatasetB_sample002	G162	0.523246	DatasetB	KitB
DatasetB_sample002	G163	0.387201	DatasetB	KitB
DatasetB_sample002	G164	0.042019	DatasetB	KitB
DatasetB_sample002	G166	0.486393	DatasetB	KitB
DatasetB_sample002	G167	0.117249	DatasetB	KitB
DatasetB_sample002	G168	0.18607	DatasetB	KitB
DatasetB_sample002	G169	0.597595	DatasetB	KitB
DatasetB_sample002	G170	0.595078	DatasetB	KitB
DatasetB_sample002	G172	0.379474	DatasetB	KitB
DatasetB_sample002	G178	0.105452	DatasetB	KitB
DatasetB_sample002	G181	0.084618	DatasetB	KitB
DatasetB_sample002	G183	0.495558	DatasetB	KitB
DatasetB_sample002	G189	0.370135	DatasetB	KitB
DatasetB_sample002	G193	0.354215	DatasetB	KitB
DatasetB_sample002	G195	0.022854	DatasetB	KitB
DatasetB_sample002	G197	0.069905	DatasetB	KitB
DatasetB_sample002	G198	0.281293	DatasetB	KitB
DatasetB_sample002	G199	0.338732	DatasetB	KitB
DatasetB_sample003	G001	0.744203	DatasetB	KitB
DatasetB_sample003	G002	0.6231	DatasetB	KitB
DatasetB_sample003	G003	0.81352	DatasetB	KitB
DatasetB_sample003	G004	0.721358	DatasetB	KitB
DatasetB_sample003	G005	0.811071	DatasetB	KitB
DatasetB_sample003	G006	0.710339	DatasetB	KitB
DatasetB_sample003	G007	0.706053	DatasetB	KitB
DatasetB_sample003	G008	0.545857	DatasetB	KitB
DatasetB_sample003	G009	0.549479	DatasetB	KitB
DatasetB_sample003	G010	0.607288	DatasetB	KitB
DatasetB_sample003	G011	0.78243	DatasetB	KitB
DatasetB_sample003	G012	0.389251	DatasetB	KitB
DatasetB_sample003	G013	0.484385	DatasetB	KitB
DatasetB_sample003	G014	0.690951	DatasetB	KitB
DatasetB_sample003	G015	0.928649	DatasetB	KitB
DatasetB_sample003	G016	0.590565	DatasetB	KitB
DatasetB_sample003	G017	0.708022	DatasetB	KitB
DatasetB_sample003	G018	0.630458	DatasetB	KitB
DatasetB_sample003	G019	0.791697	DatasetB	KitB
DatasetB_sample003	G020	0.913218	DatasetB	KitB
DatasetB_sample003	G021	0.598019	DatasetB	KitB
DatasetB_sample003	G022	0.702666	DatasetB	KitB
DatasetB_sample003	G023	0.872935	DatasetB	KitB
DatasetB_sample003	G024	0.576363	DatasetB	KitB
DatasetB_sample003	G025	0.619361	DatasetB	KitB
DatasetB_sample003	G026	0.721205	DatasetB	KitB
DatasetB_sample003	G027	0.858668	DatasetB	KitB
DatasetB_sample003	G028	0.89555	DatasetB	KitB
DatasetB_sample003	G029	0.755461	DatasetB	KitB
DatasetB_sample003	G030	0.665869	DatasetB	KitB
DatasetB_sample003	G031	0.708966	DatasetB	KitB
DatasetB_sample003	G032	0.666991	DatasetB	KitB
DatasetB_sample003	G033	0.242517	DatasetB	KitB
DatasetB_sample003	G034	0.408675	DatasetB	KitB
DatasetB_sample003	G035	0.85926	DatasetB	KitB
DatasetB_sample003	G036	0.899198	DatasetB	KitB
DatasetB_sample003	G037	0.70284	DatasetB	KitB
DatasetB_sample003	G038	0.649596	DatasetB	KitB
DatasetB_sample003	G039	0.775026	DatasetB	KitB
DatasetB_sample003	G040	0.769235	DatasetB	KitB
DatasetB_sample003	G041	0.935579	DatasetB	KitB
DatasetB_sample003	G042	0.581406	DatasetB	KitB
DatasetB_sample003	G043	0.741199	DatasetB	KitB
DatasetB_sample003	G044	0.745646	DatasetB	KitB
DatasetB_sample003	G045	0.595603	DatasetB	KitB
DatasetB_sample003	G046	0.595045	DatasetB	KitB
DatasetB_sample003	G047	0.579458	DatasetB	KitB
DatasetB_sample003	G048	0.920445	DatasetB	KitB
DatasetB_sample003	G049	0.827168	DatasetB	KitB
DatasetB_sample003	G050	0.830626	DatasetB	KitB
DatasetB_sample003	G051	0.558523	DatasetB	KitB
DatasetB_sample003	G052	0.357173	DatasetB	KitB
DatasetB_sample003	G053	0.34001	DatasetB	KitB
DatasetB_sample003	G054	0.619874	DatasetB	KitB
DatasetB_sample003	G055	0.689763	DatasetB	KitB
DatasetB_sample003	G056	0.565969	DatasetB	KitB
DatasetB_sample003	G057	0.647058	DatasetB	KitB
DatasetB_sample003	G058	0.597421	DatasetB	KitB
DatasetB_sample003	G059	0.523552	DatasetB	KitB
DatasetB_sample003	G060	0.434722	DatasetB	KitB
DatasetB_sample003	G061	0.733833	DatasetB	KitB
DatasetB_sample003	G062	0.744491	DatasetB	KitB
DatasetB_sample003	G063	0.36554	DatasetB	KitB
DatasetB_sample003	G064	0.36844	DatasetB	KitB
DatasetB_sample003	G065	0.490701	DatasetB	KitB
DatasetB_sample003	G066	0.271483	DatasetB	KitB
DatasetB_sample003	G067	0.250549	DatasetB	KitB
DatasetB_sample003	G068	0.394927	DatasetB	KitB
DatasetB_sample003	G069	0.591893	DatasetB	KitB
DatasetB_sample003	G070	0.282978	DatasetB	KitB
DatasetB_sample003	G071	0.709226	DatasetB	KitB
DatasetB_sample003	G072	0.300077	DatasetB	KitB
DatasetB_sample003	G073	0.45264	DatasetB	KitB
DatasetB_sample003	G074	0.649357	DatasetB	KitB
DatasetB_sample003	G075	0.450473	DatasetB	KitB
DatasetB_sample003	G076	0.82565	DatasetB	KitB
DatasetB_sample003	G077	0.386723	DatasetB	KitB
DatasetB_sample003	G078	0.540408	DatasetB	KitB
DatasetB_sample003	G079	0.728415	DatasetB	KitB
DatasetB_sample003	G080	0.873604	DatasetB	KitB
DatasetB_sample003	G111	0.722063	DatasetB	KitB
DatasetB_sample003	G112	0.436926	DatasetB	KitB
DatasetB_sample003	G113	0.232948	DatasetB	KitB
DatasetB_sample003	G114	0.689855	DatasetB	KitB
DatasetB_sample003	G115	0.805295	DatasetB	KitB
DatasetB_sample003	G116	0.717735	DatasetB	KitB
DatasetB_sample003	G117	0.230973	DatasetB	KitB
DatasetB_sample003	G118	0.822401	DatasetB	KitB
DatasetB_sample003	G119	0.61919	DatasetB	KitB
DatasetB_sample003	G120	0.422331	DatasetB	KitB
DatasetB_sample003	G121	0.659879	DatasetB	KitB
DatasetB_sample003	G122	0.480247	DatasetB	KitB
DatasetB_sample003	G123	0.600476	DatasetB	KitB
DatasetB_sample003	G124	0.550932	DatasetB	KitB
DatasetB_sample003	G125	0.835929	DatasetB	KitB
DatasetB_sample003	G126	0.788072	DatasetB	KitB
DatasetB_sample003	G127	0.706699	DatasetB	KitB
DatasetB_sample003	G128	0.628403	DatasetB	KitB
DatasetB_sample003	G129	0.772901	DatasetB	KitB
DatasetB_sample003	G130	0.702312	DatasetB	KitB
DatasetB_sample003	G131	0.748018	DatasetB	KitB
DatasetB_sample003	G132	0.48645	DatasetB	KitB
DatasetB_sample003	G133	0.623075	DatasetB	KitB
DatasetB_sample003	G134	0.823222	DatasetB	KitB
DatasetB_sample003	G135	0.74503	DatasetB	KitB
DatasetB_sample003	G136	0.664443	DatasetB	KitB
DatasetB_sample003	G137	0.585046	DatasetB	KitB
DatasetB_sample003	G138	0.598422	DatasetB	KitB
DatasetB_sample003	G139	0.50802	DatasetB	KitB
DatasetB_sample003	G140	0.615956	DatasetB	KitB
DatasetB_sample003	G142	0.672373	DatasetB	KitB
DatasetB_sample003	G144	0.738391	DatasetB	KitB
DatasetB_sample003	G146	0.413656	DatasetB	KitB
DatasetB_sample003	G148	0.303196	DatasetB	KitB
DatasetB_sample003	G150	0.521621	DatasetB	KitB
DatasetB_sample003	G154	0.562179	DatasetB	KitB
DatasetB_sample003	G155	0.64147	DatasetB	KitB
DatasetB_sample003	G156	0.42581	DatasetB	KitB
DatasetB_sample003	G158	0.287595	DatasetB	KitB
DatasetB_sample003	G160	0.284486	DatasetB	KitB
DatasetB_sample003	G163	0.658997	DatasetB	KitB
DatasetB_sample003	G164	0.514583	DatasetB	KitB
DatasetB_sample003	G165	0.45576	DatasetB	KitB
DatasetB_sample003	G167	0.291147	DatasetB	KitB
DatasetB_sample003	G168	0.198267	DatasetB	KitB
DatasetB_sample003	G169	0.386293	DatasetB	KitB
DatasetB_sample003	G176	0.172687	DatasetB	KitB
DatasetB_sample003	G184	0.613455	DatasetB	KitB
DatasetB_sample003	G187	0.472837	DatasetB	KitB
DatasetB_sample003	G190	0.56984	DatasetB	KitB
DatasetB_sample003	G191	0.551333	DatasetB	KitB
DatasetB_sample003	G196	0.426855	DatasetB	KitB
DatasetB_sample003	G199	0.426617	DatasetB	KitB
DatasetB_sample004	G001	0.836049	DatasetB	KitB
DatasetB_sample004	G002	0.883884	DatasetB	KitB
DatasetB_sample004	G003	0.816423	DatasetB	KitB
DatasetB_sample004	G004	0.625302	DatasetB	KitB
DatasetB_sample004	G005	0.953309	DatasetB	KitB
DatasetB_sample004	G006	0.838697	DatasetB	KitB
DatasetB_sample004	G007	0.653676	DatasetB	KitB
DatasetB_sample004	G008	0.806982	DatasetB	KitB
DatasetB_sample004	G009	0.649463	DatasetB	KitB
DatasetB_sample004	G010	0.972506	DatasetB	KitB
DatasetB_sample004	G011	0.79878	DatasetB	KitB
DatasetB_sample004	G012	0.572876	DatasetB	KitB
DatasetB_sample004	G013	0.534195	DatasetB	KitB
DatasetB_sample004	G014	0.716527	DatasetB	KitB
DatasetB_sample004	G015	0.65951	DatasetB	KitB
DatasetB_sample004	G016	0.71143	DatasetB	KitB
DatasetB_sample004	G017	0.860311	DatasetB	KitB
DatasetB_sample004	G018	0.806282	DatasetB	KitB
DatasetB_sample004	G019	0.854861	DatasetB	KitB
DatasetB_sample004	G020	0.62631	DatasetB	KitB
DatasetB_sample004	G021	0.910012	DatasetB	KitB
DatasetB_sample004	G022	0.755331	DatasetB	KitB
DatasetB_sample004	G023	0.9483	DatasetB	KitB
DatasetB_sample004	G024	0.342487	DatasetB	KitB
DatasetB_sample004	G025	0.601588	DatasetB	KitB
DatasetB_sample004	G026	0.93861	DatasetB	KitB
DatasetB_sample004	G027	0.612837	DatasetB	KitB
DatasetB_sample004	G028	0.469481	DatasetB	KitB
DatasetB_sample004	G029	0.7349	DatasetB	KitB
DatasetB_sample004	G030	0.870732	DatasetB	KitB
DatasetB_sample004	G031	0.651515	DatasetB	KitB
DatasetB_sample004	G032	0.436301	DatasetB	KitB
DatasetB_sample004	G033	0.63948	DatasetB	KitB
DatasetB_sample004	G034	0.375628	DatasetB	KitB
DatasetB_sample004	G035	0.365456	DatasetB	KitB
DatasetB_sample004	G036	0.689863	DatasetB	KitB
DatasetB_sample004	G037	0.863255	DatasetB	KitB
DatasetB_sample004	G038	0.795436	DatasetB	KitB
DatasetB_sample004	G039	0.820551	DatasetB	KitB
DatasetB_sample004	G040	0.544213	DatasetB	KitB
DatasetB_sample004	G041	0.805893	DatasetB	KitB
DatasetB_sample004	G042	0.782148	DatasetB	KitB
DatasetB_sample004	G043	0.520048	DatasetB	KitB
DatasetB_sample004	G044	0.683233	DatasetB	KitB
DatasetB_sample004	G045	0.37603	DatasetB	KitB
DatasetB_sample004	G046	0.742804	DatasetB	KitB
DatasetB_sample004	G047	0.381124	DatasetB	KitB
DatasetB_sample004	G048	0.634489	DatasetB	KitB
DatasetB_sample004	G049	0.906731	DatasetB	KitB
DatasetB_sample004	G050	0.836504	DatasetB	KitB
DatasetB_sample004	G051	0.406173	DatasetB	KitB
DatasetB_sample004	G052	0.842693	DatasetB	KitB
DatasetB_sample004	G053	0.676582	DatasetB	KitB
DatasetB_sample004	G054	0.484486	DatasetB	KitB
DatasetB_sample004	G055	0.814883	DatasetB	KitB
DatasetB_sample004	G056	0.368301	DatasetB	KitB
DatasetB_sample004	G057	0.78096	DatasetB	KitB
DatasetB_sample004	G058	0.552904	DatasetB	KitB
DatasetB_sample004	G059	0.3972	DatasetB	KitB
DatasetB_sample004	G060	0.687593	DatasetB	KitB
DatasetB_sample004	G061	0.731661	DatasetB	KitB
DatasetB_sample004	G062	0.700216	DatasetB	KitB
DatasetB_sample004	G063	0.838217	DatasetB	KitB
DatasetB_sample004	G064	0.416935	DatasetB	KitB
DatasetB_sample004	G065	0.407891	DatasetB	KitB
DatasetB_sample004	G066	0.640114	DatasetB	KitB
DatasetB_sample004	G067	0.256386	DatasetB	KitB
DatasetB_sample004	G068	0.488687	DatasetB	KitB
DatasetB_sample004	G069	0.530516	DatasetB	KitB
DatasetB_sample004	G070	0.435877	DatasetB	KitB
DatasetB_sample004	G071	0.489971	DatasetB	KitB
DatasetB_sample004	G072	0.68131	DatasetB	KitB
DatasetB_sample004	G073	0.704857	DatasetB	KitB
DatasetB_sample004	G074	0.758741	DatasetB	KitB
DatasetB_sample004	G075	0.60211	DatasetB	KitB
DatasetB_sample004	G076	0.780738	DatasetB	KitB
DatasetB_sample004	G077	0.604341	DatasetB	KitB
DatasetB_sample004	G078	0.292023	DatasetB	KitB
DatasetB_sample004	G079	0.731169	DatasetB	KitB
DatasetB_sample004	G080	0.591932	DatasetB	KitB
DatasetB_sample004	G111	0.514364	DatasetB	KitB
DatasetB_sample004	G112	0.773112	DatasetB	KitB
DatasetB_sample004	G113	0.553269	DatasetB	KitB
DatasetB_sample004	G114	0.428868	DatasetB	KitB
DatasetB_sample004	G115	0.443394	DatasetB	KitB
DatasetB_sample004	G116	0.239446	DatasetB	KitB
DatasetB_sample004	G117	0.592712	DatasetB	KitB
DatasetB_sample004	G118	0.673006	DatasetB	KitB
DatasetB_sample004	G119	0.318248	DatasetB	KitB
DatasetB_sample004	G120	0.527065	DatasetB	KitB
DatasetB_sample004	G121	0.418775	DatasetB	KitB
DatasetB_sample004	G123	0.560875	DatasetB	KitB
DatasetB_sample004	G124	0.826013	DatasetB	KitB
DatasetB_sample004	G125	0.54123	DatasetB	KitB
DatasetB_sample004	G126	0.321274	DatasetB	KitB
DatasetB_sample004	G127	0.528681	DatasetB	KitB
DatasetB_sample004	G128	0.66406	DatasetB	KitB
DatasetB_sample004	G129	0.386388	DatasetB	KitB
DatasetB_sample004	G130	0.666272	DatasetB	KitB
DatasetB_sample004	G131	0.718274	DatasetB	KitB
DatasetB_sample004	G132	0.411425	DatasetB	KitB
DatasetB_sample004	G133	0.693103	DatasetB	KitB
DatasetB_sample004	G134	0.602558	DatasetB	KitB
DatasetB_sample004	G135	0.406044	DatasetB	KitB
DatasetB_sample004	G136	0.50087	DatasetB	KitB
DatasetB_sample004	G137	0.797635	DatasetB	KitB
DatasetB_sample004	G138	0.307181	DatasetB	KitB
DatasetB_sample004	G139	0.667423	DatasetB	KitB
DatasetB_sample004	G140	0.426669	DatasetB	KitB
DatasetB_sample004	G141	0.227238	DatasetB	KitB
DatasetB_sample004	G142	0.530527	DatasetB	KitB
DatasetB_sample004	G143	0.557928	DatasetB	KitB
DatasetB_sample004	G144	0.431511	DatasetB	KitB
DatasetB_sample004	G145	0.511755	DatasetB	KitB
DatasetB_sample004	G146	0.331049	DatasetB	KitB
DatasetB_sample004	G150	0.514281	DatasetB	KitB
DatasetB_sample004	G154	0.24977	DatasetB	KitB
DatasetB_sample004	G158	0.526765	DatasetB	KitB
DatasetB_sample004	G159	0.327228	DatasetB	KitB
DatasetB_sample004	G162	0.350434	DatasetB	KitB
DatasetB_sample004	G163	0.62033	DatasetB	KitB
DatasetB_sample004	G165	0.397751	DatasetB	KitB
DatasetB_sample004	G168	0.871428	DatasetB	KitB
DatasetB_sample004	G169	0.462846	DatasetB	KitB
DatasetB_sample004	G174	0.188558	DatasetB	KitB
DatasetB_sample004	G183	0.435799	DatasetB	KitB
DatasetB_sample004	G184	0.07096	DatasetB	KitB
DatasetB_sample004	G191	0.11364	DatasetB	KitB
DatasetB_sample004	G192	0.152881	DatasetB	KitB
DatasetB_sample004	G200	0.154403	DatasetB	KitB
DatasetB_sample005	G001	0.304583	DatasetB	KitB
DatasetB_sample005	G002	0.785521	DatasetB	KitB
DatasetB_sample005	G003	0.463995	DatasetB	KitB
DatasetB_sample005	G004	0.918315	DatasetB	KitB
DatasetB_sample005	G005	0.467218	DatasetB	KitB
DatasetB_sample005	G006	0.778833	DatasetB	KitB
DatasetB_sample005	G007	0.639258	DatasetB	KitB
DatasetB_sample005	G008	0.774553	DatasetB	KitB
DatasetB_sample005	G009	0.876627	DatasetB	KitB
DatasetB_sample005	G010	0.749872	DatasetB	KitB
DatasetB_sample005	G011	0.408399	DatasetB	KitB
DatasetB_sample005	G012	0.933196	DatasetB	KitB
DatasetB_sample005	G013	0.720305	DatasetB	KitB
DatasetB_sample005	G014	0.785789	DatasetB	KitB
DatasetB_sample005	G015	0.778334	DatasetB	KitB
DatasetB_sample005	G016	0.590109	DatasetB	KitB
DatasetB_sample005	G017	0.376722	DatasetB	KitB
DatasetB_sample005	G018	0.794933	DatasetB	KitB
DatasetB_sample005	G019	0.759071	DatasetB	KitB
DatasetB_sample005	G020	0.710082	DatasetB	KitB
DatasetB_sample005	G021	0.722258	DatasetB	KitB
DatasetB_sample005	G022	0.773631	DatasetB	KitB
DatasetB_sample005	G023	0.944789	DatasetB	KitB
DatasetB_sample005	G024	0.603389	DatasetB	KitB
DatasetB_sample005	G025	0.730591	DatasetB	KitB
DatasetB_sample005	G026	0.849336	DatasetB	KitB
DatasetB_sample005	G027	0.799465	DatasetB	KitB
DatasetB_sample005	G028	0.473119	DatasetB	KitB
DatasetB_sample005	G029	0.670747	DatasetB	KitB
DatasetB_sample005	G030	0.644162	DatasetB	KitB
DatasetB_sample005	G031	0.858667	DatasetB	KitB
DatasetB_sample005	G032	0.953946	DatasetB	KitB
DatasetB_sample005	G033	0.701549	DatasetB	KitB
DatasetB_sample005	G034	0.883432	DatasetB	KitB
DatasetB_sample005	G035	0.753658	DatasetB	KitB
DatasetB_sample005	G036	0.605772	DatasetB	KitB
DatasetB_sample005	G037	0.985286	DatasetB	KitB
DatasetB_sample005	G038	0.985693	DatasetB	KitB
DatasetB_sample005	G039	0.428063	DatasetB	KitB
DatasetB_sample005	G040	0.498618	DatasetB	KitB
DatasetB_sample005	G041	0.839315	DatasetB	KitB
DatasetB_sample005	G042	0.810567	DatasetB	KitB
DatasetB_sample005	G043	0.604359	DatasetB	KitB
DatasetB_sample005	G044	0.577315	DatasetB	KitB
DatasetB_sample005	G045	0.72772	DatasetB	KitB
DatasetB_sample005	G046	0.728447	DatasetB	KitB
DatasetB_sample005	G047	0.800722	DatasetB	KitB
DatasetB_sample005	G048	0.67998	DatasetB	KitB
DatasetB_sample005	G049	0.709558	DatasetB	KitB
DatasetB_sample005	G050	0.711894	DatasetB	KitB
DatasetB_sample005	G051	0.388318	DatasetB	KitB
DatasetB_sample005	G052	0.580664	DatasetB	KitB
DatasetB_sample005	G053	0.577574	DatasetB	KitB
DatasetB_sample005	G054	0.717921	DatasetB	KitB
DatasetB_sample005	G055	0.727782	DatasetB	KitB
DatasetB_sample005	G056	0.632079	DatasetB	KitB
DatasetB_sample005	G057	0.393494	DatasetB	KitB
DatasetB_sample005	G058	0.609899	DatasetB	KitB
DatasetB_sample005	G059	0.496303	DatasetB	KitB
DatasetB_sample005	G060	0.420663	DatasetB	KitB
DatasetB_sample005	G061	0.385359	DatasetB	KitB
DatasetB_sample005	G062	0.48728	DatasetB	KitB
DatasetB_sample005	G063	0.838495	DatasetB	KitB
DatasetB_sample005	G064	0.650785	DatasetB	KitB
DatasetB_sample005	G065	0.787051	DatasetB	KitB
DatasetB_sample005	G066	0.711605	DatasetB	KitB
DatasetB_sample005	G067	0.570515	DatasetB	KitB
DatasetB_sample005	G068	0.708743	DatasetB	KitB
DatasetB_sample005	G069	0.386324	DatasetB	KitB
DatasetB_sample005	G070	0.76144	DatasetB	KitB
DatasetB_sample005	G071	0.791263	DatasetB	KitB
DatasetB_sample005	G072	0.473767	DatasetB	KitB
DatasetB_sample005	G073	0.199978	DatasetB	KitB
DatasetB_sample005	G074	0.192583	DatasetB	KitB
DatasetB_sample005	G075	0.722944	DatasetB	KitB
DatasetB_sample005	G076	0.897234	DatasetB	KitB
DatasetB_sample005	G077	0.49604	DatasetB	KitB
DatasetB_sample005	G078	0.283652	DatasetB	KitB
DatasetB_sample005	G079	0.34475	DatasetB	KitB
DatasetB_sample005	G080	0.483834	DatasetB	KitB
DatasetB_sample005	G111	0.632674	DatasetB	KitB
DatasetB_sample005	G112	0.272455	DatasetB	KitB
DatasetB_sample005	G113	0.625797	DatasetB	KitB
DatasetB_sample005	G114	0.595536	DatasetB	KitB
DatasetB_sample005	G115	0.927186	DatasetB	KitB
DatasetB_sample005	G116	0.728687	DatasetB	KitB
DatasetB_sample005	G117	0.379786	DatasetB	KitB
DatasetB_sample005	G118	0.585509	DatasetB	KitB
DatasetB_sample005	G119	0.723324	DatasetB	KitB
DatasetB_sample005	G120	0.748886	DatasetB	KitB
DatasetB_sample005	G121	0.538134	DatasetB	KitB
DatasetB_sample005	G122	0.631443	DatasetB	KitB
DatasetB_sample005	G123	0.889617	DatasetB	KitB
DatasetB_sample005	G124	0.403801	DatasetB	KitB
DatasetB_sample005	G125	0.623174	DatasetB	KitB
DatasetB_sample005	G126	0.727088	DatasetB	KitB
DatasetB_sample005	G127	0.309061	DatasetB	KitB
DatasetB_sample005	G128	0.576906	DatasetB	KitB
DatasetB_sample005	G129	0.802039	DatasetB	KitB
DatasetB_sample005	G130	0.868036	DatasetB	KitB
DatasetB_sample005	G131	0.648659	DatasetB	KitB
DatasetB_sample005	G132	0.247962	DatasetB	KitB
DatasetB_sample005	G133	0.263357	DatasetB	KitB
DatasetB_sample005	G134	0.274058	DatasetB	KitB
DatasetB_sample005	G135	0.601625	DatasetB	KitB
DatasetB_sample005	G136	0.683803	DatasetB	KitB
DatasetB_sample005	G137	0.494087	DatasetB	KitB
DatasetB_sample005	G138	0.660364	DatasetB	KitB
DatasetB_sample005	G139	0.501271	DatasetB	KitB
DatasetB_sample005	G140	0.373983	DatasetB	KitB
DatasetB_sample005	G144	0.477216	DatasetB	KitB
DatasetB_sample005	G146	0.568535	DatasetB	KitB
DatasetB_sample005	G147	0.239542	DatasetB	KitB
DatasetB_sample005	G148	0.767263	DatasetB	KitB
DatasetB_sample005	G149	0.711546	DatasetB	KitB
DatasetB_sample005	G152	0.606702	DatasetB	KitB
DatasetB_sample005	G154	0.319669	DatasetB	KitB
DatasetB_sample005	G155	0.30374	DatasetB	KitB
DatasetB_sample005	G156	0.163445	DatasetB	KitB
DatasetB_sample005	G157	0.247951	DatasetB	KitB
DatasetB_sample005	G159	0.370489	DatasetB	KitB
DatasetB_sample005	G160	0.416412	DatasetB	KitB
DatasetB_sample005	G162	0.683187	DatasetB	KitB
DatasetB_sample005	G165	0.389898	DatasetB	KitB
DatasetB_sample005	G166	0.558462	DatasetB	KitB
DatasetB_sample005	G167	0.311161	DatasetB	KitB
DatasetB_sample005	G168	0.583558	DatasetB	KitB
DatasetB_sample005	G169	0.18056	DatasetB	KitB
DatasetB_sample005	G174	0.026909	DatasetB	KitB
DatasetB_sample005	G177	0.246749	DatasetB	KitB
DatasetB_sample005	G179	0.373339	DatasetB	KitB
DatasetB_sample005	G184	0.290893	DatasetB	KitB
DatasetB_sample005	G190	0.186623	DatasetB	KitB
DatasetB_sample005	G191	0.294341	DatasetB	KitB
DatasetB_sample005	G194	0.340935	DatasetB	KitB
DatasetB_sample005	G199	0.329247	DatasetB	KitB
DatasetB_sample006	G001	0.755201	DatasetB	KitB
DatasetB_sample006	G002	0.82704	DatasetB	KitB
DatasetB_sample006	G003	0.614216	DatasetB	KitB
DatasetB_sample006	G004	0.640284	DatasetB	KitB
DatasetB_sample006	G005	0.723015	DatasetB	KitB
DatasetB_sample006	G006	0.591315	DatasetB	KitB
DatasetB_sample006	G007	0.764553	DatasetB	KitB
DatasetB_sample006	G008	0.682418	DatasetB	KitB
DatasetB_sample006	G009	0.806738	DatasetB	KitB
DatasetB_sample006	G010	0.932805	DatasetB	KitB
DatasetB_sample006	G011	0.872682	DatasetB	KitB
DatasetB_sample006	G012	0.968493	DatasetB	KitB
DatasetB_sample006	G013	0.65214	DatasetB	KitB
DatasetB_sample006	G014	0.837892	DatasetB	KitB
DatasetB_sample006	G015	0.76315	DatasetB	KitB
DatasetB_sample006	G016	0.807443	DatasetB	KitB
DatasetB_sample006	G017	0.771477	DatasetB	KitB
DatasetB_sample006	G018	0.589601	DatasetB	KitB
DatasetB_sample006	G019	0.766377	DatasetB	KitB
DatasetB_sample006	G020	0.456891	DatasetB	KitB
DatasetB_sample006	G021	0.859596	DatasetB	KitB
DatasetB_sample006	G022	0.563246	DatasetB	KitB
DatasetB_sample006	G023	0.622877	DatasetB	KitB
DatasetB_sample006	G024	0.772684	DatasetB	KitB
DatasetB_sample006	G025	0.775447	DatasetB	KitB
DatasetB_sample006	G026	0.834812	DatasetB	KitB
DatasetB_sample006	G027	0.50297	DatasetB	KitB
DatasetB_sample006	G028	0.361292	DatasetB	KitB
DatasetB_sample006	G029	0.832406	DatasetB	KitB
DatasetB_sample006	G030	0.868661	DatasetB	KitB
DatasetB_sample006	G031	0.871687	DatasetB	KitB
DatasetB_sample006	G032	0.834481	DatasetB	KitB
DatasetB_sample006	G033	0.692553	DatasetB	KitB
DatasetB_sample006	G034	0.485728	DatasetB	KitB
DatasetB_sample006	G035	0.615374	DatasetB	KitB
DatasetB_sample006	G036	0.799417	DatasetB	KitB
DatasetB_sample006	G037	0.510279	DatasetB	KitB
DatasetB_sample006	G038	0.642722	DatasetB	KitB
DatasetB_sample006	G039	0.673022	DatasetB	KitB
DatasetB_sample006	G040	0.77117	DatasetB	KitB
DatasetB_sample006	G041	0.802188	DatasetB	KitB
DatasetB_sample006	G042	0.695818	DatasetB	KitB
DatasetB_sample006	G043	0.729077	DatasetB	KitB
DatasetB_sample006	G044	0.771549	DatasetB	KitB
DatasetB_sample006	G045	0.641717	DatasetB	KitB
DatasetB_sample006	G046	0.833284	DatasetB	KitB
DatasetB_sample006	G047	0.662769	DatasetB	KitB
DatasetB_sample006	G048	0.588116	DatasetB	KitB
DatasetB_sample006	G049	0.457043	DatasetB	KitB
DatasetB_sample006	G050	0.418758	DatasetB	KitB
DatasetB_sample006	G051	0.443961	DatasetB	KitB
DatasetB_sample006	G052	0.900055	DatasetB	KitB
DatasetB_sample006	G053	0.458635	DatasetB	KitB
DatasetB_sample006	G054	0.162618	DatasetB	KitB
DatasetB_sample006	G055	0.479797	DatasetB	KitB
DatasetB_sample006	G056	0.214394	DatasetB	KitB
DatasetB_sample006	G057	0.427945	DatasetB	KitB
DatasetB_sample006	G058	0.670344	DatasetB	KitB
DatasetB_sample006	G059	0.919059	DatasetB	KitB
DatasetB_sample006	G060	0.308419	DatasetB	KitB
DatasetB_sample006	G061	0.90552	DatasetB	KitB
DatasetB_sample006	G062	0.802596	DatasetB	KitB
DatasetB_sample006	G063	0.596804	DatasetB	KitB
DatasetB_sample006	G064	0.455674	DatasetB	KitB
DatasetB_sample006	G065	0.866501	DatasetB	KitB
DatasetB_sample006	G066	0.504324	DatasetB	KitB
DatasetB_sample006	G067	0.873928	DatasetB	KitB
DatasetB_sample006	G068	0.649962	DatasetB	KitB
DatasetB_sample006	G069	0.702568	DatasetB	KitB
DatasetB_sample006	G070	0.557601	DatasetB	KitB
DatasetB_sample006	G071	0.810123	DatasetB	KitB
DatasetB_sample006	G072	0.22922	DatasetB	KitB
DatasetB_sample006	G073	0.712493	DatasetB	KitB
DatasetB_sample006	G074	0.892136	DatasetB	KitB
DatasetB_sample006	G075	0.331597	DatasetB	KitB
DatasetB_sample006	G076	0.59164	DatasetB	KitB
DatasetB_sample006	G077	0.586452	DatasetB	KitB
DatasetB_sample006	G078	0.600675	DatasetB	KitB
DatasetB_sample006	G079	0.903018	DatasetB	KitB
DatasetB_sample006	G080	0.641501	DatasetB	KitB
DatasetB_sample006	G111	0.781539	DatasetB	KitB
DatasetB_sample006	G112	0.53331	DatasetB	KitB
DatasetB_sample006	G113	0.466223	DatasetB	KitB
DatasetB_sample006	G114	0.563523	DatasetB	KitB
DatasetB_sample006	G115	0.306306	DatasetB	KitB
DatasetB_sample006	G116	0.296272	DatasetB	KitB
DatasetB_sample006	G117	0.550201	DatasetB	KitB
DatasetB_sample006	G118	0.74188	DatasetB	KitB
DatasetB_sample006	G119	0.4652	DatasetB	KitB
DatasetB_sample006	G120	0.739265	DatasetB	KitB
DatasetB_sample006	G121	0.726972	DatasetB	KitB
DatasetB_sample006	G122	0.387596	DatasetB	KitB
DatasetB_sample006	G123	0.786605	DatasetB	KitB
DatasetB_sample006	G124	0.28788	DatasetB	KitB
DatasetB_sample006	G125	0.725822	DatasetB	KitB
DatasetB_sample006	G126	0.952153	DatasetB	KitB
DatasetB_sample006	G127	0.59047	DatasetB	KitB
DatasetB_sample006	G128	0.929884	DatasetB	KitB
DatasetB_sample006	G129	0.673212	DatasetB	KitB
DatasetB_sample006	G130	0.738232	DatasetB	KitB
DatasetB_sample006	G131	0.304272	DatasetB	KitB
DatasetB_sample006	G132	0.84934	DatasetB	KitB
DatasetB_sample006	G133	0.748866	DatasetB	KitB
DatasetB_sample006	G134	0.724007	DatasetB	KitB
DatasetB_sample006	G135	0.76616	DatasetB	KitB
DatasetB_sample006	G136	0.403288	DatasetB	KitB
DatasetB_sample006	G137	0.787061	DatasetB	KitB
DatasetB_sample006	G138	0.304143	DatasetB	KitB
DatasetB_sample006	G139	0.408446	DatasetB	KitB
DatasetB_sample006	G140	0.539618	DatasetB	KitB
DatasetB_sample006	G141	0.700649	DatasetB	KitB
DatasetB_sample006	G142	0.177352	DatasetB	KitB
DatasetB_sample006	G145	0.380138	DatasetB	KitB
DatasetB_sample006	G146	0.390495	DatasetB	KitB
DatasetB_sample006	G149	0.451606	DatasetB	KitB
DatasetB_sample006	G151	0.445111	DatasetB	KitB
DatasetB_sample006	G153	0.357372	DatasetB	KitB
DatasetB_sample006	G154	0.330512	DatasetB	KitB
DatasetB_sample006	G155	0.41379	DatasetB	KitB
DatasetB_sample006	G156	0.151873	DatasetB	KitB
DatasetB_sample006	G157	0.289654	DatasetB	KitB
DatasetB_sample006	G158	0.825926	DatasetB	KitB
DatasetB_sample006	G162	0.269569	DatasetB	KitB
DatasetB_sample006	G163	0.140662	DatasetB	KitB
DatasetB_sample006	G164	0.28235	DatasetB	KitB
DatasetB_sample006	G168	0.42655	DatasetB	KitB
DatasetB_sample006	G169	0.426591	DatasetB	KitB
DatasetB_sample006	G170	0.511943	DatasetB	KitB
DatasetB_sample006	G174	0.331534	DatasetB	KitB
DatasetB_sample006	G175	0.180091	DatasetB	KitB
DatasetB_sample006	G176	0.49814	DatasetB	KitB
DatasetB_sample006	G181	0.43434	DatasetB	KitB
DatasetB_sample006	G182	0.189171	DatasetB	KitB
DatasetB_sample006	G186	0.330107	DatasetB	KitB
DatasetB_sample006	G197	0.342203	DatasetB	KitB
DatasetB_sample007	G001	0.778267	DatasetB	KitB
DatasetB_sample007	G002	0.720273	DatasetB	KitB
DatasetB_sample007	G003	0.875361	DatasetB	KitB
DatasetB_sample007	G004	0.796393	DatasetB	KitB
DatasetB_sample007	G005	0.634192	DatasetB	KitB
DatasetB_sample007	G006	0.671408	DatasetB	KitB
DatasetB_sample007	G007	0.629094	DatasetB	KitB
DatasetB_sample007	G008	0.932832	DatasetB	KitB
DatasetB_sample007	G009	0.901863	DatasetB	KitB
DatasetB_sample007	G010	0.665701	DatasetB	KitB
DatasetB_sample007	G011	0.499082	DatasetB	KitB
DatasetB_sample007	G012	0.721155	DatasetB	KitB
DatasetB_sample007	G013	0.65148	DatasetB	KitB
DatasetB_sample007	G014	0.807238	DatasetB	KitB
DatasetB_sample007	G015	0.349489	DatasetB	KitB
DatasetB_sample007	G016	0.770669	DatasetB	KitB
DatasetB_sample007	G017	0.957272	DatasetB	KitB
DatasetB_sample007	G018	0.924089	DatasetB	KitB
DatasetB_sample007	G019	0.712781	DatasetB	KitB
DatasetB_sample007	G020	0.771762	DatasetB	KitB
DatasetB_sample007	G021	0.674914	DatasetB	KitB
DatasetB_sample007	G022	0.636873	DatasetB	KitB
DatasetB_sample007	G023	0.573374	DatasetB	KitB
DatasetB_sample007	G024	0.613957	DatasetB	KitB
DatasetB_sample007	G025	0.936508	DatasetB	KitB
DatasetB_sample007	G026	0.868598	DatasetB	KitB
DatasetB_sample007	G027	0.8993	DatasetB	KitB
DatasetB_sample007	G028	0.85241	DatasetB	KitB
DatasetB_sample007	G029	0.463703	DatasetB	KitB
DatasetB_sample007	G030	0.750675	DatasetB	KitB
DatasetB_sample007	G031	0.758115	DatasetB	KitB
DatasetB_sample007	G032	0.819743	DatasetB	KitB
DatasetB_sample007	G033	0.95161	DatasetB	KitB
DatasetB_sample007	G034	0.678418	DatasetB	KitB
DatasetB_sample007	G035	0.715329	DatasetB	KitB
DatasetB_sample007	G036	0.683548	DatasetB	KitB
DatasetB_sample007	G037	0.560753	DatasetB	KitB
DatasetB_sample007	G038	0.669136	DatasetB	KitB
DatasetB_sample007	G039	0.518943	DatasetB	KitB
DatasetB_sample007	G040	0.555943	DatasetB	KitB
DatasetB_sample007	G041	0.494647	DatasetB	KitB
DatasetB_sample007	G042	0.982669	DatasetB	KitB
DatasetB_sample007	G043	0.832351	DatasetB	KitB
DatasetB_sample007	G044	0.606298	DatasetB	KitB
DatasetB_sample007	G045	0.86613	DatasetB	KitB
DatasetB_sample007	G046	0.333942	DatasetB	KitB
DatasetB_sample007	G047	0.993085	DatasetB	KitB
DatasetB_sample007	G048	0.911406	DatasetB	KitB
DatasetB_sample007	G049	0.748145	DatasetB	KitB
DatasetB_sample007	G050	0.906048	DatasetB	KitB
DatasetB_sample007	G051	0.412977	DatasetB	KitB
DatasetB_sample007	G052	0.480547	DatasetB	KitB
DatasetB_sample007	G053	0.584857	DatasetB	KitB
DatasetB_sample007	G054	0.754156	DatasetB	KitB
DatasetB_sample007	G055	0.577984	DatasetB	KitB
DatasetB_sample007	G056	0.681625	DatasetB	KitB
DatasetB_sample007	G057	0.597679	DatasetB	KitB
DatasetB_sample007	G058	0.836298	DatasetB	KitB
DatasetB_sample007	G059	0.29969	DatasetB	KitB
DatasetB_sample007	G060	0.575686	DatasetB	KitB
DatasetB_sample007	G061	0.424818	DatasetB	KitB
DatasetB_sample007	G062	0.664692	DatasetB	KitB
DatasetB_sample007	G063	0.745024	DatasetB	KitB
DatasetB_sample007	G064	0.327044	DatasetB	KitB
DatasetB_sample007	G065	0.653535	DatasetB	KitB
DatasetB_sample007	G066	0.653999	DatasetB	KitB
DatasetB_sample007	G067	0.430099	DatasetB	KitB
DatasetB_sample007	G068	0.846598	DatasetB	KitB
DatasetB_sample007	G069	0.381103	DatasetB	KitB
DatasetB_sample007	G070	0.342534	DatasetB	KitB
DatasetB_sample007	G071	0.614603	DatasetB	KitB
DatasetB_sample007	G072	0.613925	DatasetB	KitB
DatasetB_sample007	G073	0.628872	DatasetB	KitB
DatasetB_sample007	G074	0.582765	DatasetB	KitB
DatasetB_sample007	G075	0.397336	DatasetB	KitB
DatasetB_sample007	G076	0.162988	DatasetB	KitB
DatasetB_sample007	G077	0.273101	DatasetB	KitB
DatasetB_sample007	G078	0.442277	DatasetB	KitB
DatasetB_sample007	G079	0.279631	DatasetB	KitB
DatasetB_sample007	G080	0.682968	DatasetB	KitB
DatasetB_sample007	G111	0.470762	DatasetB	KitB
DatasetB_sample007	G112	0.416228	DatasetB	KitB
DatasetB_sample007	G113	0.655863	DatasetB	KitB
DatasetB_sample007	G114	0.308384	DatasetB	KitB
DatasetB_sample007	G115	0.362815	DatasetB	KitB
DatasetB_sample007	G116	0.826163	DatasetB	KitB
DatasetB_sample007	G117	0.58963	DatasetB	KitB
DatasetB_sample007	G118	0.514762	DatasetB	KitB
DatasetB_sample007	G119	0.376596	DatasetB	KitB
DatasetB_sample007	G120	0.767797	DatasetB	KitB
DatasetB_sample007	G121	0.878038	DatasetB	KitB
DatasetB_sample007	G122	0.354531	DatasetB	KitB
DatasetB_sample007	G123	0.740018	DatasetB	KitB
DatasetB_sample007	G124	0.302627	DatasetB	KitB
DatasetB_sample007	G125	0.349985	DatasetB	KitB
DatasetB_sample007	G126	0.76875	DatasetB	KitB
DatasetB_sample007	G127	0.222195	DatasetB	KitB
DatasetB_sample007	G128	0.597469	DatasetB	KitB
DatasetB_sample007	G129	0.564564	DatasetB	KitB
DatasetB_sample007	G130	0.592742	DatasetB	KitB
DatasetB_sample007	G131	0.338518	DatasetB	KitB
DatasetB_sample007	G132	0.515896	DatasetB	KitB
DatasetB_sample007	G133	0.487485	DatasetB	KitB
DatasetB_sample007	G134	0.819981	DatasetB	KitB
DatasetB_sample007	G135	0.481615	DatasetB	KitB
DatasetB_sample007	G136	0.592875	DatasetB	KitB
DatasetB_sample007	G137	0.378256	DatasetB	KitB
DatasetB_sample007	G138	0.720285	DatasetB	KitB
DatasetB_sample007	G139	0.406551	DatasetB	KitB
DatasetB_sample007	G140	0.496929	DatasetB	KitB
DatasetB_sample007	G141	0.59914	DatasetB	KitB
DatasetB_sample007	G142	0.690989	DatasetB	KitB
DatasetB_sample007	G143	0.493616	DatasetB	KitB
DatasetB_sample007	G146	0.485645	DatasetB	KitB
DatasetB_sample007	G148	0.592745	DatasetB	KitB
DatasetB_sample007	G149	0.556501	DatasetB	KitB
DatasetB_sample007	G150	0.410586	DatasetB	KitB
DatasetB_sample007	G152	0.324412	DatasetB	KitB
DatasetB_sample007	G153	0.373653	DatasetB	KitB
DatasetB_sample007	G154	0.508087	DatasetB	KitB
DatasetB_sample007	G155	0.676224	DatasetB	KitB
DatasetB_sample007	G156	0.515109	DatasetB	KitB
DatasetB_sample007	G158	0.601728	DatasetB	KitB
DatasetB_sample007	G159	0.321404	DatasetB	KitB
DatasetB_sample007	G160	0.304459	DatasetB	KitB
DatasetB_sample007	G161	0.501179	DatasetB	KitB
DatasetB_sample007	G162	0.343079	DatasetB	KitB
DatasetB_sample007	G164	0.482563	DatasetB	KitB
DatasetB_sample007	G166	0.077659	DatasetB	KitB
DatasetB_sample007	G167	0.552929	DatasetB	KitB
DatasetB_sample007	G168	0.209086	DatasetB	KitB
DatasetB_sample007	G169	0.488988	DatasetB	KitB
DatasetB_sample007	G170	0.608549	DatasetB	KitB
DatasetB_sample007	G173	0.284876	DatasetB	KitB
DatasetB_sample007	G175	0.453891	DatasetB	KitB
DatasetB_sample007	G187	0.412203	DatasetB	KitB
DatasetB_sample007	G189	0.372349	DatasetB	KitB
DatasetB_sample007	G192	0.081627	DatasetB	KitB
DatasetB_sample007	G198	0.097033	DatasetB	KitB
DatasetB_sample007	G200	0.127612	DatasetB	KitB
DatasetB_sample008	G001	0.901297	DatasetB	KitB
DatasetB_sample008	G002	0.770276	DatasetB	KitB
DatasetB_sample008	G003	0.875547	DatasetB	KitB
DatasetB_sample008	G004	0.960957	DatasetB	KitB
DatasetB_sample008	G005	0.728043	DatasetB	KitB
DatasetB_sample008	G006	0.769844	DatasetB	KitB
DatasetB_sample008	G007	0.891673	DatasetB	KitB
DatasetB_sample008	G008	0.498176	DatasetB	KitB
DatasetB_sample008	G009	0.87579	DatasetB	KitB
DatasetB_sample008	G010	0.627706	DatasetB	KitB
DatasetB_sample008	G011	0.740138	DatasetB	KitB
DatasetB_sample008	G012	0.641737	DatasetB	KitB
DatasetB_sample008	G013	0.523804	DatasetB	KitB
DatasetB_sample008	G014	0.823573	DatasetB	KitB
DatasetB_sample008	G015	0.761218	DatasetB	KitB
DatasetB_sample008	G016	0.685421	DatasetB	KitB
DatasetB_sample008	G017	0.547375	DatasetB	KitB
DatasetB_sample008	G018	0.768174	DatasetB	KitB
DatasetB_sample008	G019	0.673325	DatasetB	KitB
DatasetB_sample008	G020	0.662413	DatasetB	KitB
DatasetB_sample008	G021	0.365246	DatasetB	KitB
DatasetB_sample008	G022	0.3444	DatasetB	KitB
DatasetB_sample008	G023	0.754934	DatasetB	KitB
DatasetB_sample008	G024	0.629436	DatasetB	KitB
DatasetB_sample008	G025	0.346839	DatasetB	KitB
DatasetB_sample008	G026	0.411312	DatasetB	KitB
DatasetB_sample008	G027	0.765033	DatasetB	KitB
DatasetB_sample008	G028	0.592774	DatasetB	KitB
DatasetB_sample008	G029	0.931552	DatasetB	KitB
DatasetB_sample008	G030	0.734507	DatasetB	KitB
DatasetB_sample008	G031	0.461903	DatasetB	KitB
DatasetB_sample008	G032	0.928444	DatasetB	KitB
DatasetB_sample008	G033	0.659106	DatasetB	KitB
DatasetB_sample008	G034	0.919476	DatasetB	KitB
DatasetB_sample008	G035	0.796758	DatasetB	KitB
DatasetB_sample008	G036	0.477654	DatasetB	KitB
DatasetB_sample008	G037	0.880217	DatasetB	KitB
DatasetB_sample008	G038	0.743062	DatasetB	KitB
DatasetB_sample008	G039	0.700023	DatasetB	KitB
DatasetB_sample008	G040	0.635763	DatasetB	KitB
DatasetB_sample008	G041	0.739415	DatasetB	KitB
DatasetB_sample008	G042	0.781354	DatasetB	KitB
DatasetB_sample008	G043	0.700884	DatasetB	KitB
DatasetB_sample008	G044	0.96254	DatasetB	KitB
DatasetB_sample008	G045	0.844628	DatasetB	KitB
DatasetB_sample008	G046	0.899088	DatasetB	KitB
DatasetB_sample008	G047	0.854761	DatasetB	KitB
DatasetB_sample008	G048	0.936332	DatasetB	KitB
DatasetB_sample008	G049	0.442841	DatasetB	KitB
DatasetB_sample008	G050	0.853712	DatasetB	KitB
DatasetB_sample008	G051	0.655728	DatasetB	KitB
DatasetB_sample008	G052	0.632181	DatasetB	KitB
DatasetB_sample008	G053	0.534707	DatasetB	KitB
DatasetB_sample008	G054	0.47824	DatasetB	KitB
DatasetB_sample008	G055	0.451575	DatasetB	KitB
DatasetB_sample008	G056	0.832604	DatasetB	KitB
DatasetB_sample008	G057	0.587862	DatasetB	KitB
DatasetB_sample008	G058	0.569596	DatasetB	KitB
DatasetB_sample008	G059	0.852361	DatasetB	KitB
DatasetB_sample008	G060	0.79557	DatasetB	KitB
DatasetB_sample008	G061	0.665927	DatasetB	KitB
DatasetB_sample008	G062	0.903152	DatasetB	KitB
DatasetB_sample008	G063	0.578991	DatasetB	KitB
DatasetB_sample008	G064	0.588433	DatasetB	KitB
DatasetB_sample008	G065	0.442982	DatasetB	KitB
DatasetB_sample008	G066	0.579696	DatasetB	KitB
DatasetB_sample008	G067	0.437709	DatasetB	KitB
DatasetB_sample008	G068	0.62113	DatasetB	KitB
DatasetB_sample008	G069	0.481015	DatasetB	KitB
DatasetB_sample008	G070	0.37886	DatasetB	KitB
DatasetB_sample008	G071	0.695341	DatasetB	KitB
DatasetB_sample008	G072	0.624235	DatasetB	KitB
DatasetB_sample008	G073	0.631784	DatasetB	KitB
DatasetB_sample008	G075	0.76626	DatasetB	KitB
DatasetB_sample008	G076	0.871788	DatasetB	KitB
DatasetB_sample008	G077	0.660275	DatasetB	KitB
DatasetB_sample008	G078	0.330401	DatasetB	KitB
DatasetB_sample008	G079	0.348604	DatasetB	KitB
DatasetB_sample008	G080	0.492844	DatasetB	KitB
DatasetB_sample008	G111	0.780425	DatasetB	KitB
DatasetB_sample008	G112	0.367319	DatasetB	KitB
DatasetB_sample008	G113	0.42978	DatasetB	KitB
DatasetB_sample008	G114	0.535718	DatasetB	KitB
DatasetB_sample008	G115	0.535487	DatasetB	KitB
DatasetB_sample008	G116	0.287306	DatasetB	KitB
DatasetB_sample008	G117	0.792945	DatasetB	KitB
DatasetB_sample008	G118	0.663502	DatasetB	KitB
DatasetB_sample008	G119	0.804396	DatasetB	KitB
DatasetB_sample008	G120	0.371777	DatasetB	KitB
DatasetB_sample008	G121	0.767276	DatasetB	KitB
DatasetB_sample008	G122	0.54912	DatasetB	KitB
DatasetB_sample008	G123	0.701107	DatasetB	KitB
DatasetB_sample008	G124	0.7581	DatasetB	KitB
DatasetB_sample008	G125	0.77803	DatasetB	KitB
DatasetB_sample008	G126	0.519609	DatasetB	KitB
DatasetB_sample008	G127	0.45014	DatasetB	KitB
DatasetB_sample008	G128	0.597652	DatasetB	KitB
DatasetB_sample008	G129	0.83626	DatasetB	KitB
DatasetB_sample008	G130	0.561437	DatasetB	KitB
DatasetB_sample008	G131	0.624389	DatasetB	KitB
DatasetB_sample008	G132	0.711494	DatasetB	KitB
DatasetB_sample008	G133	0.749699	DatasetB	KitB
DatasetB_sample008	G134	0.442976	DatasetB	KitB
DatasetB_sample008	G135	0.646888	DatasetB	KitB
DatasetB_sample008	G136	0.699448	DatasetB	KitB
DatasetB_sample008	G139	0.542136	DatasetB	KitB
DatasetB_sample008	G140	0.230892	DatasetB	KitB
DatasetB_sample008	G143	0.484631	DatasetB	KitB
DatasetB_sample008	G145	0.705425	DatasetB	KitB
DatasetB_sample008	G147	0.346306	DatasetB	KitB
DatasetB_sample008	G148	0.24591	DatasetB	KitB
DatasetB_sample008	G150	0.282535	DatasetB	KitB
DatasetB_sample008	G155	0.308775	DatasetB	KitB
DatasetB_sample008	G157	0.587188	DatasetB	KitB
DatasetB_sample008	G158	0.457984	DatasetB	KitB
DatasetB_sample008	G159	0.185136	DatasetB	KitB
DatasetB_sample008	G160	0.554107	DatasetB	KitB
DatasetB_sample008	G161	0.574799	DatasetB	KitB
DatasetB_sample008	G162	0.380228	DatasetB	KitB
DatasetB_sample008	G165	0.641068	DatasetB	KitB
DatasetB_sample008	G167	0.44703	DatasetB	KitB
DatasetB_sample008	G168	0.316915	DatasetB	KitB
DatasetB_sample008	G172	0.29916	DatasetB	KitB
DatasetB_sample008	G174	0.240214	DatasetB	KitB
DatasetB_sample008	G177	0.239199	DatasetB	KitB
DatasetB_sample008	G190	0.067584	DatasetB	KitB
DatasetB_sample008	G198	0.415137	DatasetB	KitB
DatasetB_sample009	G001	0.499528	DatasetB	KitB
DatasetB_sample009	G002	0.805428	DatasetB	KitB
DatasetB_sample009	G003	0.659668	DatasetB	KitB
DatasetB_sample009	G004	0.684604	DatasetB	KitB
DatasetB_sample009	G005	0.694817	DatasetB	KitB
DatasetB_sample009	G006	0.574971	DatasetB	KitB
DatasetB_sample009	G007	0.633155	DatasetB	KitB
DatasetB_sample009	G008	0.48839	DatasetB	KitB
DatasetB_sample009	G009	0.518912	DatasetB	KitB
DatasetB_sample009	G010	0.480318	DatasetB	KitB
DatasetB_sample009	G011	0.948397	DatasetB	KitB
DatasetB_sample009	G012	0.809992	DatasetB	KitB
DatasetB_sample009	G013	0.741365	DatasetB	KitB
DatasetB_sample009	G014	0.911918	DatasetB	KitB
DatasetB_sample009	G015	0.649843	DatasetB	KitB
DatasetB_sample009	G016	0.749506	DatasetB	KitB
DatasetB_sample009	G017	0.714771	DatasetB	KitB
DatasetB_sample009	G018	0.801621	DatasetB	KitB
DatasetB_sample009	G019	0.844093	DatasetB	KitB
DatasetB_sample009	G020	0.719683	DatasetB	KitB
DatasetB_sample009	G021	0.516409	DatasetB	KitB
DatasetB_sample009	G022	0.700038	DatasetB	KitB
DatasetB_sample009	G023	0.427423	DatasetB	KitB
DatasetB_sample009	G024	0.865756	DatasetB	KitB
DatasetB_sample009	G025	0.91999	DatasetB	KitB
DatasetB_sample009	G026	0.83866	DatasetB	KitB
DatasetB_sample009	G027	0.754399	DatasetB	KitB
DatasetB_sample009	G028	0.825547	DatasetB	KitB
DatasetB_sample009	G029	0.734654	DatasetB	KitB
DatasetB_sample009	G030	0.767291	DatasetB	KitB
DatasetB_sample009	G031	0.772905	DatasetB	KitB
DatasetB_sample009	G032	0.764045	DatasetB	KitB
DatasetB_sample009	G033	0.57444	DatasetB	KitB
DatasetB_sample009	G034	0.867649	DatasetB	KitB
DatasetB_sample009	G035	0.965729	DatasetB	KitB
DatasetB_sample009	G036	0.63301	DatasetB	KitB
DatasetB_sample009	G037	0.957271	DatasetB	KitB
DatasetB_sample009	G038	0.68236	DatasetB	KitB
DatasetB_sample009	G039	0.78845	DatasetB	KitB
DatasetB_sample009	G040	0.794329	DatasetB	KitB
DatasetB_sample009	G041	0.544838	DatasetB	KitB
DatasetB_sample009	G042	0.723681	DatasetB	KitB
DatasetB_sample009	G043	0.91524	DatasetB	KitB
DatasetB_sample009	G044	0.650676	DatasetB	KitB
DatasetB_sample009	G045	0.907578	DatasetB	KitB
DatasetB_sample009	G046	0.965075	DatasetB	KitB
DatasetB_sample009	G047	0.690123	DatasetB	KitB
DatasetB_sample009	G048	0.764238	DatasetB	KitB
DatasetB_sample009	G049	0.812249	DatasetB	KitB
DatasetB_sample009	G050	0.704349	DatasetB	KitB
DatasetB_sample009	G051	0.601201	DatasetB	KitB
DatasetB_sample009	G052	0.582149	DatasetB	KitB
DatasetB_sample009	G053	0.743826	DatasetB	KitB
DatasetB_sample009	G054	0.447571	DatasetB	KitB
DatasetB_sample009	G055	0.557991	DatasetB	KitB
DatasetB_sample009	G056	0.75916	DatasetB	KitB
DatasetB_sample009	G057	0.676629	DatasetB	KitB
DatasetB_sample009	G058	0.705166	DatasetB	KitB
DatasetB_sample009	G059	0.137089	DatasetB	KitB
DatasetB_sample009	G060	0.327323	DatasetB	KitB
DatasetB_sample009	G061	0.906332	DatasetB	KitB
DatasetB_sample009	G062	0.577194	DatasetB	KitB
DatasetB_sample009	G063	0.574442	DatasetB	KitB
DatasetB_sample009	G064	0.397669	DatasetB	KitB
DatasetB_sample009	G065	0.662998	DatasetB	KitB
DatasetB_sample009	G066	0.681998	DatasetB	KitB
DatasetB_sample009	G067	0.444041	DatasetB	KitB
DatasetB_sample009	G068	0.581322	DatasetB	KitB
DatasetB_sample009	G069	0.707187	DatasetB	KitB
DatasetB_sample009	G070	0.468678	DatasetB	KitB
DatasetB_sample009	G071	0.637912	DatasetB	KitB
DatasetB_sample009	G072	0.617247	DatasetB	KitB
DatasetB_sample009	G073	0.536992	DatasetB	KitB
DatasetB_sample009	G074	0.51236	DatasetB	KitB
DatasetB_sample009	G075	0.881516	DatasetB	KitB
DatasetB_sample009	G076	0.395782	DatasetB	KitB
DatasetB_sample009	G077	0.756834	DatasetB	KitB
DatasetB_sample009	G078	0.305519	DatasetB	KitB
DatasetB_sample009	G079	0.4471	DatasetB	KitB
DatasetB_sample009	G080	0.582788	DatasetB	KitB
DatasetB_sample009	G111	0.675957	DatasetB	KitB
DatasetB_sample009	G112	0.391935	DatasetB	KitB
DatasetB_sample009	G114	0.706711	DatasetB	KitB
DatasetB_sample009	G115	0.56846	DatasetB	KitB
DatasetB_sample009	G116	0.83074	DatasetB	KitB
DatasetB_sample009	G117	0.655254	DatasetB	KitB
DatasetB_sample009	G118	0.655065	DatasetB	KitB
DatasetB_sample009	G119	0.339025	DatasetB	KitB
DatasetB_sample009	G120	0.526159	DatasetB	KitB
DatasetB_sample009	G121	0.669564	DatasetB	KitB
DatasetB_sample009	G122	0.641658	DatasetB	KitB
DatasetB_sample009	G123	0.603091	DatasetB	KitB
DatasetB_sample009	G124	0.768199	DatasetB	KitB
DatasetB_sample009	G125	0.538506	DatasetB	KitB
DatasetB_sample009	G126	0.342492	DatasetB	KitB
DatasetB_sample009	G127	0.821923	DatasetB	KitB
DatasetB_sample009	G128	0.552282	DatasetB	KitB
DatasetB_sample009	G129	0.345435	DatasetB	KitB
DatasetB_sample009	G130	0.428395	DatasetB	KitB
DatasetB_sample009	G131	0.836674	DatasetB	KitB
DatasetB_sample009	G132	0.467432	DatasetB	KitB
DatasetB_sample009	G133	0.611252	DatasetB	KitB
DatasetB_sample009	G134	0.406152	DatasetB	KitB
DatasetB_sample009	G135	0.59948	DatasetB	KitB
DatasetB_sample009	G136	0.8068	DatasetB	KitB
DatasetB_sample009	G137	0.311796	DatasetB	KitB
DatasetB_sample009	G138	0.568897	DatasetB	KitB
DatasetB_sample009	G139	0.66906	DatasetB	KitB
DatasetB_sample009	G140	0.302016	DatasetB	KitB
DatasetB_sample009	G141	0.510166	DatasetB	KitB
DatasetB_sample009	G142	0.313173	DatasetB	KitB
DatasetB_sample009	G143	0.624464	DatasetB	KitB
DatasetB_sample009	G144	0.461677	DatasetB	KitB
DatasetB_sample009	G145	0.187464	DatasetB	KitB
DatasetB_sample009	G146	0.487254	DatasetB	KitB
DatasetB_sample009	G150	0.648604	DatasetB	KitB
DatasetB_sample009	G152	0.406778	DatasetB	KitB
DatasetB_sample009	G153	0.371022	DatasetB	KitB
DatasetB_sample009	G154	0.3304	DatasetB	KitB
DatasetB_sample009	G155	0.158161	DatasetB	KitB
DatasetB_sample009	G157	0.203066	DatasetB	KitB
DatasetB_sample009	G159	0.258817	DatasetB	KitB
DatasetB_sample009	G160	0.308728	DatasetB	KitB
DatasetB_sample009	G161	0.468113	DatasetB	KitB
DatasetB_sample009	G163	0.624793	DatasetB	KitB
DatasetB_sample009	G164	0.78466	DatasetB	KitB
DatasetB_sample009	G165	0.238666	DatasetB	KitB
DatasetB_sample009	G167	0.269056	DatasetB	KitB
DatasetB_sample009	G168	0.752465	DatasetB	KitB
DatasetB_sample009	G169	0.587608	DatasetB	KitB
DatasetB_sample009	G170	0.374648	DatasetB	KitB
DatasetB_sample009	G171	0.146821	DatasetB	KitB
DatasetB_sample009	G173	0.275003	DatasetB	KitB
DatasetB_sample009	G174	0.369819	DatasetB	KitB
DatasetB_sample009	G180	0.296328	DatasetB	KitB
DatasetB_sample009	G183	0.231673	DatasetB	KitB
DatasetB_sample009	G184	0.327573	DatasetB	KitB
DatasetB_sample009	G185	0.388783	DatasetB	KitB
DatasetB_sample009	G191	0.47091	DatasetB	KitB
DatasetB_sample009	G195	0.209677	DatasetB	KitB
DatasetB_sample009	G196	0.487568	DatasetB	KitB
DatasetB_sample009	G200	0.139278	DatasetB	KitB
DatasetB_sample010	G001	0.66901	DatasetB	KitB
DatasetB_sample010	G002	0.937733	DatasetB	KitB
DatasetB_sample010	G003	0.73108	DatasetB	KitB
DatasetB_sample010	G004	0.658142	DatasetB	KitB
DatasetB_sample010	G005	0.579357	DatasetB	KitB
DatasetB_sample010	G006	0.873473	DatasetB	KitB
DatasetB_sample010	G007	0.794729	DatasetB	KitB
DatasetB_sample010	G008	0.564628	DatasetB	KitB
DatasetB_sample010	G009	0.891819	DatasetB	KitB
DatasetB_sample010	G010	0.675301	DatasetB	KitB
DatasetB_sample010	G011	0.735332	DatasetB	KitB
DatasetB_sample010	G012	0.827618	DatasetB	KitB
DatasetB_sample010	G013	0.888159	DatasetB	KitB
DatasetB_sample010	G014	0.779302	DatasetB	KitB
DatasetB_sample010	G015	0.477531	DatasetB	KitB
DatasetB_sample010	G016	0.376928	DatasetB	KitB
DatasetB_sample010	G017	0.894127	DatasetB	KitB
DatasetB_sample010	G018	0.768038	DatasetB	KitB
DatasetB_sample010	G019	0.904516	DatasetB	KitB
DatasetB_sample010	G020	0.752663	DatasetB	KitB
DatasetB_sample010	G021	0.860612	DatasetB	KitB
DatasetB_sample010	G022	0.364159	DatasetB	KitB
DatasetB_sample010	G023	0.82911	DatasetB	KitB
DatasetB_sample010	G024	0.801779	DatasetB	KitB
DatasetB_sample010	G025	0.76534	DatasetB	KitB
DatasetB_sample010	G026	0.898406	DatasetB	KitB
DatasetB_sample010	G027	0.697494	DatasetB	KitB
DatasetB_sample010	G028	0.480183	DatasetB	KitB
DatasetB_sample010	G029	0.610608	DatasetB	KitB
DatasetB_sample010	G030	0.5559	DatasetB	KitB
DatasetB_sample010	G031	0.801741	DatasetB	KitB
DatasetB_sample010	G032	0.845017	DatasetB	KitB
DatasetB_sample010	G033	0.912931	DatasetB	KitB
DatasetB_sample010	G034	0.604251	DatasetB	KitB
DatasetB_sample010	G035	0.840703	DatasetB	KitB
DatasetB_sample010	G036	0.57763	DatasetB	KitB
DatasetB_sample010	G037	0.622497	DatasetB	KitB
DatasetB_sample010	G038	0.790322	DatasetB	KitB
DatasetB_sample010	G039	0.903722	DatasetB	KitB
DatasetB_sample010	G040	0.772108	DatasetB	KitB
DatasetB_sample010	G041	0.780391	DatasetB	KitB
DatasetB_sample010	G042	0.732645	DatasetB	KitB
DatasetB_sample010	G043	0.804493	DatasetB	KitB
DatasetB_sample010	G044	0.802776	DatasetB	KitB
DatasetB_sample010	G045	0.722048	DatasetB	KitB
DatasetB_sample010	G046	0.617508	DatasetB	KitB
DatasetB_sample010	G047	0.964318	DatasetB	KitB
DatasetB_sample010	G048	0.640803	DatasetB	KitB
DatasetB_sample010	G049	0.754895	DatasetB	KitB
DatasetB_sample010	G050	0.916963	DatasetB	KitB
DatasetB_sample010	G051	0.750035	DatasetB	KitB
DatasetB_sample010	G052	0.436241	DatasetB	KitB
DatasetB_sample010	G053	0.674137	DatasetB	KitB
DatasetB_sample010	G054	0.702429	DatasetB	KitB
DatasetB_sample010	G055	0.670432	DatasetB	KitB
DatasetB_sample010	G056	0.498912	DatasetB	KitB
DatasetB_sample010	G057	0.951555	DatasetB	KitB
DatasetB_sample010	G058	0.736787	DatasetB	KitB
DatasetB_sample010	G059	0.559957	DatasetB	KitB
DatasetB_sample010	G060	0.546956	DatasetB	KitB
DatasetB_sample010	G061	0.841743	DatasetB	KitB
DatasetB_sample010	G062	0.445142	DatasetB	KitB
DatasetB_sample010	G063	0.706392	DatasetB	KitB
DatasetB_sample010	G064	0.552956	DatasetB	KitB
DatasetB_sample010	G065	0.33331	DatasetB	KitB
DatasetB_sample010	G066	0.828502	DatasetB	KitB
DatasetB_sample010	G067	0.751397	DatasetB	KitB
DatasetB_sample010	G068	0.396999	DatasetB	KitB
DatasetB_sample010	G069	0.436423	DatasetB	KitB
DatasetB_sample010	G070	0.642615	DatasetB	KitB
DatasetB_sample010	G071	0.853299	DatasetB	KitB
DatasetB_sample010	G072	0.3013	DatasetB	KitB
DatasetB_sample010	G073	0.357399	DatasetB	KitB
DatasetB_sample010	G074	0.528316	DatasetB	KitB
DatasetB_sample010	G075	0.349977	DatasetB	KitB
DatasetB_sample010	G076	0.557386	DatasetB	KitB
DatasetB_sample010	G077	0.689913	DatasetB	KitB
DatasetB_sample010	G078	0.82301	DatasetB	KitB
DatasetB_sample010	G079	0.591917	DatasetB	KitB
DatasetB_sample010	G080	0.786264	DatasetB	KitB
DatasetB_sample010	G111	0.355932	DatasetB	KitB
DatasetB_sample010	G112	0.272873	DatasetB	KitB
DatasetB_sample010	G113	0.31526	DatasetB	KitB
DatasetB_sample010	G114	0.510124	DatasetB	KitB
DatasetB_sample010	G115	0.608189	DatasetB	KitB
DatasetB_sample010	G116	0.441776	DatasetB	KitB
DatasetB_sample010	G117	0.796957	DatasetB	KitB
DatasetB_sample010	G118	0.793914	DatasetB	KitB
DatasetB_sample010	G119	0.813171	DatasetB	KitB
DatasetB_sample010	G120	0.369487	DatasetB	KitB
DatasetB_sample010	G121	0.460007	DatasetB	KitB
DatasetB_sample010	G122	0.458549	DatasetB	KitB
DatasetB_sample010	G123	0.646701	DatasetB	KitB
DatasetB_sample010	G124	0.553613	DatasetB	KitB
DatasetB_sample010	G125	0.607753	DatasetB	KitB
DatasetB_sample010	G126	0.845129	DatasetB	KitB
DatasetB_sample010	G127	0.445094	DatasetB	KitB
DatasetB_sample010	G128	0.597883	DatasetB	KitB
DatasetB_sample010	G129	0.344637	DatasetB	KitB
DatasetB_sample010	G130	0.476629	DatasetB	KitB
DatasetB_sample010	G131	0.594166	DatasetB	KitB
DatasetB_sample010	G132	0.429224	DatasetB	KitB
DatasetB_sample010	G133	0.188054	DatasetB	KitB
DatasetB_sample010	G134	0.738055	DatasetB	KitB
DatasetB_sample010	G135	0.3917	DatasetB	KitB
DatasetB_sample010	G136	0.724325	DatasetB	KitB
DatasetB_sample010	G137	0.401999	DatasetB	KitB
DatasetB_sample010	G138	0.263405	DatasetB	KitB
DatasetB_sample010	G139	0.402552	DatasetB	KitB
DatasetB_sample010	G140	0.675119	DatasetB	KitB
DatasetB_sample010	G141	0.412749	DatasetB	KitB
DatasetB_sample010	G142	0.454615	DatasetB	KitB
DatasetB_sample010	G143	0.236702	DatasetB	KitB
DatasetB_sample010	G144	0.324387	DatasetB	KitB
DatasetB_sample010	G147	0.411759	DatasetB	KitB
DatasetB_sample010	G150	0.274722	DatasetB	KitB
DatasetB_sample010	G151	0.10711	DatasetB	KitB
DatasetB_sample010	G152	0.422784	DatasetB	KitB
DatasetB_sample010	G153	0.387977	DatasetB	KitB
DatasetB_sample010	G154	0.560748	DatasetB	KitB
DatasetB_sample010	G155	0.612773	DatasetB	KitB
DatasetB_sample010	G156	0.740284	DatasetB	KitB
DatasetB_sample010	G159	0.492741	DatasetB	KitB
DatasetB_sample010	G161	0.438522	DatasetB	KitB
DatasetB_sample010	G162	0.334932	DatasetB	KitB
DatasetB_sample010	G163	0.153069	DatasetB	KitB
DatasetB_sample010	G164	0.291277	DatasetB	KitB
DatasetB_sample010	G168	0.205296	DatasetB	KitB
DatasetB_sample010	G169	0.517246	DatasetB	KitB
DatasetB_sample010	G171	0.618578	DatasetB	KitB
DatasetB_sample010	G172	0.276092	DatasetB	KitB
DatasetB_sample010	G175	0.491062	DatasetB	KitB
DatasetB_sample010	G179	0.215581	DatasetB	KitB
DatasetB_sample010	G180	0.701224	DatasetB	KitB
DatasetB_sample010	G182	0.121476	DatasetB	KitB
DatasetB_sample010	G184	0.258489	DatasetB	KitB
DatasetB_sample010	G186	0.089296	DatasetB	KitB
DatasetB_sample010	G188	0.57164	DatasetB	KitB
DatasetB_sample010	G191	0.071141	DatasetB	KitB
DatasetB_sample010	G198	0.232408	DatasetB	KitB
DatasetB_sample010	G200	0.065088	DatasetB	KitB
DatasetB_sample011	G001	0.724904	DatasetB	KitB
DatasetB_sample011	G002	0.849782	DatasetB	KitB
DatasetB_sample011	G003	0.673118	DatasetB	KitB
DatasetB_sample011	G004	0.764254	DatasetB	KitB
DatasetB_sample011	G005	0.747976	DatasetB	KitB
DatasetB_sample011	G006	0.807264	DatasetB	KitB
DatasetB_sample011	G007	0.609726	DatasetB	KitB
DatasetB_sample011	G008	0.247266	DatasetB	KitB
DatasetB_sample011	G009	0.798616	DatasetB	KitB
DatasetB_sample011	G010	0.743203	DatasetB	KitB
DatasetB_sample011	G011	0.778652	DatasetB	KitB
DatasetB_sample011	G012	0.370621	DatasetB	KitB
DatasetB_sample011	G013	0.875178	DatasetB	KitB
DatasetB_sample011	G014	0.862587	DatasetB	KitB
DatasetB_sample011	G015	0.748123	DatasetB	KitB
DatasetB_sample011	G016	0.651305	DatasetB	KitB
DatasetB_sample011	G017	0.75458	DatasetB	KitB
DatasetB_sample011	G018	0.758258	DatasetB	KitB
DatasetB_sample011	G019	0.188574	DatasetB	KitB
DatasetB_sample011	G020	0.785694	DatasetB	KitB
DatasetB_sample011	G021	0.5037	DatasetB	KitB
DatasetB_sample011	G022	0.705714	DatasetB	KitB
DatasetB_sample011	G023	0.758995	DatasetB	KitB
DatasetB_sample011	G024	0.876674	DatasetB	KitB
DatasetB_sample011	G025	0.565213	DatasetB	KitB
DatasetB_sample011	G026	0.612142	DatasetB	KitB
DatasetB_sample011	G027	0.724233	DatasetB	KitB
DatasetB_sample011	G028	0.811056	DatasetB	KitB
DatasetB_sample011	G029	0.897155	DatasetB	KitB
DatasetB_sample011	G030	0.492614	DatasetB	KitB
DatasetB_sample011	G031	0.899377	DatasetB	KitB
DatasetB_sample011	G032	0.418511	DatasetB	KitB
DatasetB_sample011	G033	0.740334	DatasetB	KitB
DatasetB_sample011	G034	0.664348	DatasetB	KitB
DatasetB_sample011	G035	0.707452	DatasetB	KitB
DatasetB_sample011	G036	0.650945	DatasetB	KitB
DatasetB_sample011	G037	0.651093	DatasetB	KitB
DatasetB_sample011	G038	0.364671	DatasetB	KitB
DatasetB_sample011	G039	0.685191	DatasetB	KitB
DatasetB_sample011	G040	0.907011	DatasetB	KitB
DatasetB_sample011	G041	0.942416	DatasetB	KitB
DatasetB_sample011	G042	0.607941	DatasetB	KitB
DatasetB_sample011	G043	0.585572	DatasetB	KitB
DatasetB_sample011	G044	0.742398	DatasetB	KitB
DatasetB_sample011	G045	0.464385	DatasetB	KitB
DatasetB_sample011	G046	0.818012	DatasetB	KitB
DatasetB_sample011	G047	0.635537	DatasetB	KitB
DatasetB_sample011	G048	0.824424	DatasetB	KitB
DatasetB_sample011	G049	0.311635	DatasetB	KitB
DatasetB_sample011	G050	0.916606	DatasetB	KitB
DatasetB_sample011	G051	0.190824	DatasetB	KitB
DatasetB_sample011	G052	0.565311	DatasetB	KitB
DatasetB_sample011	G053	0.375564	DatasetB	KitB
DatasetB_sample011	G054	0.762574	DatasetB	KitB
DatasetB_sample011	G055	0.594227	DatasetB	KitB
DatasetB_sample011	G056	0.337031	DatasetB	KitB
DatasetB_sample011	G057	0.515942	DatasetB	KitB
DatasetB_sample011	G058	0.445943	DatasetB	KitB
DatasetB_sample011	G059	0.675076	DatasetB	KitB
DatasetB_sample011	G060	0.551052	DatasetB	KitB
DatasetB_sample011	G061	0.666264	DatasetB	KitB
DatasetB_sample011	G063	0.396332	DatasetB	KitB
DatasetB_sample011	G064	0.579314	DatasetB	KitB
DatasetB_sample011	G065	0.680979	DatasetB	KitB
DatasetB_sample011	G066	0.735429	DatasetB	KitB
DatasetB_sample011	G067	0.561332	DatasetB	KitB
DatasetB_sample011	G068	0.467722	DatasetB	KitB
DatasetB_sample011	G069	0.523981	DatasetB	KitB
DatasetB_sample011	G070	0.425271	DatasetB	KitB
DatasetB_sample011	G071	0.726368	DatasetB	KitB
DatasetB_sample011	G073	0.336506	DatasetB	KitB
DatasetB_sample011	G074	0.534748	DatasetB	KitB
DatasetB_sample011	G075	0.625904	DatasetB	KitB
DatasetB_sample011	G076	0.658509	DatasetB	KitB
DatasetB_sample011	G077	0.669124	DatasetB	KitB
DatasetB_sample011	G078	0.528571	DatasetB	KitB
DatasetB_sample011	G079	0.791616	DatasetB	KitB
DatasetB_sample011	G080	0.900915	DatasetB	KitB
DatasetB_sample011	G111	0.300593	DatasetB	KitB
DatasetB_sample011	G112	0.632812	DatasetB	KitB
DatasetB_sample011	G113	0.570404	DatasetB	KitB
DatasetB_sample011	G114	0.824136	DatasetB	KitB
DatasetB_sample011	G115	0.2772	DatasetB	KitB
DatasetB_sample011	G116	0.551991	DatasetB	KitB
DatasetB_sample011	G117	0.514825	DatasetB	KitB
DatasetB_sample011	G118	0.39487	DatasetB	KitB
DatasetB_sample011	G119	0.272759	DatasetB	KitB
DatasetB_sample011	G120	0.639996	DatasetB	KitB
DatasetB_sample011	G121	0.887595	DatasetB	KitB
DatasetB_sample011	G122	0.984551	DatasetB	KitB
DatasetB_sample011	G123	0.506938	DatasetB	KitB
DatasetB_sample011	G124	0.319533	DatasetB	KitB
DatasetB_sample011	G125	0.740536	DatasetB	KitB
DatasetB_sample011	G126	0.647017	DatasetB	KitB
DatasetB_sample011	G127	0.505751	DatasetB	KitB
DatasetB_sample011	G128	0.64261	DatasetB	KitB
DatasetB_sample011	G129	0.438913	DatasetB	KitB
DatasetB_sample011	G130	0.578258	DatasetB	KitB
DatasetB_sample011	G131	0.631699	DatasetB	KitB
DatasetB_sample011	G132	0.757196	DatasetB	KitB
DatasetB_sample011	G133	0.677905	DatasetB	KitB
DatasetB_sample011	G134	0.58573	DatasetB	KitB
DatasetB_sample011	G135	0.607663	DatasetB	KitB
DatasetB_sample011	G136	0.551868	DatasetB	KitB
DatasetB_sample011	G137	0.470005	DatasetB	KitB
DatasetB_sample011	G138	0.569079	DatasetB	KitB
DatasetB_sample011	G139	0.423129	DatasetB	KitB
DatasetB_sample011	G140	0.429408	DatasetB	KitB
DatasetB_sample011	G141	0.305464	DatasetB	KitB
DatasetB_sample011	G142	0.325004	DatasetB	KitB
DatasetB_sample011	G143	0.563634	DatasetB	KitB
DatasetB_sample011	G144	0.151333	DatasetB	KitB
DatasetB_sample011	G145	0.181226	DatasetB	KitB
DatasetB_sample011	G146	0.444691	DatasetB	KitB
DatasetB_sample011	G148	0.344431	DatasetB	KitB
DatasetB_sample011	G149	0.233214	DatasetB	KitB
DatasetB_sample011	G150	0.617498	DatasetB	KitB
DatasetB_sample011	G152	0.216182	DatasetB	KitB
DatasetB_sample011	G154	0.468627	DatasetB	KitB
DatasetB_sample011	G157	0.358194	DatasetB	KitB
DatasetB_sample011	G158	0.435552	DatasetB	KitB
DatasetB_sample011	G159	0.593744	DatasetB	KitB
DatasetB_sample011	G160	0.502468	DatasetB	KitB
DatasetB_sample011	G161	0.562358	DatasetB	KitB
DatasetB_sample011	G163	0.3604	DatasetB	KitB
DatasetB_sample011	G165	0.607825	DatasetB	KitB
DatasetB_sample011	G166	0.479586	DatasetB	KitB
DatasetB_sample011	G167	0.746274	DatasetB	KitB
DatasetB_sample011	G169	0.086916	DatasetB	KitB
DatasetB_sample011	G170	0.252891	DatasetB	KitB
DatasetB_sample011	G175	0.131422	DatasetB	KitB
DatasetB_sample011	G177	0.490035	DatasetB	KitB
DatasetB_sample011	G190	0.489277	DatasetB	KitB
DatasetB_sample011	G192	0.733165	DatasetB	KitB
DatasetB_sample011	G193	0.085015	DatasetB	KitB
DatasetB_sample012	G001	0.490612	DatasetB	KitB
DatasetB_sample012	G002	0.365165	DatasetB	KitB
DatasetB_sample012	G003	0.830753	DatasetB	KitB
DatasetB_sample012	G004	0.73955	DatasetB	KitB
DatasetB_sample012	G005	0.773025	DatasetB	KitB
DatasetB_sample012	G006	0.764586	DatasetB	KitB
DatasetB_sample012	G007	0.9009	DatasetB	KitB
DatasetB_sample012	G008	0.815455	DatasetB	KitB
DatasetB_sample012	G009	0.290103	DatasetB	KitB
DatasetB_sample012	G010	0.549445	DatasetB	KitB
DatasetB_sample012	G011	0.964502	DatasetB	KitB
DatasetB_sample012	G012	0.530654	DatasetB	KitB
DatasetB_sample012	G013	0.635108	DatasetB	KitB
DatasetB_sample012	G014	0.965736	DatasetB	KitB
DatasetB_sample012	G015	0.834058	DatasetB	KitB
DatasetB_sample012	G016	0.625023	DatasetB	KitB
DatasetB_sample012	G017	0.758278	DatasetB	KitB
DatasetB_sample012	G018	0.665046	DatasetB	KitB
DatasetB_sample012	G019	0.649768	DatasetB	KitB
DatasetB_sample012	G020	0.623905	DatasetB	KitB
DatasetB_sample012	G021	0.785025	DatasetB	KitB
DatasetB_sample012	G022	0.668845	DatasetB	KitB
DatasetB_sample012	G023	0.867744	DatasetB	KitB
DatasetB_sample012	G024	0.672343	DatasetB	KitB
DatasetB_sample012	G025	0.501256	DatasetB	KitB
DatasetB_sample012	G026	0.637479	DatasetB	KitB
DatasetB_sample012	G027	0.860075	DatasetB	KitB
DatasetB_sample012	G028	0.70163	DatasetB	KitB
DatasetB_sample012	G029	0.502079	DatasetB	KitB
DatasetB_sample012	G030	0.802853	DatasetB	KitB
DatasetB_sample012	G031	0.634513	DatasetB	KitB
DatasetB_sample012	G032	0.729061	DatasetB	KitB
DatasetB_sample012	G033	0.598641	DatasetB	KitB
DatasetB_sample012	G034	0.390043	DatasetB	KitB
DatasetB_sample012	G035	0.627263	DatasetB	KitB
DatasetB_sample012	G036	0.843492	DatasetB	KitB
DatasetB_sample012	G037	0.941003	DatasetB	KitB
DatasetB_sample012	G038	0.843148	DatasetB	KitB
DatasetB_sample012	G039	0.952969	DatasetB	KitB
DatasetB_sample012	G040	0.781942	DatasetB	KitB
DatasetB_sample012	G041	0.700357	DatasetB	KitB
DatasetB_sample012	G042	0.624498	DatasetB	KitB
DatasetB_sample012	G043	0.953031	DatasetB	KitB
DatasetB_sample012	G044	0.612259	DatasetB	KitB
DatasetB_sample012	G045	0.807694	DatasetB	KitB
DatasetB_sample012	G046	0.607973	DatasetB	KitB
DatasetB_sample012	G047	0.928168	DatasetB	KitB
DatasetB_sample012	G048	0.885868	DatasetB	KitB
DatasetB_sample012	G049	0.708778	DatasetB	KitB
DatasetB_sample012	G050	0.726157	DatasetB	KitB
DatasetB_sample012	G051	0.279886	DatasetB	KitB
DatasetB_sample012	G052	0.085504	DatasetB	KitB
DatasetB_sample012	G053	0.52472	DatasetB	KitB
DatasetB_sample012	G054	0.66908	DatasetB	KitB
DatasetB_sample012	G055	0.661268	DatasetB	KitB
DatasetB_sample012	G056	0.474245	DatasetB	KitB
DatasetB_sample012	G057	0.791626	DatasetB	KitB
DatasetB_sample012	G058	0.442473	DatasetB	KitB
DatasetB_sample012	G059	0.339142	DatasetB	KitB
DatasetB_sample012	G060	0.900947	DatasetB	KitB
DatasetB_sample012	G061	0.773532	DatasetB	KitB
DatasetB_sample012	G062	0.509688	DatasetB	KitB
DatasetB_sample012	G063	0.442464	DatasetB	KitB
DatasetB_sample012	G064	0.62054	DatasetB	KitB
DatasetB_sample012	G065	0.508176	DatasetB	KitB
DatasetB_sample012	G066	0.384553	DatasetB	KitB
DatasetB_sample012	G067	0.379221	DatasetB	KitB
DatasetB_sample012	G068	0.477397	DatasetB	KitB
DatasetB_sample012	G069	0.330447	DatasetB	KitB
DatasetB_sample012	G070	0.575289	DatasetB	KitB
DatasetB_sample012	G071	0.645759	DatasetB	KitB
DatasetB_sample012	G072	0.818797	DatasetB	KitB
DatasetB_sample012	G073	0.701019	DatasetB	KitB
DatasetB_sample012	G074	0.727142	DatasetB	KitB
DatasetB_sample012	G075	0.450844	DatasetB	KitB
DatasetB_sample012	G076	0.438915	DatasetB	KitB
DatasetB_sample012	G077	0.241221	DatasetB	KitB
DatasetB_sample012	G078	0.422681	DatasetB	KitB
DatasetB_sample012	G079	0.894303	DatasetB	KitB
DatasetB_sample012	G080	0.730555	DatasetB	KitB
DatasetB_sample012	G111	0.592064	DatasetB	KitB
DatasetB_sample012	G112	0.534876	DatasetB	KitB
DatasetB_sample012	G113	0.682682	DatasetB	KitB
DatasetB_sample012	G114	0.37221	DatasetB	KitB
DatasetB_sample012	G115	0.620112	DatasetB	KitB
DatasetB_sample012	G116	0.474475	DatasetB	KitB
DatasetB_sample012	G117	0.6129	DatasetB	KitB
DatasetB_sample012	G118	0.479472	DatasetB	KitB
DatasetB_sample012	G119	0.512805	DatasetB	KitB
DatasetB_sample012	G120	0.596811	DatasetB	KitB
DatasetB_sample012	G121	0.629775	DatasetB	KitB
DatasetB_sample012	G122	0.610655	DatasetB	KitB
DatasetB_sample012	G123	0.722963	DatasetB	KitB
DatasetB_sample012	G124	0.708113	DatasetB	KitB
DatasetB_sample012	G125	0.445025	DatasetB	KitB
DatasetB_sample012	G126	0.800332	DatasetB	KitB
DatasetB_sample012	G127	0.514874	DatasetB	KitB
DatasetB_sample012	G128	0.636239	DatasetB	KitB
DatasetB_sample012	G129	0.552614	DatasetB	KitB
DatasetB_sample012	G131	0.398512	DatasetB	KitB
DatasetB_sample012	G132	0.69972	DatasetB	KitB
DatasetB_sample012	G133	0.631935	DatasetB	KitB
DatasetB_sample012	G134	0.671566	DatasetB	KitB
DatasetB_sample012	G135	0.46855	DatasetB	KitB
DatasetB_sample012	G136	0.593597	DatasetB	KitB
DatasetB_sample012	G137	0.450883	DatasetB	KitB
DatasetB_sample012	G138	0.14671	DatasetB	KitB
DatasetB_sample012	G139	0.374722	DatasetB	KitB
DatasetB_sample012	G140	0.442499	DatasetB	KitB
DatasetB_sample012	G141	0.375704	DatasetB	KitB
DatasetB_sample012	G142	0.410637	DatasetB	KitB
DatasetB_sample012	G145	0.168953	DatasetB	KitB
DatasetB_sample012	G146	0.27371	DatasetB	KitB
DatasetB_sample012	G147	0.308992	DatasetB	KitB
DatasetB_sample012	G149	0.496971	DatasetB	KitB
DatasetB_sample012	G151	0.422018	DatasetB	KitB
DatasetB_sample012	G152	0.340764	DatasetB	KitB
DatasetB_sample012	G154	0.438074	DatasetB	KitB
DatasetB_sample012	G155	0.374567	DatasetB	KitB
DatasetB_sample012	G156	0.466583	DatasetB	KitB
DatasetB_sample012	G159	0.492834	DatasetB	KitB
DatasetB_sample012	G160	0.236763	DatasetB	KitB
DatasetB_sample012	G162	0.789167	DatasetB	KitB
DatasetB_sample012	G163	0.291815	DatasetB	KitB
DatasetB_sample012	G164	0.600771	DatasetB	KitB
DatasetB_sample012	G165	0.645441	DatasetB	KitB
DatasetB_sample012	G166	0.569056	DatasetB	KitB
DatasetB_sample012	G167	0.340018	DatasetB	KitB
DatasetB_sample012	G168	0.61441	DatasetB	KitB
DatasetB_sample012	G169	0.368677	DatasetB	KitB
DatasetB_sample012	G170	0.654638	DatasetB	KitB
DatasetB_sample012	G172	0.307482	DatasetB	KitB
DatasetB_sample012	G175	0.217506	DatasetB	KitB
DatasetB_sample012	G178	0.181421	DatasetB	KitB
DatasetB_sample012	G181	0.149411	DatasetB	KitB
DatasetB_sample012	G184	0.16828	DatasetB	KitB
DatasetB_sample012	G188	0.055945	DatasetB	KitB
DatasetB_sample013	G001	0.481969	DatasetB	KitB
DatasetB_sample013	G002	0.743854	DatasetB	KitB
DatasetB_sample013	G003	0.792328	DatasetB	KitB
DatasetB_sample013	G004	0.640667	DatasetB	KitB
DatasetB_sample013	G005	0.848205	DatasetB	KitB
DatasetB_sample013	G006	0.315703	DatasetB	KitB
DatasetB_sample013	G007	0.787032	DatasetB	KitB
DatasetB_sample013	G008	0.699752	DatasetB	KitB
DatasetB_sample013	G009	0.905181	DatasetB	KitB
DatasetB_sample013	G010	0.681378	DatasetB	KitB
DatasetB_sample013	G011	0.786244	DatasetB	KitB
DatasetB_sample013	G012	0.433772	DatasetB	KitB
DatasetB_sample013	G013	0.816924	DatasetB	KitB
DatasetB_sample013	G014	0.976384	DatasetB	KitB
DatasetB_sample013	G015	0.963928	DatasetB	KitB
DatasetB_sample013	G016	0.645022	DatasetB	KitB
DatasetB_sample013	G017	0.77826	DatasetB	KitB
DatasetB_sample013	G018	0.799488	DatasetB	KitB
DatasetB_sample013	G019	0.528607	DatasetB	KitB
DatasetB_sample013	G020	0.749373	DatasetB	KitB
DatasetB_sample013	G021	0.468563	DatasetB	KitB
DatasetB_sample013	G022	0.794635	DatasetB	KitB
DatasetB_sample013	G023	0.496652	DatasetB	KitB
DatasetB_sample013	G024	0.844562	DatasetB	KitB
DatasetB_sample013	G025	0.750049	DatasetB	KitB
DatasetB_sample013	G026	0.789196	DatasetB	KitB
DatasetB_sample013	G027	0.873471	DatasetB	KitB
DatasetB_sample013	G028	0.834376	DatasetB	KitB
DatasetB_sample013	G029	0.411235	DatasetB	KitB
DatasetB_sample013	G030	0.427585	DatasetB	KitB
DatasetB_sample013	G031	0.899575	DatasetB	KitB
DatasetB_sample013	G032	0.888387	DatasetB	KitB
DatasetB_sample013	G033	0.545544	DatasetB	KitB
DatasetB_sample013	G034	0.86287	DatasetB	KitB
DatasetB_sample013	G035	0.468868	DatasetB	KitB
DatasetB_sample013	G036	0.417449	DatasetB	KitB
DatasetB_sample013	G037	0.698999	DatasetB	KitB
DatasetB_sample013	G038	0.54769	DatasetB	KitB
DatasetB_sample013	G039	0.859518	DatasetB	KitB
DatasetB_sample013	G040	0.813707	DatasetB	KitB
DatasetB_sample013	G041	0.621053	DatasetB	KitB
DatasetB_sample013	G042	0.844144	DatasetB	KitB
DatasetB_sample013	G043	0.962301	DatasetB	KitB
DatasetB_sample013	G044	0.885072	DatasetB	KitB
DatasetB_sample013	G045	0.617981	DatasetB	KitB
DatasetB_sample013	G046	0.886648	DatasetB	KitB
DatasetB_sample013	G047	0.699539	DatasetB	KitB
DatasetB_sample013	G048	0.746722	DatasetB	KitB
DatasetB_sample013	G049	0.878387	DatasetB	KitB
DatasetB_sample013	G050	0.793814	DatasetB	KitB
DatasetB_sample013	G051	0.757291	DatasetB	KitB
DatasetB_sample013	G052	0.781043	DatasetB	KitB
DatasetB_sample013	G053	0.323745	DatasetB	KitB
DatasetB_sample013	G054	0.530485	DatasetB	KitB
DatasetB_sample013	G055	0.672941	DatasetB	KitB
DatasetB_sample013	G056	0.682282	DatasetB	KitB
DatasetB_sample013	G057	0.728336	DatasetB	KitB
DatasetB_sample013	G058	0.466515	DatasetB	KitB
DatasetB_sample013	G059	0.29089	DatasetB	KitB
DatasetB_sample013	G060	0.846446	DatasetB	KitB
DatasetB_sample013	G061	0.285284	DatasetB	KitB
DatasetB_sample013	G062	0.830793	DatasetB	KitB
DatasetB_sample013	G063	0.36457	DatasetB	KitB
DatasetB_sample013	G064	0.69392	DatasetB	KitB
DatasetB_sample013	G065	0.244556	DatasetB	KitB
DatasetB_sample013	G066	0.676001	DatasetB	KitB
DatasetB_sample013	G067	0.329364	DatasetB	KitB
DatasetB_sample013	G068	0.592479	DatasetB	KitB
DatasetB_sample013	G069	0.767387	DatasetB	KitB
DatasetB_sample013	G070	0.394312	DatasetB	KitB
DatasetB_sample013	G071	0.505338	DatasetB	KitB
DatasetB_sample013	G072	0.357637	DatasetB	KitB
DatasetB_sample013	G073	0.542275	DatasetB	KitB
DatasetB_sample013	G074	0.841155	DatasetB	KitB
DatasetB_sample013	G075	0.73715	DatasetB	KitB
DatasetB_sample013	G076	0.44789	DatasetB	KitB
DatasetB_sample013	G077	0.567032	DatasetB	KitB
DatasetB_sample013	G078	0.455889	DatasetB	KitB
DatasetB_sample013	G079	0.763843	DatasetB	KitB
DatasetB_sample013	G080	0.562863	DatasetB	KitB
DatasetB_sample013	G111	0.680297	DatasetB	KitB
DatasetB_sample013	G112	0.627566	DatasetB	KitB
DatasetB_sample013	G113	0.64859	DatasetB	KitB
DatasetB_sample013	G114	0.780287	DatasetB	KitB
DatasetB_sample013	G115	0.642589	DatasetB	KitB
DatasetB_sample013	G116	0.557086	DatasetB	KitB
DatasetB_sample013	G117	0.729859	DatasetB	KitB
DatasetB_sample013	G118	0.451928	DatasetB	KitB
DatasetB_sample013	G119	0.738202	DatasetB	KitB
DatasetB_sample013	G120	0.381076	DatasetB	KitB
DatasetB_sample013	G121	0.086559	DatasetB	KitB
DatasetB_sample013	G122	0.34112	DatasetB	KitB
DatasetB_sample013	G123	0.324886	DatasetB	KitB
DatasetB_sample013	G124	0.718952	DatasetB	KitB
DatasetB_sample013	G125	0.180412	DatasetB	KitB
DatasetB_sample013	G126	0.316099	DatasetB	KitB
DatasetB_sample013	G127	0.692392	DatasetB	KitB
DatasetB_sample013	G128	0.94399	DatasetB	KitB
DatasetB_sample013	G129	0.695702	DatasetB	KitB
DatasetB_sample013	G130	0.566358	DatasetB	KitB
DatasetB_sample013	G131	0.475423	DatasetB	KitB
DatasetB_sample013	G132	0.566563	DatasetB	KitB
DatasetB_sample013	G133	0.692749	DatasetB	KitB
DatasetB_sample013	G134	0.599902	DatasetB	KitB
DatasetB_sample013	G135	0.937168	DatasetB	KitB
DatasetB_sample013	G136	0.602854	DatasetB	KitB
DatasetB_sample013	G137	0.651164	DatasetB	KitB
DatasetB_sample013	G138	0.3653	DatasetB	KitB
DatasetB_sample013	G139	0.54116	DatasetB	KitB
DatasetB_sample013	G140	0.551111	DatasetB	KitB
DatasetB_sample013	G143	0.405457	DatasetB	KitB
DatasetB_sample013	G145	0.724228	DatasetB	KitB
DatasetB_sample013	G146	0.427935	DatasetB	KitB
DatasetB_sample013	G147	0.281848	DatasetB	KitB
DatasetB_sample013	G148	0.561026	DatasetB	KitB
DatasetB_sample013	G149	0.106324	DatasetB	KitB
DatasetB_sample013	G150	0.26985	DatasetB	KitB
DatasetB_sample013	G151	0.157532	DatasetB	KitB
DatasetB_sample013	G153	0.547746	DatasetB	KitB
DatasetB_sample013	G154	0.195219	DatasetB	KitB
DatasetB_sample013	G155	0.2129	DatasetB	KitB
DatasetB_sample013	G156	0.342047	DatasetB	KitB
DatasetB_sample013	G157	0.76099	DatasetB	KitB
DatasetB_sample013	G160	0.596542	DatasetB	KitB
DatasetB_sample013	G162	0.158524	DatasetB	KitB
DatasetB_sample013	G165	0.670901	DatasetB	KitB
DatasetB_sample013	G167	0.623149	DatasetB	KitB
DatasetB_sample013	G168	0.435963	DatasetB	KitB
DatasetB_sample013	G169	0.652106	DatasetB	KitB
DatasetB_sample013	G176	0.239055	DatasetB	KitB
DatasetB_sample013	G189	0.271229	DatasetB	KitB
DatasetB_sample013	G198	0.383313	DatasetB	KitB
DatasetB_sample013	G199	0.20663	DatasetB	KitB
DatasetB_sample014	G001	0.427955	DatasetB	KitB
DatasetB_sample014	G002	0.817833	DatasetB	KitB
DatasetB_sample014	G003	0.555943	DatasetB	KitB
DatasetB_sample014	G004	0.904873	DatasetB	KitB
DatasetB_sample014	G005	0.499683	DatasetB	KitB
DatasetB_sample014	G006	0.55024	DatasetB	KitB
DatasetB_sample014	G007	0.801802	DatasetB	KitB
DatasetB_sample014	G008	0.282644	DatasetB	KitB
DatasetB_sample014	G009	0.856342	DatasetB	KitB
DatasetB_sample014	G010	0.730432	DatasetB	KitB
DatasetB_sample014	G011	0.820565	DatasetB	KitB
DatasetB_sample014	G012	0.619176	DatasetB	KitB
DatasetB_sample014	G013	0.772105	DatasetB	KitB
DatasetB_sample014	G014	0.859548	DatasetB	KitB
DatasetB_sample014	G015	0.614064	DatasetB	KitB
DatasetB_sample014	G016	0.568023	DatasetB	KitB
DatasetB_sample014	G017	0.986672	DatasetB	KitB
DatasetB_sample014	G018	0.880851	DatasetB	KitB
DatasetB_sample014	G019	0.629003	DatasetB	KitB
DatasetB_sample014	G020	0.974987	DatasetB	KitB
DatasetB_sample014	G021	0.390698	DatasetB	KitB
DatasetB_sample014	G022	0.384138	DatasetB	KitB
DatasetB_sample014	G023	0.691685	DatasetB	KitB
DatasetB_sample014	G024	0.856867	DatasetB	KitB
DatasetB_sample014	G025	0.95833	DatasetB	KitB
DatasetB_sample014	G026	0.70811	DatasetB	KitB
DatasetB_sample014	G027	0.78402	DatasetB	KitB
DatasetB_sample014	G028	0.84755	DatasetB	KitB
DatasetB_sample014	G029	0.91529	DatasetB	KitB
DatasetB_sample014	G030	0.808339	DatasetB	KitB
DatasetB_sample014	G031	0.783743	DatasetB	KitB
DatasetB_sample014	G032	0.817482	DatasetB	KitB
DatasetB_sample014	G033	0.737265	DatasetB	KitB
DatasetB_sample014	G034	0.717627	DatasetB	KitB
DatasetB_sample014	G035	0.691142	DatasetB	KitB
DatasetB_sample014	G036	0.402721	DatasetB	KitB
DatasetB_sample014	G037	0.470955	DatasetB	KitB
DatasetB_sample014	G038	0.810894	DatasetB	KitB
DatasetB_sample014	G039	0.914521	DatasetB	KitB
DatasetB_sample014	G040	0.716305	DatasetB	KitB
DatasetB_sample014	G041	0.67678	DatasetB	KitB
DatasetB_sample014	G042	0.613017	DatasetB	KitB
DatasetB_sample014	G043	0.545475	DatasetB	KitB
DatasetB_sample014	G044	0.583682	DatasetB	KitB
DatasetB_sample014	G045	0.530822	DatasetB	KitB
DatasetB_sample014	G046	0.619666	DatasetB	KitB
DatasetB_sample014	G047	0.653158	DatasetB	KitB
DatasetB_sample014	G048	0.54884	DatasetB	KitB
DatasetB_sample014	G049	0.740455	DatasetB	KitB
DatasetB_sample014	G050	0.782519	DatasetB	KitB
DatasetB_sample014	G051	0.459694	DatasetB	KitB
DatasetB_sample014	G052	0.595155	DatasetB	KitB
DatasetB_sample014	G053	0.619639	DatasetB	KitB
DatasetB_sample014	G054	0.304979	DatasetB	KitB
DatasetB_sample014	G056	0.672399	DatasetB	KitB
DatasetB_sample014	G057	0.661685	DatasetB	KitB
DatasetB_sample014	G058	0.578069	DatasetB	KitB
DatasetB_sample014	G059	0.50064	DatasetB	KitB
DatasetB_sample014	G060	0.651527	DatasetB	KitB
DatasetB_sample014	G061	0.454748	DatasetB	KitB
DatasetB_sample014	G062	0.643965	DatasetB	KitB
DatasetB_sample014	G063	0.785133	DatasetB	KitB
DatasetB_sample014	G064	0.43835	DatasetB	KitB
DatasetB_sample014	G065	0.635726	DatasetB	KitB
DatasetB_sample014	G066	0.242492	DatasetB	KitB
DatasetB_sample014	G067	0.663129	DatasetB	KitB
DatasetB_sample014	G068	0.471486	DatasetB	KitB
DatasetB_sample014	G069	0.565602	DatasetB	KitB
DatasetB_sample014	G070	0.706499	DatasetB	KitB
DatasetB_sample014	G071	0.618098	DatasetB	KitB
DatasetB_sample014	G072	0.658291	DatasetB	KitB
DatasetB_sample014	G073	0.526035	DatasetB	KitB
DatasetB_sample014	G074	0.81304	DatasetB	KitB
DatasetB_sample014	G075	0.205178	DatasetB	KitB
DatasetB_sample014	G076	0.823561	DatasetB	KitB
DatasetB_sample014	G077	0.51159	DatasetB	KitB
DatasetB_sample014	G078	0.363822	DatasetB	KitB
DatasetB_sample014	G079	0.54474	DatasetB	KitB
DatasetB_sample014	G080	0.463937	DatasetB	KitB
DatasetB_sample014	G111	0.40733	DatasetB	KitB
DatasetB_sample014	G112	0.964763	DatasetB	KitB
DatasetB_sample014	G113	0.836396	DatasetB	KitB
DatasetB_sample014	G114	0.589197	DatasetB	KitB
DatasetB_sample014	G115	0.789176	DatasetB	KitB
DatasetB_sample014	G116	0.561954	DatasetB	KitB
DatasetB_sample014	G117	0.608347	DatasetB	KitB
DatasetB_sample014	G119	0.462938	DatasetB	KitB
DatasetB_sample014	G120	0.518356	DatasetB	KitB
DatasetB_sample014	G121	0.37743	DatasetB	KitB
DatasetB_sample014	G122	0.584989	DatasetB	KitB
DatasetB_sample014	G123	0.900153	DatasetB	KitB
DatasetB_sample014	G124	0.394502	DatasetB	KitB
DatasetB_sample014	G125	0.827828	DatasetB	KitB
DatasetB_sample014	G127	0.619465	DatasetB	KitB
DatasetB_sample014	G128	0.520153	DatasetB	KitB
DatasetB_sample014	G129	0.299288	DatasetB	KitB
DatasetB_sample014	G130	0.169851	DatasetB	KitB
DatasetB_sample014	G131	0.43782	DatasetB	KitB
DatasetB_sample014	G132	0.332999	DatasetB	KitB
DatasetB_sample014	G133	0.543652	DatasetB	KitB
DatasetB_sample014	G134	0.335743	DatasetB	KitB
DatasetB_sample014	G135	0.798099	DatasetB	KitB
DatasetB_sample014	G136	0.471251	DatasetB	KitB
DatasetB_sample014	G137	0.20917	DatasetB	KitB
DatasetB_sample014	G138	0.557571	DatasetB	KitB
DatasetB_sample014	G139	0.214457	DatasetB	KitB
DatasetB_sample014	G140	0.801993	DatasetB	KitB
DatasetB_sample014	G143	0.254358	DatasetB	KitB
DatasetB_sample014	G145	0.398361	DatasetB	KitB
DatasetB_sample014	G146	0.31767	DatasetB	KitB
DatasetB_sample014	G147	0.367975	DatasetB	KitB
DatasetB_sample014	G148	0.448918	DatasetB	KitB
DatasetB_sample014	G150	0.55213	DatasetB	KitB
DatasetB_sample014	G153	0.163475	DatasetB	KitB
DatasetB_sample014	G155	0.332903	DatasetB	KitB
DatasetB_sample014	G160	0.201567	DatasetB	KitB
DatasetB_sample014	G161	0.640856	DatasetB	KitB
DatasetB_sample014	G162	0.587652	DatasetB	KitB
DatasetB_sample014	G163	0.651969	DatasetB	KitB
DatasetB_sample014	G165	0.10615	DatasetB	KitB
DatasetB_sample014	G166	0.384109	DatasetB	KitB
DatasetB_sample014	G167	0.613585	DatasetB	KitB
DatasetB_sample014	G168	0.277123	DatasetB	KitB
DatasetB_sample014	G170	0.304619	DatasetB	KitB
DatasetB_sample014	G174	0.24056	DatasetB	KitB
DatasetB_sample014	G179	0.426699	DatasetB	KitB
DatasetB_sample014	G183	0.401983	DatasetB	KitB
DatasetB_sample014	G185	0.279522	DatasetB	KitB
DatasetB_sample014	G188	0.127366	DatasetB	KitB
DatasetB_sample014	G190	0.273775	DatasetB	KitB
DatasetB_sample014	G195	0.309675	DatasetB	KitB
DatasetB_sample015	G001	0.794577	DatasetB	KitB
DatasetB_sample015	G002	0.468972	DatasetB	KitB
DatasetB_sample015	G003	0.882287	DatasetB	KitB
DatasetB_sample015	G004	0.567067	DatasetB	KitB
DatasetB_sample015	G005	0.791487	DatasetB	KitB
DatasetB_sample015	G006	0.842284	DatasetB	KitB
DatasetB_sample015	G007	0.263429	DatasetB	KitB
DatasetB_sample015	G008	0.835598	DatasetB	KitB
DatasetB_sample015	G009	0.492515	DatasetB	KitB
DatasetB_sample015	G010	0.93295	DatasetB	KitB
DatasetB_sample015	G011	0.602155	DatasetB	KitB
DatasetB_sample015	G012	0.989129	DatasetB	KitB
DatasetB_sample015	G013	0.622391	DatasetB	KitB
DatasetB_sample015	G014	0.373028	DatasetB	KitB
DatasetB_sample015	G015	0.568889	DatasetB	KitB
DatasetB_sample015	G016	0.668282	DatasetB	KitB
DatasetB_sample015	G017	0.939375	DatasetB	KitB
DatasetB_sample015	G018	0.575589	DatasetB	KitB
DatasetB_sample015	G019	0.878936	DatasetB	KitB
DatasetB_sample015	G020	0.874413	DatasetB	KitB
DatasetB_sample015	G021	0.712678	DatasetB	KitB
DatasetB_sample015	G022	0.767791	DatasetB	KitB
DatasetB_sample015	G023	0.572814	DatasetB	KitB
DatasetB_sample015	G024	0.703983	DatasetB	KitB
DatasetB_sample015	G025	0.851563	DatasetB	KitB
DatasetB_sample015	G026	0.671095	DatasetB	KitB
DatasetB_sample015	G027	0.877735	DatasetB	KitB
DatasetB_sample015	G028	0.840766	DatasetB	KitB
DatasetB_sample015	G029	0.878801	DatasetB	KitB
DatasetB_sample015	G030	0.76308	DatasetB	KitB
DatasetB_sample015	G031	0.896795	DatasetB	KitB
DatasetB_sample015	G032	0.685992	DatasetB	KitB
DatasetB_sample015	G033	0.911753	DatasetB	KitB
DatasetB_sample015	G034	0.559411	DatasetB	KitB
DatasetB_sample015	G035	0.815646	DatasetB	KitB
DatasetB_sample015	G036	0.460867	DatasetB	KitB
DatasetB_sample015	G037	0.861811	DatasetB	KitB
DatasetB_sample015	G038	0.889196	DatasetB	KitB
DatasetB_sample015	G039	0.955392	DatasetB	KitB
DatasetB_sample015	G040	0.785711	DatasetB	KitB
DatasetB_sample015	G041	0.659483	DatasetB	KitB
DatasetB_sample015	G042	0.828834	DatasetB	KitB
DatasetB_sample015	G043	0.531236	DatasetB	KitB
DatasetB_sample015	G044	0.648517	DatasetB	KitB
DatasetB_sample015	G045	0.715713	DatasetB	KitB
DatasetB_sample015	G046	0.265211	DatasetB	KitB
DatasetB_sample015	G047	0.880047	DatasetB	KitB
DatasetB_sample015	G048	0.741811	DatasetB	KitB
DatasetB_sample015	G049	0.635265	DatasetB	KitB
DatasetB_sample015	G050	0.701078	DatasetB	KitB
DatasetB_sample015	G051	0.305702	DatasetB	KitB
DatasetB_sample015	G052	0.456802	DatasetB	KitB
DatasetB_sample015	G053	0.403777	DatasetB	KitB
DatasetB_sample015	G054	0.306242	DatasetB	KitB
DatasetB_sample015	G055	0.586126	DatasetB	KitB
DatasetB_sample015	G056	0.650492	DatasetB	KitB
DatasetB_sample015	G057	0.400089	DatasetB	KitB
DatasetB_sample015	G058	0.702408	DatasetB	KitB
DatasetB_sample015	G059	0.702696	DatasetB	KitB
DatasetB_sample015	G060	0.508877	DatasetB	KitB
DatasetB_sample015	G061	0.809387	DatasetB	KitB
DatasetB_sample015	G062	0.106058	DatasetB	KitB
DatasetB_sample015	G063	0.347545	DatasetB	KitB
DatasetB_sample015	G064	0.638937	DatasetB	KitB
DatasetB_sample015	G065	0.136297	DatasetB	KitB
DatasetB_sample015	G066	0.814693	DatasetB	KitB
DatasetB_sample015	G067	0.730734	DatasetB	KitB
DatasetB_sample015	G068	0.5745	DatasetB	KitB
DatasetB_sample015	G069	0.359064	DatasetB	KitB
DatasetB_sample015	G070	0.480981	DatasetB	KitB
DatasetB_sample015	G071	0.311527	DatasetB	KitB
DatasetB_sample015	G072	0.57743	DatasetB	KitB
DatasetB_sample015	G073	0.527935	DatasetB	KitB
DatasetB_sample015	G074	0.544988	DatasetB	KitB
DatasetB_sample015	G075	0.38575	DatasetB	KitB
DatasetB_sample015	G077	0.275226	DatasetB	KitB
DatasetB_sample015	G078	0.73587	DatasetB	KitB
DatasetB_sample015	G079	0.20541	DatasetB	KitB
DatasetB_sample015	G080	0.359232	DatasetB	KitB
DatasetB_sample015	G111	0.59845	DatasetB	KitB
DatasetB_sample015	G112	0.835083	DatasetB	KitB
DatasetB_sample015	G113	0.550707	DatasetB	KitB
DatasetB_sample015	G114	0.327388	DatasetB	KitB
DatasetB_sample015	G115	0.472647	DatasetB	KitB
DatasetB_sample015	G116	0.213873	DatasetB	KitB
DatasetB_sample015	G117	0.485578	DatasetB	KitB
DatasetB_sample015	G118	0.729466	DatasetB	KitB
DatasetB_sample015	G119	0.712556	DatasetB	KitB
DatasetB_sample015	G120	0.844643	DatasetB	KitB
DatasetB_sample015	G121	0.802725	DatasetB	KitB
DatasetB_sample015	G122	0.698568	DatasetB	KitB
DatasetB_sample015	G123	0.792856	DatasetB	KitB
DatasetB_sample015	G124	0.357238	DatasetB	KitB
DatasetB_sample015	G125	0.299885	DatasetB	KitB
DatasetB_sample015	G126	0.481222	DatasetB	KitB
DatasetB_sample015	G127	0.467616	DatasetB	KitB
DatasetB_sample015	G128	0.648822	DatasetB	KitB
DatasetB_sample015	G129	0.833318	DatasetB	KitB
DatasetB_sample015	G130	0.635497	DatasetB	KitB
DatasetB_sample015	G131	0.665673	DatasetB	KitB
DatasetB_sample015	G132	0.848954	DatasetB	KitB
DatasetB_sample015	G133	0.362551	DatasetB	KitB
DatasetB_sample015	G134	0.465709	DatasetB	KitB
DatasetB_sample015	G135	0.646149	DatasetB	KitB
DatasetB_sample015	G136	0.236399	DatasetB	KitB
DatasetB_sample015	G137	0.57831	DatasetB	KitB
DatasetB_sample015	G138	0.564699	DatasetB	KitB
DatasetB_sample015	G139	0.409917	DatasetB	KitB
DatasetB_sample015	G140	0.771177	DatasetB	KitB
DatasetB_sample015	G141	0.394271	DatasetB	KitB
DatasetB_sample015	G143	0.203946	DatasetB	KitB
DatasetB_sample015	G144	0.309096	DatasetB	KitB
DatasetB_sample015	G146	0.467202	DatasetB	KitB
DatasetB_sample015	G147	0.781103	DatasetB	KitB
DatasetB_sample015	G149	0.567388	DatasetB	KitB
DatasetB_sample015	G152	0.512959	DatasetB	KitB
DatasetB_sample015	G153	0.744078	DatasetB	KitB
DatasetB_sample015	G155	0.237839	DatasetB	KitB
DatasetB_sample015	G157	0.569093	DatasetB	KitB
DatasetB_sample015	G158	0.314311	DatasetB	KitB
DatasetB_sample015	G159	0.443905	DatasetB	KitB
DatasetB_sample015	G160	0.423675	DatasetB	KitB
DatasetB_sample015	G165	0.395714	DatasetB	KitB
DatasetB_sample015	G166	0.596779	DatasetB	KitB
DatasetB_sample015	G168	0.713609	DatasetB	KitB
DatasetB_sample015	G169	0.509506	DatasetB	KitB
DatasetB_sample015	G170	0.15312	DatasetB	KitB
DatasetB_sample015	G174	0.634691	DatasetB	KitB
DatasetB_sample015	G177	0.243905	DatasetB	KitB
DatasetB_sample015	G178	0.162426	DatasetB	KitB
DatasetB_sample015	G184	0.364451	DatasetB	KitB
DatasetB_sample015	G186	0.38729	DatasetB	KitB
DatasetB_sample015	G187	0.193473	DatasetB	KitB
DatasetB_sample015	G188	0.486569	DatasetB	KitB
DatasetB_sample015	G199	0.317328	DatasetB	KitB
DatasetB_sample016	G001	0.601357	DatasetB	KitB
DatasetB_sample016	G002	0.672257	DatasetB	KitB
DatasetB_sample016	G003	0.716897	DatasetB	KitB
DatasetB_sample016	G004	0.921729	DatasetB	KitB
DatasetB_sample016	G005	0.728858	DatasetB	KitB
DatasetB_sample016	G006	0.59632	DatasetB	KitB
DatasetB_sample016	G007	0.723419	DatasetB	KitB
DatasetB_sample016	G008	0.772211	DatasetB	KitB
DatasetB_sample016	G009	0.695917	DatasetB	KitB
DatasetB_sample016	G010	0.786457	DatasetB	KitB
DatasetB_sample016	G011	0.916656	DatasetB	KitB
DatasetB_sample016	G012	0.561962	DatasetB	KitB
DatasetB_sample016	G013	0.895775	DatasetB	KitB
DatasetB_sample016	G014	0.453176	DatasetB	KitB
DatasetB_sample016	G015	0.849917	DatasetB	KitB
DatasetB_sample016	G016	0.704463	DatasetB	KitB
DatasetB_sample016	G017	0.808502	DatasetB	KitB
DatasetB_sample016	G018	0.567018	DatasetB	KitB
DatasetB_sample016	G019	0.761794	DatasetB	KitB
DatasetB_sample016	G020	0.763709	DatasetB	KitB
DatasetB_sample016	G021	0.387152	DatasetB	KitB
DatasetB_sample016	G022	0.970657	DatasetB	KitB
DatasetB_sample016	G023	0.811584	DatasetB	KitB
DatasetB_sample016	G024	0.842977	DatasetB	KitB
DatasetB_sample016	G025	0.758106	DatasetB	KitB
DatasetB_sample016	G026	0.604218	DatasetB	KitB
DatasetB_sample016	G027	0.568848	DatasetB	KitB
DatasetB_sample016	G028	0.803376	DatasetB	KitB
DatasetB_sample016	G029	0.808768	DatasetB	KitB
DatasetB_sample016	G030	0.606588	DatasetB	KitB
DatasetB_sample016	G031	0.760968	DatasetB	KitB
DatasetB_sample016	G032	0.828837	DatasetB	KitB
DatasetB_sample016	G033	0.582641	DatasetB	KitB
DatasetB_sample016	G034	0.598002	DatasetB	KitB
DatasetB_sample016	G035	0.723732	DatasetB	KitB
DatasetB_sample016	G036	0.84339	DatasetB	KitB
DatasetB_sample016	G037	0.805504	DatasetB	KitB
DatasetB_sample016	G038	0.595095	DatasetB	KitB
DatasetB_sample016	G039	0.529693	DatasetB	KitB
DatasetB_sample016	G040	0.749469	DatasetB	KitB
DatasetB_sample016	G041	0.866796	DatasetB	KitB
DatasetB_sample016	G042	0.58547	DatasetB	KitB
DatasetB_sample016	G043	0.686608	DatasetB	KitB
DatasetB_sample016	G044	0.443538	DatasetB	KitB
DatasetB_sample016	G045	0.866169	DatasetB	KitB
DatasetB_sample016	G046	0.596174	DatasetB	KitB
DatasetB_sample016	G047	0.844896	DatasetB	KitB
DatasetB_sample016	G048	0.898007	DatasetB	KitB
DatasetB_sample016	G049	0.767519	DatasetB	KitB
DatasetB_sample016	G050	0.828887	DatasetB	KitB
DatasetB_sample016	G051	0.366079	DatasetB	KitB
DatasetB_sample016	G052	0.539869	DatasetB	KitB
DatasetB_sample016	G053	0.75083	DatasetB	KitB
DatasetB_sample016	G054	0.472223	DatasetB	KitB
DatasetB_sample016	G055	0.766442	DatasetB	KitB
DatasetB_sample016	G056	0.540525	DatasetB	KitB
DatasetB_sample016	G057	0.606493	DatasetB	KitB
DatasetB_sample016	G058	0.647543	DatasetB	KitB
DatasetB_sample016	G059	0.588885	DatasetB	KitB
DatasetB_sample016	G060	0.600653	DatasetB	KitB
DatasetB_sample016	G061	0.814648	DatasetB	KitB
DatasetB_sample016	G062	0.356563	DatasetB	KitB
DatasetB_sample016	G063	0.612714	DatasetB	KitB
DatasetB_sample016	G064	0.668614	DatasetB	KitB
DatasetB_sample016	G065	0.922941	DatasetB	KitB
DatasetB_sample016	G066	0.617775	DatasetB	KitB
DatasetB_sample016	G067	0.313289	DatasetB	KitB
DatasetB_sample016	G068	0.703583	DatasetB	KitB
DatasetB_sample016	G069	0.874674	DatasetB	KitB
DatasetB_sample016	G070	0.558425	DatasetB	KitB
DatasetB_sample016	G071	0.505398	DatasetB	KitB
DatasetB_sample016	G072	0.70883	DatasetB	KitB
DatasetB_sample016	G073	0.836881	DatasetB	KitB
DatasetB_sample016	G074	0.706468	DatasetB	KitB
DatasetB_sample016	G075	0.759591	DatasetB	KitB
DatasetB_sample016	G076	0.789267	DatasetB	KitB
DatasetB_sample016	G077	0.354348	DatasetB	KitB
DatasetB_sample016	G078	0.639733	DatasetB	KitB
DatasetB_sample016	G079	0.230802	DatasetB	KitB
DatasetB_sample016	G080	0.700004	DatasetB	KitB
DatasetB_sample016	G111	0.493955	DatasetB	KitB
DatasetB_sample016	G112	0.68257	DatasetB	KitB
DatasetB_sample016	G113	0.545817	DatasetB	KitB
DatasetB_sample016	G114	0.68891	DatasetB	KitB
DatasetB_sample016	G115	0.846905	DatasetB	KitB
DatasetB_sample016	G116	0.575728	DatasetB	KitB
DatasetB_sample016	G117	0.446922	DatasetB	KitB
DatasetB_sample016	G118	0.690106	DatasetB	KitB
DatasetB_sample016	G119	0.852994	DatasetB	KitB
DatasetB_sample016	G120	0.591363	DatasetB	KitB
DatasetB_sample016	G121	0.808594	DatasetB	KitB
DatasetB_sample016	G122	0.476462	DatasetB	KitB
DatasetB_sample016	G123	0.707132	DatasetB	KitB
DatasetB_sample016	G124	0.807983	DatasetB	KitB
DatasetB_sample016	G125	0.484654	DatasetB	KitB
DatasetB_sample016	G126	0.680718	DatasetB	KitB
DatasetB_sample016	G127	0.430068	DatasetB	KitB
DatasetB_sample016	G128	0.346116	DatasetB	KitB
DatasetB_sample016	G129	0.445927	DatasetB	KitB
DatasetB_sample016	G130	0.579858	DatasetB	KitB
DatasetB_sample016	G131	0.852811	DatasetB	KitB
DatasetB_sample016	G132	0.902151	DatasetB	KitB
DatasetB_sample016	G133	0.595177	DatasetB	KitB
DatasetB_sample016	G134	0.457216	DatasetB	KitB
DatasetB_sample016	G135	0.188158	DatasetB	KitB
DatasetB_sample016	G136	0.57531	DatasetB	KitB
DatasetB_sample016	G137	0.517817	DatasetB	KitB
DatasetB_sample016	G138	0.410133	DatasetB	KitB
DatasetB_sample016	G139	0.641914	DatasetB	KitB
DatasetB_sample016	G140	0.589643	DatasetB	KitB
DatasetB_sample016	G141	0.294217	DatasetB	KitB
DatasetB_sample016	G143	0.53996	DatasetB	KitB
DatasetB_sample016	G145	0.544058	DatasetB	KitB
DatasetB_sample016	G146	0.267079	DatasetB	KitB
DatasetB_sample016	G147	0.372336	DatasetB	KitB
DatasetB_sample016	G148	0.420113	DatasetB	KitB
DatasetB_sample016	G150	0.290729	DatasetB	KitB
DatasetB_sample016	G152	0.393716	DatasetB	KitB
DatasetB_sample016	G153	0.2946	DatasetB	KitB
DatasetB_sample016	G154	0.203683	DatasetB	KitB
DatasetB_sample016	G156	0.413429	DatasetB	KitB
DatasetB_sample016	G157	0.680839	DatasetB	KitB
DatasetB_sample016	G158	0.532071	DatasetB	KitB
DatasetB_sample016	G161	0.221089	DatasetB	KitB
DatasetB_sample016	G162	0.598459	DatasetB	KitB
DatasetB_sample016	G165	0.244296	DatasetB	KitB
DatasetB_sample016	G169	0.365692	DatasetB	KitB
DatasetB_sample016	G170	0.677044	DatasetB	KitB
DatasetB_sample016	G172	0.294373	DatasetB	KitB
DatasetB_sample016	G173	0.266324	DatasetB	KitB
DatasetB_sample016	G174	0.300302	DatasetB	KitB
DatasetB_sample016	G178	0.173305	DatasetB	KitB
DatasetB_sample016	G181	0.036675	DatasetB	KitB
DatasetB_sample016	G189	0.410815	DatasetB	KitB
DatasetB_sample016	G192	0.570456	DatasetB	KitB
DatasetB_sample016	G197	0.076153	DatasetB	KitB
DatasetB_sample017	G001	0.93735	DatasetB	KitB
DatasetB_sample017	G002	0.479239	DatasetB	KitB
DatasetB_sample017	G003	0.70176	DatasetB	KitB
DatasetB_sample017	G004	0.787286	DatasetB	KitB
DatasetB_sample017	G005	0.73112	DatasetB	KitB
DatasetB_sample017	G006	0.727683	DatasetB	KitB
DatasetB_sample017	G007	0.68972	DatasetB	KitB
DatasetB_sample017	G008	0.790686	DatasetB	KitB
DatasetB_sample017	G009	0.524003	DatasetB	KitB
DatasetB_sample017	G010	0.530121	DatasetB	KitB
DatasetB_sample017	G011	0.66489	DatasetB	KitB
DatasetB_sample017	G012	0.945917	DatasetB	KitB
DatasetB_sample017	G013	0.894933	DatasetB	KitB
DatasetB_sample017	G014	0.890474	DatasetB	KitB
DatasetB_sample017	G015	0.948291	DatasetB	KitB
DatasetB_sample017	G016	0.723202	DatasetB	KitB
DatasetB_sample017	G017	0.718457	DatasetB	KitB
DatasetB_sample017	G018	0.92801	DatasetB	KitB
DatasetB_sample017	G019	0.765994	DatasetB	KitB
DatasetB_sample017	G020	0.696894	DatasetB	KitB
DatasetB_sample017	G021	0.707721	DatasetB	KitB
DatasetB_sample017	G022	0.85933	DatasetB	KitB
DatasetB_sample017	G023	0.691251	DatasetB	KitB
DatasetB_sample017	G024	0.844371	DatasetB	KitB
DatasetB_sample017	G025	0.633056	DatasetB	KitB
DatasetB_sample017	G026	0.603664	DatasetB	KitB
DatasetB_sample017	G027	0.740771	DatasetB	KitB
DatasetB_sample017	G028	0.791557	DatasetB	KitB
DatasetB_sample017	G029	0.793882	DatasetB	KitB
DatasetB_sample017	G030	0.441232	DatasetB	KitB
DatasetB_sample017	G031	0.620207	DatasetB	KitB
DatasetB_sample017	G032	0.465459	DatasetB	KitB
DatasetB_sample017	G033	0.76402	DatasetB	KitB
DatasetB_sample017	G034	0.550891	DatasetB	KitB
DatasetB_sample017	G035	0.933265	DatasetB	KitB
DatasetB_sample017	G036	0.670897	DatasetB	KitB
DatasetB_sample017	G037	0.712617	DatasetB	KitB
DatasetB_sample017	G038	0.94206	DatasetB	KitB
DatasetB_sample017	G039	0.951756	DatasetB	KitB
DatasetB_sample017	G040	0.607007	DatasetB	KitB
DatasetB_sample017	G041	0.827223	DatasetB	KitB
DatasetB_sample017	G042	0.7605	DatasetB	KitB
DatasetB_sample017	G043	0.571276	DatasetB	KitB
DatasetB_sample017	G044	0.667701	DatasetB	KitB
DatasetB_sample017	G045	0.794576	DatasetB	KitB
DatasetB_sample017	G046	0.60264	DatasetB	KitB
DatasetB_sample017	G047	0.639385	DatasetB	KitB
DatasetB_sample017	G048	0.769188	DatasetB	KitB
DatasetB_sample017	G049	0.885233	DatasetB	KitB
DatasetB_sample017	G050	0.908538	DatasetB	KitB
DatasetB_sample017	G051	0.130481	DatasetB	KitB
DatasetB_sample017	G052	0.646288	DatasetB	KitB
DatasetB_sample017	G053	0.5485	DatasetB	KitB
DatasetB_sample017	G054	0.516204	DatasetB	KitB
DatasetB_sample017	G055	0.546304	DatasetB	KitB
DatasetB_sample017	G056	0.354358	DatasetB	KitB
DatasetB_sample017	G057	0.269476	DatasetB	KitB
DatasetB_sample017	G058	0.38437	DatasetB	KitB
DatasetB_sample017	G059	0.846705	DatasetB	KitB
DatasetB_sample017	G060	0.494578	DatasetB	KitB
DatasetB_sample017	G061	0.775564	DatasetB	KitB
DatasetB_sample017	G062	0.575196	DatasetB	KitB
DatasetB_sample017	G063	0.495177	DatasetB	KitB
DatasetB_sample017	G064	0.74866	DatasetB	KitB
DatasetB_sample017	G065	0.629242	DatasetB	KitB
DatasetB_sample017	G066	0.371346	DatasetB	KitB
DatasetB_sample017	G067	0.371194	DatasetB	KitB
DatasetB_sample017	G068	0.575478	DatasetB	KitB
DatasetB_sample017	G069	0.424031	DatasetB	KitB
DatasetB_sample017	G070	0.59765	DatasetB	KitB
DatasetB_sample017	G071	0.468222	DatasetB	KitB
DatasetB_sample017	G072	0.559339	DatasetB	KitB
DatasetB_sample017	G073	0.726164	DatasetB	KitB
DatasetB_sample017	G074	0.458407	DatasetB	KitB
DatasetB_sample017	G075	0.578726	DatasetB	KitB
DatasetB_sample017	G076	0.558112	DatasetB	KitB
DatasetB_sample017	G077	0.430707	DatasetB	KitB
DatasetB_sample017	G078	0.343443	DatasetB	KitB
DatasetB_sample017	G079	0.506901	DatasetB	KitB
DatasetB_sample017	G080	0.674935	DatasetB	KitB
DatasetB_sample017	G111	0.754177	DatasetB	KitB
DatasetB_sample017	G112	0.276356	DatasetB	KitB
DatasetB_sample017	G113	0.540314	DatasetB	KitB
DatasetB_sample017	G114	0.729933	DatasetB	KitB
DatasetB_sample017	G115	0.68764	DatasetB	KitB
DatasetB_sample017	G116	0.826281	DatasetB	KitB
DatasetB_sample017	G117	0.776155	DatasetB	KitB
DatasetB_sample017	G118	0.372838	DatasetB	KitB
DatasetB_sample017	G119	0.136067	DatasetB	KitB
DatasetB_sample017	G120	0.607021	DatasetB	KitB
DatasetB_sample017	G121	0.768412	DatasetB	KitB
DatasetB_sample017	G122	0.624806	DatasetB	KitB
DatasetB_sample017	G123	0.762964	DatasetB	KitB
DatasetB_sample017	G124	0.733384	DatasetB	KitB
DatasetB_sample017	G125	0.254148	DatasetB	KitB
DatasetB_sample017	G126	0.647677	DatasetB	KitB
DatasetB_sample017	G127	0.752295	DatasetB	KitB
DatasetB_sample017	G128	0.537566	DatasetB	KitB
DatasetB_sample017	G129	0.81648	DatasetB	KitB
DatasetB_sample017	G130	0.777086	DatasetB	KitB
DatasetB_sample017	G131	0.535436	DatasetB	KitB
DatasetB_sample017	G132	0.293975	DatasetB	KitB
DatasetB_sample017	G133	0.572419	DatasetB	KitB
DatasetB_sample017	G134	0.306776	DatasetB	KitB
DatasetB_sample017	G135	0.474727	DatasetB	KitB
DatasetB_sample017	G136	0.30524	DatasetB	KitB
DatasetB_sample017	G137	0.380802	DatasetB	KitB
DatasetB_sample017	G138	0.659653	DatasetB	KitB
DatasetB_sample017	G139	0.82998	DatasetB	KitB
DatasetB_sample017	G140	0.774435	DatasetB	KitB
DatasetB_sample017	G141	0.4184	DatasetB	KitB
DatasetB_sample017	G144	0.365601	DatasetB	KitB
DatasetB_sample017	G145	0.182511	DatasetB	KitB
DatasetB_sample017	G146	0.344124	DatasetB	KitB
DatasetB_sample017	G147	0.404605	DatasetB	KitB
DatasetB_sample017	G148	0.189904	DatasetB	KitB
DatasetB_sample017	G150	0.136596	DatasetB	KitB
DatasetB_sample017	G151	0.2275	DatasetB	KitB
DatasetB_sample017	G152	0.215195	DatasetB	KitB
DatasetB_sample017	G154	0.786607	DatasetB	KitB
DatasetB_sample017	G155	0.496742	DatasetB	KitB
DatasetB_sample017	G156	0.314824	DatasetB	KitB
DatasetB_sample017	G157	0.481548	DatasetB	KitB
DatasetB_sample017	G159	0.48055	DatasetB	KitB
DatasetB_sample017	G161	0.697146	DatasetB	KitB
DatasetB_sample017	G162	0.749718	DatasetB	KitB
DatasetB_sample017	G165	0.471037	DatasetB	KitB
DatasetB_sample017	G167	0.338112	DatasetB	KitB
DatasetB_sample017	G169	0.257957	DatasetB	KitB
DatasetB_sample017	G170	0.368078	DatasetB	KitB
DatasetB_sample017	G171	0.336826	DatasetB	KitB
DatasetB_sample017	G174	0.625233	DatasetB	KitB
DatasetB_sample017	G183	0.207128	DatasetB	KitB
DatasetB_sample017	G185	0.240507	DatasetB	KitB
DatasetB_sample017	G190	0.162359	DatasetB	KitB
DatasetB_sample017	G194	0.148975	DatasetB	KitB
DatasetB_sample018	G001	0.683137	DatasetB	KitB
DatasetB_sample018	G002	0.691322	DatasetB	KitB
DatasetB_sample018	G003	0.541163	DatasetB	KitB
DatasetB_sample018	G004	0.785399	DatasetB	KitB
DatasetB_sample018	G005	0.694505	DatasetB	KitB
DatasetB_sample018	G006	0.72557	DatasetB	KitB
DatasetB_sample018	G007	0.898845	DatasetB	KitB
DatasetB_sample018	G008	0.808529	DatasetB	KitB
DatasetB_sample018	G009	0.588483	DatasetB	KitB
DatasetB_sample018	G010	0.553341	DatasetB	KitB
DatasetB_sample018	G011	0.711234	DatasetB	KitB
DatasetB_sample018	G012	0.892546	DatasetB	KitB
DatasetB_sample018	G013	0.574776	DatasetB	KitB
DatasetB_sample018	G014	0.958943	DatasetB	KitB
DatasetB_sample018	G015	0.745007	DatasetB	KitB
DatasetB_sample018	G016	0.416871	DatasetB	KitB
DatasetB_sample018	G017	0.790956	DatasetB	KitB
DatasetB_sample018	G018	0.606337	DatasetB	KitB
DatasetB_sample018	G019	0.937552	DatasetB	KitB
DatasetB_sample018	G020	0.526464	DatasetB	KitB
DatasetB_sample018	G021	0.883938	DatasetB	KitB
DatasetB_sample018	G022	0.631763	DatasetB	KitB
DatasetB_sample018	G023	0.645145	DatasetB	KitB
DatasetB_sample018	G024	0.812207	DatasetB	KitB
DatasetB_sample018	G025	0.89772	DatasetB	KitB
DatasetB_sample018	G026	0.808651	DatasetB	KitB
DatasetB_sample018	G027	0.614286	DatasetB	KitB
DatasetB_sample018	G028	0.481935	DatasetB	KitB
DatasetB_sample018	G029	0.91115	DatasetB	KitB
DatasetB_sample018	G030	0.939826	DatasetB	KitB
DatasetB_sample018	G031	0.956572	DatasetB	KitB
DatasetB_sample018	G032	0.833715	DatasetB	KitB
DatasetB_sample018	G033	0.723684	DatasetB	KitB
DatasetB_sample018	G034	0.760247	DatasetB	KitB
DatasetB_sample018	G035	0.524198	DatasetB	KitB
DatasetB_sample018	G036	0.749736	DatasetB	KitB
DatasetB_sample018	G037	0.750449	DatasetB	KitB
DatasetB_sample018	G038	0.599598	DatasetB	KitB
DatasetB_sample018	G039	0.886417	DatasetB	KitB
DatasetB_sample018	G040	0.811668	DatasetB	KitB
DatasetB_sample018	G041	0.73447	DatasetB	KitB
DatasetB_sample018	G042	0.823269	DatasetB	KitB
DatasetB_sample018	G043	0.692995	DatasetB	KitB
DatasetB_sample018	G044	0.823696	DatasetB	KitB
DatasetB_sample018	G045	0.854198	DatasetB	KitB
DatasetB_sample018	G046	0.866953	DatasetB	KitB
DatasetB_sample018	G047	0.677993	DatasetB	KitB
DatasetB_sample018	G048	0.808395	DatasetB	KitB
DatasetB_sample018	G049	0.734956	DatasetB	KitB
DatasetB_sample018	G050	0.839207	DatasetB	KitB
DatasetB_sample018	G051	0.745775	DatasetB	KitB
DatasetB_sample018	G052	0.479149	DatasetB	KitB
DatasetB_sample018	G053	0.41859	DatasetB	KitB
DatasetB_sample018	G055	0.467654	DatasetB	KitB
DatasetB_sample018	G056	0.76068	DatasetB	KitB
DatasetB_sample018	G057	0.607752	DatasetB	KitB
DatasetB_sample018	G058	0.323326	DatasetB	KitB
DatasetB_sample018	G059	0.348295	DatasetB	KitB
DatasetB_sample018	G060	0.633069	DatasetB	KitB
DatasetB_sample018	G061	0.703587	DatasetB	KitB
DatasetB_sample018	G062	0.443463	DatasetB	KitB
DatasetB_sample018	G063	0.609485	DatasetB	KitB
DatasetB_sample018	G064	0.798903	DatasetB	KitB
DatasetB_sample018	G065	0.670322	DatasetB	KitB
DatasetB_sample018	G066	0.367653	DatasetB	KitB
DatasetB_sample018	G067	0.577679	DatasetB	KitB
DatasetB_sample018	G068	0.650731	DatasetB	KitB
DatasetB_sample018	G069	0.381391	DatasetB	KitB
DatasetB_sample018	G070	0.528593	DatasetB	KitB
DatasetB_sample018	G071	0.552879	DatasetB	KitB
DatasetB_sample018	G072	0.15285	DatasetB	KitB
DatasetB_sample018	G073	0.447503	DatasetB	KitB
DatasetB_sample018	G074	0.25705	DatasetB	KitB
DatasetB_sample018	G075	0.426404	DatasetB	KitB
DatasetB_sample018	G076	0.258525	DatasetB	KitB
DatasetB_sample018	G077	0.522732	DatasetB	KitB
DatasetB_sample018	G078	0.59778	DatasetB	KitB
DatasetB_sample018	G079	0.57403	DatasetB	KitB
DatasetB_sample018	G080	0.789836	DatasetB	KitB
DatasetB_sample018	G111	0.683305	DatasetB	KitB
DatasetB_sample018	G112	0.268495	DatasetB	KitB
DatasetB_sample018	G113	0.554476	DatasetB	KitB
DatasetB_sample018	G114	0.667778	DatasetB	KitB
DatasetB_sample018	G115	0.575829	DatasetB	KitB
DatasetB_sample018	G116	0.777969	DatasetB	KitB
DatasetB_sample018	G117	0.752083	DatasetB	KitB
DatasetB_sample018	G118	0.659077	DatasetB	KitB
DatasetB_sample018	G119	0.452096	DatasetB	KitB
DatasetB_sample018	G120	0.571392	DatasetB	KitB
DatasetB_sample018	G121	0.363765	DatasetB	KitB
DatasetB_sample018	G122	0.267725	DatasetB	KitB
DatasetB_sample018	G123	0.443785	DatasetB	KitB
DatasetB_sample018	G124	0.559317	DatasetB	KitB
DatasetB_sample018	G125	0.620547	DatasetB	KitB
DatasetB_sample018	G126	0.479111	DatasetB	KitB
DatasetB_sample018	G127	0.608766	DatasetB	KitB
DatasetB_sample018	G128	0.271415	DatasetB	KitB
DatasetB_sample018	G129	0.054674	DatasetB	KitB
DatasetB_sample018	G130	0.646625	DatasetB	KitB
DatasetB_sample018	G131	0.344401	DatasetB	KitB
DatasetB_sample018	G132	0.607861	DatasetB	KitB
DatasetB_sample018	G133	0.66588	DatasetB	KitB
DatasetB_sample018	G134	0.656558	DatasetB	KitB
DatasetB_sample018	G135	0.867595	DatasetB	KitB
DatasetB_sample018	G136	0.609877	DatasetB	KitB
DatasetB_sample018	G137	0.418483	DatasetB	KitB
DatasetB_sample018	G138	0.326401	DatasetB	KitB
DatasetB_sample018	G139	0.562754	DatasetB	KitB
DatasetB_sample018	G140	0.408995	DatasetB	KitB
DatasetB_sample018	G141	0.484227	DatasetB	KitB
DatasetB_sample018	G142	0.267965	DatasetB	KitB
DatasetB_sample018	G144	0.162953	DatasetB	KitB
DatasetB_sample018	G146	0.372555	DatasetB	KitB
DatasetB_sample018	G149	0.700341	DatasetB	KitB
DatasetB_sample018	G150	0.239175	DatasetB	KitB
DatasetB_sample018	G151	0.631269	DatasetB	KitB
DatasetB_sample018	G152	0.326434	DatasetB	KitB
DatasetB_sample018	G153	0.624906	DatasetB	KitB
DatasetB_sample018	G156	0.542613	DatasetB	KitB
DatasetB_sample018	G158	0.587361	DatasetB	KitB
DatasetB_sample018	G159	0.469766	DatasetB	KitB
DatasetB_sample018	G160	0.415462	DatasetB	KitB
DatasetB_sample018	G162	0.420989	DatasetB	KitB
DatasetB_sample018	G163	0.137555	DatasetB	KitB
DatasetB_sample018	G164	0.17268	DatasetB	KitB
DatasetB_sample018	G166	0.240291	DatasetB	KitB
DatasetB_sample018	G167	0.346616	DatasetB	KitB
DatasetB_sample018	G168	0.755366	DatasetB	KitB
DatasetB_sample018	G170	0.249496	DatasetB	KitB
DatasetB_sample018	G183	0.17824	DatasetB	KitB
DatasetB_sample018	G195	0.098431	DatasetB	KitB
DatasetB_sample018	G197	0.454247	DatasetB	KitB
DatasetB_sample018	G200	0.115899	DatasetB	KitB
DatasetB_sample019	G001	0.77798	DatasetB	KitB
DatasetB_sample019	G002	0.740498	DatasetB	KitB
DatasetB_sample019	G003	0.887624	DatasetB	KitB
DatasetB_sample019	G004	0.762996	DatasetB	KitB
DatasetB_sample019	G005	0.560251	DatasetB	KitB
DatasetB_sample019	G006	0.638827	DatasetB	KitB
DatasetB_sample019	G007	0.966146	DatasetB	KitB
DatasetB_sample019	G008	0.723195	DatasetB	KitB
DatasetB_sample019	G009	0.814591	DatasetB	KitB
DatasetB_sample019	G010	0.902333	DatasetB	KitB
DatasetB_sample019	G011	0.797561	DatasetB	KitB
DatasetB_sample019	G012	0.746776	DatasetB	KitB
DatasetB_sample019	G013	0.709888	DatasetB	KitB
DatasetB_sample019	G014	0.627876	DatasetB	KitB
DatasetB_sample019	G015	0.823027	DatasetB	KitB
DatasetB_sample019	G016	0.391011	DatasetB	KitB
DatasetB_sample019	G017	0.614785	DatasetB	KitB
DatasetB_sample019	G018	0.591098	DatasetB	KitB
DatasetB_sample019	G019	0.743263	DatasetB	KitB
DatasetB_sample019	G020	0.700346	DatasetB	KitB
DatasetB_sample019	G021	0.772065	DatasetB	KitB
DatasetB_sample019	G022	0.534338	DatasetB	KitB
DatasetB_sample019	G023	0.733356	DatasetB	KitB
DatasetB_sample019	G024	0.879436	DatasetB	KitB
DatasetB_sample019	G025	0.947756	DatasetB	KitB
DatasetB_sample019	G026	0.811607	DatasetB	KitB
DatasetB_sample019	G027	0.781313	DatasetB	KitB
DatasetB_sample019	G028	0.678492	DatasetB	KitB
DatasetB_sample019	G029	0.87134	DatasetB	KitB
DatasetB_sample019	G030	0.915188	DatasetB	KitB
DatasetB_sample019	G031	0.676936	DatasetB	KitB
DatasetB_sample019	G032	0.852921	DatasetB	KitB
DatasetB_sample019	G033	0.790394	DatasetB	KitB
DatasetB_sample019	G034	0.760934	DatasetB	KitB
DatasetB_sample019	G035	0.645269	DatasetB	KitB
DatasetB_sample019	G036	0.754716	DatasetB	KitB
DatasetB_sample019	G037	0.951433	DatasetB	KitB
DatasetB_sample019	G038	0.672191	DatasetB	KitB
DatasetB_sample019	G039	0.617192	DatasetB	KitB
DatasetB_sample019	G040	0.613836	DatasetB	KitB
DatasetB_sample019	G041	0.743535	DatasetB	KitB
DatasetB_sample019	G042	0.890789	DatasetB	KitB
DatasetB_sample019	G043	0.886434	DatasetB	KitB
DatasetB_sample019	G044	0.865513	DatasetB	KitB
DatasetB_sample019	G045	0.469967	DatasetB	KitB
DatasetB_sample019	G046	0.682603	DatasetB	KitB
DatasetB_sample019	G047	0.889764	DatasetB	KitB
DatasetB_sample019	G048	0.678345	DatasetB	KitB
DatasetB_sample019	G049	0.79576	DatasetB	KitB
DatasetB_sample019	G050	0.76986	DatasetB	KitB
DatasetB_sample019	G051	0.636767	DatasetB	KitB
DatasetB_sample019	G052	0.728302	DatasetB	KitB
DatasetB_sample019	G053	0.485451	DatasetB	KitB
DatasetB_sample019	G054	0.841462	DatasetB	KitB
DatasetB_sample019	G055	0.504299	DatasetB	KitB
DatasetB_sample019	G056	0.589682	DatasetB	KitB
DatasetB_sample019	G057	0.523529	DatasetB	KitB
DatasetB_sample019	G058	0.529154	DatasetB	KitB
DatasetB_sample019	G059	0.628394	DatasetB	KitB
DatasetB_sample019	G060	0.776607	DatasetB	KitB
DatasetB_sample019	G062	0.480765	DatasetB	KitB
DatasetB_sample019	G063	0.460153	DatasetB	KitB
DatasetB_sample019	G064	0.166912	DatasetB	KitB
DatasetB_sample019	G065	0.818801	DatasetB	KitB
DatasetB_sample019	G066	0.600922	DatasetB	KitB
DatasetB_sample019	G067	0.577195	DatasetB	KitB
DatasetB_sample019	G068	0.638721	DatasetB	KitB
DatasetB_sample019	G069	0.46529	DatasetB	KitB
DatasetB_sample019	G070	0.450654	DatasetB	KitB
DatasetB_sample019	G071	0.694429	DatasetB	KitB
DatasetB_sample019	G072	0.287358	DatasetB	KitB
DatasetB_sample019	G073	0.338926	DatasetB	KitB
DatasetB_sample019	G074	0.43619	DatasetB	KitB
DatasetB_sample019	G075	0.597015	DatasetB	KitB
DatasetB_sample019	G076	0.543144	DatasetB	KitB
DatasetB_sample019	G077	0.121205	DatasetB	KitB
DatasetB_sample019	G078	0.6467	DatasetB	KitB
DatasetB_sample019	G079	0.502943	DatasetB	KitB
DatasetB_sample019	G080	0.354001	DatasetB	KitB
DatasetB_sample019	G111	0.573258	DatasetB	KitB
DatasetB_sample019	G112	0.186802	DatasetB	KitB
DatasetB_sample019	G113	0.713296	DatasetB	KitB
DatasetB_sample019	G114	0.424239	DatasetB	KitB
DatasetB_sample019	G115	0.095227	DatasetB	KitB
DatasetB_sample019	G116	0.577672	DatasetB	KitB
DatasetB_sample019	G117	0.659536	DatasetB	KitB
DatasetB_sample019	G118	0.612111	DatasetB	KitB
DatasetB_sample019	G119	0.465294	DatasetB	KitB
DatasetB_sample019	G120	0.462479	DatasetB	KitB
DatasetB_sample019	G121	0.615228	DatasetB	KitB
DatasetB_sample019	G122	0.739672	DatasetB	KitB
DatasetB_sample019	G123	0.340685	DatasetB	KitB
DatasetB_sample019	G124	0.284609	DatasetB	KitB
DatasetB_sample019	G125	0.285552	DatasetB	KitB
DatasetB_sample019	G126	0.272239	DatasetB	KitB
DatasetB_sample019	G127	0.574442	DatasetB	KitB
DatasetB_sample019	G128	0.700078	DatasetB	KitB
DatasetB_sample019	G129	0.520549	DatasetB	KitB
DatasetB_sample019	G130	0.752455	DatasetB	KitB
DatasetB_sample019	G131	0.616343	DatasetB	KitB
DatasetB_sample019	G132	0.628235	DatasetB	KitB
DatasetB_sample019	G133	0.670312	DatasetB	KitB
DatasetB_sample019	G134	0.706561	DatasetB	KitB
DatasetB_sample019	G135	0.445266	DatasetB	KitB
DatasetB_sample019	G136	0.483487	DatasetB	KitB
DatasetB_sample019	G137	0.836259	DatasetB	KitB
DatasetB_sample019	G138	0.250499	DatasetB	KitB
DatasetB_sample019	G139	0.598721	DatasetB	KitB
DatasetB_sample019	G140	0.410961	DatasetB	KitB
DatasetB_sample019	G142	0.904384	DatasetB	KitB
DatasetB_sample019	G143	0.530933	DatasetB	KitB
DatasetB_sample019	G144	0.391276	DatasetB	KitB
DatasetB_sample019	G145	0.286408	DatasetB	KitB
DatasetB_sample019	G146	0.336522	DatasetB	KitB
DatasetB_sample019	G148	0.562462	DatasetB	KitB
DatasetB_sample019	G150	0.147903	DatasetB	KitB
DatasetB_sample019	G153	0.369192	DatasetB	KitB
DatasetB_sample019	G154	0.329444	DatasetB	KitB
DatasetB_sample019	G155	0.72284	DatasetB	KitB
DatasetB_sample019	G156	0.38999	DatasetB	KitB
DatasetB_sample019	G159	0.336041	DatasetB	KitB
DatasetB_sample019	G162	0.454766	DatasetB	KitB
DatasetB_sample019	G166	0.367326	DatasetB	KitB
DatasetB_sample019	G169	0.556302	DatasetB	KitB
DatasetB_sample019	G170	0.157622	DatasetB	KitB
DatasetB_sample019	G173	0.084408	DatasetB	KitB
DatasetB_sample019	G174	0.383495	DatasetB	KitB
DatasetB_sample019	G175	0.509786	DatasetB	KitB
DatasetB_sample019	G182	0.456509	DatasetB	KitB
DatasetB_sample019	G189	0.31542	DatasetB	KitB
DatasetB_sample019	G195	0.265339	DatasetB	KitB
DatasetB_sample019	G197	0.345809	DatasetB	KitB
DatasetB_sample019	G200	0.509779	DatasetB	KitB
DatasetB_sample020	G001	0.704647	DatasetB	KitB
DatasetB_sample020	G002	0.338725	DatasetB	KitB
DatasetB_sample020	G003	0.648006	DatasetB	KitB
DatasetB_sample020	G004	0.80234	DatasetB	KitB
DatasetB_sample020	G005	0.872341	DatasetB	KitB
DatasetB_sample020	G006	0.501263	DatasetB	KitB
DatasetB_sample020	G007	0.903722	DatasetB	KitB
DatasetB_sample020	G008	0.777573	DatasetB	KitB
DatasetB_sample020	G009	0.843554	DatasetB	KitB
DatasetB_sample020	G010	0.481462	DatasetB	KitB
DatasetB_sample020	G011	0.616537	DatasetB	KitB
DatasetB_sample020	G012	0.852832	DatasetB	KitB
DatasetB_sample020	G013	0.867298	DatasetB	KitB
DatasetB_sample020	G014	0.790432	DatasetB	KitB
DatasetB_sample020	G015	0.632659	DatasetB	KitB
DatasetB_sample020	G016	0.775731	DatasetB	KitB
DatasetB_sample020	G017	0.872412	DatasetB	KitB
DatasetB_sample020	G018	0.7072	DatasetB	KitB
DatasetB_sample020	G019	0.566556	DatasetB	KitB
DatasetB_sample020	G020	0.946194	DatasetB	KitB
DatasetB_sample020	G021	0.714659	DatasetB	KitB
DatasetB_sample020	G022	0.722391	DatasetB	KitB
DatasetB_sample020	G023	0.875383	DatasetB	KitB
DatasetB_sample020	G024	0.770429	DatasetB	KitB
DatasetB_sample020	G025	0.431143	DatasetB	KitB
DatasetB_sample020	G026	0.30916	DatasetB	KitB
DatasetB_sample020	G027	0.767975	DatasetB	KitB
DatasetB_sample020	G028	0.734714	DatasetB	KitB
DatasetB_sample020	G029	0.692963	DatasetB	KitB
DatasetB_sample020	G030	0.707368	DatasetB	KitB
DatasetB_sample020	G031	0.969898	DatasetB	KitB
DatasetB_sample020	G032	0.705265	DatasetB	KitB
DatasetB_sample020	G033	0.827417	DatasetB	KitB
DatasetB_sample020	G034	0.754871	DatasetB	KitB
DatasetB_sample020	G035	0.915082	DatasetB	KitB
DatasetB_sample020	G036	0.662998	DatasetB	KitB
DatasetB_sample020	G037	0.739796	DatasetB	KitB
DatasetB_sample020	G038	0.747023	DatasetB	KitB
DatasetB_sample020	G039	0.945993	DatasetB	KitB
DatasetB_sample020	G040	0.947996	DatasetB	KitB
DatasetB_sample020	G041	0.413656	DatasetB	KitB
DatasetB_sample020	G042	0.886051	DatasetB	KitB
DatasetB_sample020	G043	0.556514	DatasetB	KitB
DatasetB_sample020	G044	0.814145	DatasetB	KitB
DatasetB_sample020	G045	0.514239	DatasetB	KitB
DatasetB_sample020	G046	0.842682	DatasetB	KitB
DatasetB_sample020	G047	0.545943	DatasetB	KitB
DatasetB_sample020	G048	0.869406	DatasetB	KitB
DatasetB_sample020	G049	0.286316	DatasetB	KitB
DatasetB_sample020	G050	0.654287	DatasetB	KitB
DatasetB_sample020	G051	0.534968	DatasetB	KitB
DatasetB_sample020	G052	0.46466	DatasetB	KitB
DatasetB_sample020	G053	0.520041	DatasetB	KitB
DatasetB_sample020	G054	0.734146	DatasetB	KitB
DatasetB_sample020	G055	0.521649	DatasetB	KitB
DatasetB_sample020	G056	0.79259	DatasetB	KitB
DatasetB_sample020	G057	0.641497	DatasetB	KitB
DatasetB_sample020	G058	0.503599	DatasetB	KitB
DatasetB_sample020	G059	0.567621	DatasetB	KitB
DatasetB_sample020	G060	0.192013	DatasetB	KitB
DatasetB_sample020	G061	0.675695	DatasetB	KitB
DatasetB_sample020	G062	0.588714	DatasetB	KitB
DatasetB_sample020	G063	0.255116	DatasetB	KitB
DatasetB_sample020	G064	0.549361	DatasetB	KitB
DatasetB_sample020	G066	0.548122	DatasetB	KitB
DatasetB_sample020	G067	0.537436	DatasetB	KitB
DatasetB_sample020	G068	0.433673	DatasetB	KitB
DatasetB_sample020	G069	0.564679	DatasetB	KitB
DatasetB_sample020	G070	0.570822	DatasetB	KitB
DatasetB_sample020	G071	0.472214	DatasetB	KitB
DatasetB_sample020	G072	0.635839	DatasetB	KitB
DatasetB_sample020	G073	0.839975	DatasetB	KitB
DatasetB_sample020	G074	0.493107	DatasetB	KitB
DatasetB_sample020	G075	0.584056	DatasetB	KitB
DatasetB_sample020	G076	0.570782	DatasetB	KitB
DatasetB_sample020	G077	0.60833	DatasetB	KitB
DatasetB_sample020	G078	0.696889	DatasetB	KitB
DatasetB_sample020	G079	0.564942	DatasetB	KitB
DatasetB_sample020	G080	0.855158	DatasetB	KitB
DatasetB_sample020	G111	0.6834	DatasetB	KitB
DatasetB_sample020	G112	0.659987	DatasetB	KitB
DatasetB_sample020	G113	0.729906	DatasetB	KitB
DatasetB_sample020	G114	0.270402	DatasetB	KitB
DatasetB_sample020	G115	0.739676	DatasetB	KitB
DatasetB_sample020	G116	0.454842	DatasetB	KitB
DatasetB_sample020	G117	0.626328	DatasetB	KitB
DatasetB_sample020	G118	0.475244	DatasetB	KitB
DatasetB_sample020	G119	0.200104	DatasetB	KitB
DatasetB_sample020	G120	0.239241	DatasetB	KitB
DatasetB_sample020	G121	0.470125	DatasetB	KitB
DatasetB_sample020	G122	0.401456	DatasetB	KitB
DatasetB_sample020	G123	0.637647	DatasetB	KitB
DatasetB_sample020	G124	0.698766	DatasetB	KitB
DatasetB_sample020	G125	0.461679	DatasetB	KitB
DatasetB_sample020	G126	0.547643	DatasetB	KitB
DatasetB_sample020	G127	0.519637	DatasetB	KitB
DatasetB_sample020	G128	0.855887	DatasetB	KitB
DatasetB_sample020	G129	0.564089	DatasetB	KitB
DatasetB_sample020	G130	0.353591	DatasetB	KitB
DatasetB_sample020	G131	0.725948	DatasetB	KitB
DatasetB_sample020	G132	0.653047	DatasetB	KitB
DatasetB_sample020	G133	0.472975	DatasetB	KitB
DatasetB_sample020	G134	0.487931	DatasetB	KitB
DatasetB_sample020	G135	0.636656	DatasetB	KitB
DatasetB_sample020	G136	0.762293	DatasetB	KitB
DatasetB_sample020	G137	0.59031	DatasetB	KitB
DatasetB_sample020	G138	0.381565	DatasetB	KitB
DatasetB_sample020	G140	0.403019	DatasetB	KitB
DatasetB_sample020	G141	0.260781	DatasetB	KitB
DatasetB_sample020	G142	0.487813	DatasetB	KitB
DatasetB_sample020	G145	0.615668	DatasetB	KitB
DatasetB_sample020	G148	0.395499	DatasetB	KitB
DatasetB_sample020	G149	0.653639	DatasetB	KitB
DatasetB_sample020	G152	0.797471	DatasetB	KitB
DatasetB_sample020	G153	0.281653	DatasetB	KitB
DatasetB_sample020	G154	0.569829	DatasetB	KitB
DatasetB_sample020	G155	0.462102	DatasetB	KitB
DatasetB_sample020	G156	0.519766	DatasetB	KitB
DatasetB_sample020	G157	0.583551	DatasetB	KitB
DatasetB_sample020	G159	0.301211	DatasetB	KitB
DatasetB_sample020	G160	0.622445	DatasetB	KitB
DatasetB_sample020	G163	0.547949	DatasetB	KitB
DatasetB_sample020	G165	0.690305	DatasetB	KitB
DatasetB_sample020	G166	0.153935	DatasetB	KitB
DatasetB_sample020	G168	0.355681	DatasetB	KitB
DatasetB_sample020	G190	0.25634	DatasetB	KitB
DatasetB_sample020	G199	0.238872	DatasetB	KitB
DatasetB_sample020	G200	0.358286	DatasetB	KitB
DatasetB_sample021	G001	0.862902	DatasetB	KitB
DatasetB_sample021	G002	0.743045	DatasetB	KitB
DatasetB_sample021	G003	0.947812	DatasetB	KitB
DatasetB_sample021	G004	0.73745	DatasetB	KitB
DatasetB_sample021	G005	0.454733	DatasetB	KitB
DatasetB_sample021	G006	0.629483	DatasetB	KitB
DatasetB_sample021	G007	0.530166	DatasetB	KitB
DatasetB_sample021	G008	0.634113	DatasetB	KitB
DatasetB_sample021	G009	0.760478	DatasetB	KitB
DatasetB_sample021	G010	0.792086	DatasetB	KitB
DatasetB_sample021	G011	0.586737	DatasetB	KitB
DatasetB_sample021	G012	0.810714	DatasetB	KitB
DatasetB_sample021	G013	0.723765	DatasetB	KitB
DatasetB_sample021	G014	0.643063	DatasetB	KitB
DatasetB_sample021	G015	0.878902	DatasetB	KitB
DatasetB_sample021	G016	0.741304	DatasetB	KitB
DatasetB_sample021	G017	0.681174	DatasetB	KitB
DatasetB_sample021	G018	0.93665	DatasetB	KitB
DatasetB_sample021	G019	0.545574	DatasetB	KitB
DatasetB_sample021	G020	0.79053	DatasetB	KitB
DatasetB_sample021	G021	0.567066	DatasetB	KitB
DatasetB_sample021	G022	0.590996	DatasetB	KitB
DatasetB_sample021	G023	0.673094	DatasetB	KitB
DatasetB_sample021	G024	0.712946	DatasetB	KitB
DatasetB_sample021	G025	0.800572	DatasetB	KitB
DatasetB_sample021	G026	0.927271	DatasetB	KitB
DatasetB_sample021	G027	0.804157	DatasetB	KitB
DatasetB_sample021	G028	0.600018	DatasetB	KitB
DatasetB_sample021	G029	0.689127	DatasetB	KitB
DatasetB_sample021	G030	0.811017	DatasetB	KitB
DatasetB_sample021	G031	0.631962	DatasetB	KitB
DatasetB_sample021	G032	0.869026	DatasetB	KitB
DatasetB_sample021	G033	0.513876	DatasetB	KitB
DatasetB_sample021	G034	0.722203	DatasetB	KitB
DatasetB_sample021	G035	0.828193	DatasetB	KitB
DatasetB_sample021	G036	0.625716	DatasetB	KitB
DatasetB_sample021	G037	0.698847	DatasetB	KitB
DatasetB_sample021	G038	0.868481	DatasetB	KitB
DatasetB_sample021	G039	0.662931	DatasetB	KitB
DatasetB_sample021	G040	0.423148	DatasetB	KitB
DatasetB_sample021	G041	0.796462	DatasetB	KitB
DatasetB_sample021	G042	0.633183	DatasetB	KitB
DatasetB_sample021	G043	0.86478	DatasetB	KitB
DatasetB_sample021	G044	0.721615	DatasetB	KitB
DatasetB_sample021	G045	0.777539	DatasetB	KitB
DatasetB_sample021	G046	0.956699	DatasetB	KitB
DatasetB_sample021	G047	0.588926	DatasetB	KitB
DatasetB_sample021	G048	0.878468	DatasetB	KitB
DatasetB_sample021	G049	0.854601	DatasetB	KitB
DatasetB_sample021	G050	0.912004	DatasetB	KitB
DatasetB_sample021	G051	0.314095	DatasetB	KitB
DatasetB_sample021	G052	0.81025	DatasetB	KitB
DatasetB_sample021	G053	0.743606	DatasetB	KitB
DatasetB_sample021	G054	0.452094	DatasetB	KitB
DatasetB_sample021	G055	0.353319	DatasetB	KitB
DatasetB_sample021	G056	0.593578	DatasetB	KitB
DatasetB_sample021	G057	0.354366	DatasetB	KitB
DatasetB_sample021	G058	0.520998	DatasetB	KitB
DatasetB_sample021	G059	0.800917	DatasetB	KitB
DatasetB_sample021	G060	0.734404	DatasetB	KitB
DatasetB_sample021	G061	0.68048	DatasetB	KitB
DatasetB_sample021	G062	0.548506	DatasetB	KitB
DatasetB_sample021	G063	0.700049	DatasetB	KitB
DatasetB_sample021	G064	0.645953	DatasetB	KitB
DatasetB_sample021	G065	0.475854	DatasetB	KitB
DatasetB_sample021	G066	0.868913	DatasetB	KitB
DatasetB_sample021	G067	0.866396	DatasetB	KitB
DatasetB_sample021	G068	0.921734	DatasetB	KitB
DatasetB_sample021	G069	0.537766	DatasetB	KitB
DatasetB_sample021	G070	0.400482	DatasetB	KitB
DatasetB_sample021	G071	0.580712	DatasetB	KitB
DatasetB_sample021	G072	0.565709	DatasetB	KitB
DatasetB_sample021	G073	0.733348	DatasetB	KitB
DatasetB_sample021	G074	0.341838	DatasetB	KitB
DatasetB_sample021	G075	0.623611	DatasetB	KitB
DatasetB_sample021	G076	0.54802	DatasetB	KitB
DatasetB_sample021	G077	0.360666	DatasetB	KitB
DatasetB_sample021	G078	0.78445	DatasetB	KitB
DatasetB_sample021	G079	0.751901	DatasetB	KitB
DatasetB_sample021	G080	0.718888	DatasetB	KitB
DatasetB_sample021	G111	0.582186	DatasetB	KitB
DatasetB_sample021	G112	0.680294	DatasetB	KitB
DatasetB_sample021	G113	0.338579	DatasetB	KitB
DatasetB_sample021	G114	0.511609	DatasetB	KitB
DatasetB_sample021	G115	0.400521	DatasetB	KitB
DatasetB_sample021	G116	0.45697	DatasetB	KitB
DatasetB_sample021	G117	0.789454	DatasetB	KitB
DatasetB_sample021	G118	0.736334	DatasetB	KitB
DatasetB_sample021	G119	0.479737	DatasetB	KitB
DatasetB_sample021	G120	0.507734	DatasetB	KitB
DatasetB_sample021	G121	0.273234	DatasetB	KitB
DatasetB_sample021	G122	0.427269	DatasetB	KitB
DatasetB_sample021	G123	0.38902	DatasetB	KitB
DatasetB_sample021	G124	0.523967	DatasetB	KitB
DatasetB_sample021	G125	0.831411	DatasetB	KitB
DatasetB_sample021	G126	0.823759	DatasetB	KitB
DatasetB_sample021	G127	0.268649	DatasetB	KitB
DatasetB_sample021	G128	0.364929	DatasetB	KitB
DatasetB_sample021	G129	0.431573	DatasetB	KitB
DatasetB_sample021	G130	0.684223	DatasetB	KitB
DatasetB_sample021	G131	0.674901	DatasetB	KitB
DatasetB_sample021	G132	0.936236	DatasetB	KitB
DatasetB_sample021	G133	0.406718	DatasetB	KitB
DatasetB_sample021	G134	0.462396	DatasetB	KitB
DatasetB_sample021	G136	0.411227	DatasetB	KitB
DatasetB_sample021	G137	0.665012	DatasetB	KitB
DatasetB_sample021	G138	0.814381	DatasetB	KitB
DatasetB_sample021	G139	0.704444	DatasetB	KitB
DatasetB_sample021	G140	0.556222	DatasetB	KitB
DatasetB_sample021	G141	0.517332	DatasetB	KitB
DatasetB_sample021	G142	0.624724	DatasetB	KitB
DatasetB_sample021	G143	0.258934	DatasetB	KitB
DatasetB_sample021	G144	0.507041	DatasetB	KitB
DatasetB_sample021	G145	0.28573	DatasetB	KitB
DatasetB_sample021	G149	0.340778	DatasetB	KitB
DatasetB_sample021	G151	0.326659	DatasetB	KitB
DatasetB_sample021	G153	0.281943	DatasetB	KitB
DatasetB_sample021	G155	0.285418	DatasetB	KitB
DatasetB_sample021	G156	0.617901	DatasetB	KitB
DatasetB_sample021	G162	0.563551	DatasetB	KitB
DatasetB_sample021	G163	0.427517	DatasetB	KitB
DatasetB_sample021	G165	0.422299	DatasetB	KitB
DatasetB_sample021	G167	0.416377	DatasetB	KitB
DatasetB_sample021	G168	0.594196	DatasetB	KitB
DatasetB_sample021	G169	0.291275	DatasetB	KitB
DatasetB_sample021	G170	0.418781	DatasetB	KitB
DatasetB_sample021	G171	0.200189	DatasetB	KitB
DatasetB_sample021	G172	0.251102	DatasetB	KitB
DatasetB_sample021	G178	0.353391	DatasetB	KitB
DatasetB_sample021	G182	0.106058	DatasetB	KitB
DatasetB_sample021	G188	0.039498	DatasetB	KitB
DatasetB_sample021	G190	0.301294	DatasetB	KitB
DatasetB_sample021	G194	0.140252	DatasetB	KitB
DatasetB_sample022	G001	0.771445	DatasetB	KitB
DatasetB_sample022	G002	0.436026	DatasetB	KitB
DatasetB_sample022	G003	0.858046	DatasetB	KitB
DatasetB_sample022	G004	0.796218	DatasetB	KitB
DatasetB_sample022	G005	0.610233	DatasetB	KitB
DatasetB_sample022	G006	0.995128	DatasetB	KitB
DatasetB_sample022	G007	0.888838	DatasetB	KitB
DatasetB_sample022	G008	0.494812	DatasetB	KitB
DatasetB_sample022	G009	0.516566	DatasetB	KitB
DatasetB_sample022	G010	0.616921	DatasetB	KitB
DatasetB_sample022	G011	0.723794	DatasetB	KitB
DatasetB_sample022	G012	0.779701	DatasetB	KitB
DatasetB_sample022	G013	0.867902	DatasetB	KitB
DatasetB_sample022	G014	0.932294	DatasetB	KitB
DatasetB_sample022	G015	0.739031	DatasetB	KitB
DatasetB_sample022	G016	0.563313	DatasetB	KitB
DatasetB_sample022	G017	0.648176	DatasetB	KitB
DatasetB_sample022	G018	0.881558	DatasetB	KitB
DatasetB_sample022	G019	0.876803	DatasetB	KitB
DatasetB_sample022	G020	0.846088	DatasetB	KitB
DatasetB_sample022	G021	0.626824	DatasetB	KitB
DatasetB_sample022	G022	0.415704	DatasetB	KitB
DatasetB_sample022	G023	0.847712	DatasetB	KitB
DatasetB_sample022	G024	0.729181	DatasetB	KitB
DatasetB_sample022	G025	0.700534	DatasetB	KitB
DatasetB_sample022	G026	0.486838	DatasetB	KitB
DatasetB_sample022	G027	0.855772	DatasetB	KitB
DatasetB_sample022	G028	0.701295	DatasetB	KitB
DatasetB_sample022	G029	0.942072	DatasetB	KitB
DatasetB_sample022	G030	0.671516	DatasetB	KitB
DatasetB_sample022	G031	0.632156	DatasetB	KitB
DatasetB_sample022	G032	0.79355	DatasetB	KitB
DatasetB_sample022	G033	0.723071	DatasetB	KitB
DatasetB_sample022	G034	0.525928	DatasetB	KitB
DatasetB_sample022	G035	0.944236	DatasetB	KitB
DatasetB_sample022	G036	0.816238	DatasetB	KitB
DatasetB_sample022	G037	0.694292	DatasetB	KitB
DatasetB_sample022	G038	0.570583	DatasetB	KitB
DatasetB_sample022	G039	0.576869	DatasetB	KitB
DatasetB_sample022	G040	0.321875	DatasetB	KitB
DatasetB_sample022	G041	0.84625	DatasetB	KitB
DatasetB_sample022	G042	0.785039	DatasetB	KitB
DatasetB_sample022	G043	0.737944	DatasetB	KitB
DatasetB_sample022	G044	0.877142	DatasetB	KitB
DatasetB_sample022	G045	0.788552	DatasetB	KitB
DatasetB_sample022	G046	0.937022	DatasetB	KitB
DatasetB_sample022	G047	0.889698	DatasetB	KitB
DatasetB_sample022	G048	0.954224	DatasetB	KitB
DatasetB_sample022	G049	0.942877	DatasetB	KitB
DatasetB_sample022	G050	0.729612	DatasetB	KitB
DatasetB_sample022	G051	0.887355	DatasetB	KitB
DatasetB_sample022	G052	0.598491	DatasetB	KitB
DatasetB_sample022	G053	0.690337	DatasetB	KitB
DatasetB_sample022	G054	0.857419	DatasetB	KitB
DatasetB_sample022	G055	0.777364	DatasetB	KitB
DatasetB_sample022	G056	0.839677	DatasetB	KitB
DatasetB_sample022	G057	0.569428	DatasetB	KitB
DatasetB_sample022	G058	0.575831	DatasetB	KitB
DatasetB_sample022	G059	0.770466	DatasetB	KitB
DatasetB_sample022	G060	0.718509	DatasetB	KitB
DatasetB_sample022	G061	0.256804	DatasetB	KitB
DatasetB_sample022	G062	0.808132	DatasetB	KitB
DatasetB_sample022	G063	0.626006	DatasetB	KitB
DatasetB_sample022	G064	0.475479	DatasetB	KitB
DatasetB_sample022	G065	0.472243	DatasetB	KitB
DatasetB_sample022	G066	0.170783	DatasetB	KitB
DatasetB_sample022	G067	0.523583	DatasetB	KitB
DatasetB_sample022	G068	0.498531	DatasetB	KitB
DatasetB_sample022	G069	0.726286	DatasetB	KitB
DatasetB_sample022	G070	0.444008	DatasetB	KitB
DatasetB_sample022	G071	0.638935	DatasetB	KitB
DatasetB_sample022	G072	0.382405	DatasetB	KitB
DatasetB_sample022	G073	0.548618	DatasetB	KitB
DatasetB_sample022	G074	0.612404	DatasetB	KitB
DatasetB_sample022	G075	0.249301	DatasetB	KitB
DatasetB_sample022	G076	0.62463	DatasetB	KitB
DatasetB_sample022	G077	0.529953	DatasetB	KitB
DatasetB_sample022	G078	0.622428	DatasetB	KitB
DatasetB_sample022	G079	0.718805	DatasetB	KitB
DatasetB_sample022	G080	0.408819	DatasetB	KitB
DatasetB_sample022	G111	0.54673	DatasetB	KitB
DatasetB_sample022	G112	0.17319	DatasetB	KitB
DatasetB_sample022	G113	0.597031	DatasetB	KitB
DatasetB_sample022	G114	0.805898	DatasetB	KitB
DatasetB_sample022	G115	0.554518	DatasetB	KitB
DatasetB_sample022	G116	0.471152	DatasetB	KitB
DatasetB_sample022	G117	0.61697	DatasetB	KitB
DatasetB_sample022	G118	0.825529	DatasetB	KitB
DatasetB_sample022	G119	0.672425	DatasetB	KitB
DatasetB_sample022	G120	0.6035	DatasetB	KitB
DatasetB_sample022	G121	0.80843	DatasetB	KitB
DatasetB_sample022	G122	0.512099	DatasetB	KitB
DatasetB_sample022	G123	0.288378	DatasetB	KitB
DatasetB_sample022	G124	0.520209	DatasetB	KitB
DatasetB_sample022	G125	0.499581	DatasetB	KitB
DatasetB_sample022	G126	0.533754	DatasetB	KitB
DatasetB_sample022	G127	0.380676	DatasetB	KitB
DatasetB_sample022	G128	0.458952	DatasetB	KitB
DatasetB_sample022	G129	0.667826	DatasetB	KitB
DatasetB_sample022	G130	0.313805	DatasetB	KitB
DatasetB_sample022	G131	0.809453	DatasetB	KitB
DatasetB_sample022	G132	0.225132	DatasetB	KitB
DatasetB_sample022	G133	0.454683	DatasetB	KitB
DatasetB_sample022	G134	0.57706	DatasetB	KitB
DatasetB_sample022	G135	0.847279	DatasetB	KitB
DatasetB_sample022	G136	0.61729	DatasetB	KitB
DatasetB_sample022	G137	0.537352	DatasetB	KitB
DatasetB_sample022	G138	0.225795	DatasetB	KitB
DatasetB_sample022	G139	0.431852	DatasetB	KitB
DatasetB_sample022	G140	0.825693	DatasetB	KitB
DatasetB_sample022	G141	0.712121	DatasetB	KitB
DatasetB_sample022	G142	0.312892	DatasetB	KitB
DatasetB_sample022	G144	0.745807	DatasetB	KitB
DatasetB_sample022	G145	0.279917	DatasetB	KitB
DatasetB_sample022	G146	0.368411	DatasetB	KitB
DatasetB_sample022	G147	0.160891	DatasetB	KitB
DatasetB_sample022	G148	0.859743	DatasetB	KitB
DatasetB_sample022	G150	0.803068	DatasetB	KitB
DatasetB_sample022	G152	0.550856	DatasetB	KitB
DatasetB_sample022	G153	0.449686	DatasetB	KitB
DatasetB_sample022	G154	0.243266	DatasetB	KitB
DatasetB_sample022	G156	0.373506	DatasetB	KitB
DatasetB_sample022	G157	0.661358	DatasetB	KitB
DatasetB_sample022	G158	0.523715	DatasetB	KitB
DatasetB_sample022	G159	0.581536	DatasetB	KitB
DatasetB_sample022	G160	0.308323	DatasetB	KitB
DatasetB_sample022	G161	0.594695	DatasetB	KitB
DatasetB_sample022	G162	0.481399	DatasetB	KitB
DatasetB_sample022	G163	0.515404	DatasetB	KitB
DatasetB_sample022	G164	0.425229	DatasetB	KitB
DatasetB_sample022	G165	0.254909	DatasetB	KitB
DatasetB_sample022	G166	0.532746	DatasetB	KitB
DatasetB_sample022	G169	0.13628	DatasetB	KitB
DatasetB_sample022	G170	0.122196	DatasetB	KitB
DatasetB_sample022	G180	0.077642	DatasetB	KitB
DatasetB_sample022	G181	0.143327	DatasetB	KitB
DatasetB_sample022	G188	0.07714	DatasetB	KitB
DatasetB_sample022	G191	0.255373	DatasetB	KitB
DatasetB_sample022	G195	0.166291	DatasetB	KitB
DatasetB_sample022	G197	0.702113	DatasetB	KitB
DatasetB_sample023	G001	0.677212	DatasetB	KitB
DatasetB_sample023	G002	0.595688	DatasetB	KitB
DatasetB_sample023	G003	0.485156	DatasetB	KitB
DatasetB_sample023	G004	0.599165	DatasetB	KitB
DatasetB_sample023	G005	0.629928	DatasetB	KitB
DatasetB_sample023	G006	0.493918	DatasetB	KitB
DatasetB_sample023	G007	0.782438	DatasetB	KitB
DatasetB_sample023	G008	0.698648	DatasetB	KitB
DatasetB_sample023	G009	0.827177	DatasetB	KitB
DatasetB_sample023	G010	0.9457	DatasetB	KitB
DatasetB_sample023	G011	0.739348	DatasetB	KitB
DatasetB_sample023	G012	0.799565	DatasetB	KitB
DatasetB_sample023	G013	0.789838	DatasetB	KitB
DatasetB_sample023	G014	0.820274	DatasetB	KitB
DatasetB_sample023	G015	0.656523	DatasetB	KitB
DatasetB_sample023	G016	0.708259	DatasetB	KitB
DatasetB_sample023	G017	0.698021	DatasetB	KitB
DatasetB_sample023	G018	0.390386	DatasetB	KitB
DatasetB_sample023	G019	0.776288	DatasetB	KitB
DatasetB_sample023	G020	0.834903	DatasetB	KitB
DatasetB_sample023	G021	0.763539	DatasetB	KitB
DatasetB_sample023	G022	0.654686	DatasetB	KitB
DatasetB_sample023	G023	0.597414	DatasetB	KitB
DatasetB_sample023	G024	0.773944	DatasetB	KitB
DatasetB_sample023	G025	0.714149	DatasetB	KitB
DatasetB_sample023	G026	0.950793	DatasetB	KitB
DatasetB_sample023	G027	0.756451	DatasetB	KitB
DatasetB_sample023	G028	0.773804	DatasetB	KitB
DatasetB_sample023	G029	0.696693	DatasetB	KitB
DatasetB_sample023	G030	0.368959	DatasetB	KitB
DatasetB_sample023	G031	0.637317	DatasetB	KitB
DatasetB_sample023	G032	0.517494	DatasetB	KitB
DatasetB_sample023	G033	0.890271	DatasetB	KitB
DatasetB_sample023	G034	0.537502	DatasetB	KitB
DatasetB_sample023	G035	0.588012	DatasetB	KitB
DatasetB_sample023	G036	0.700866	DatasetB	KitB
DatasetB_sample023	G037	0.956723	DatasetB	KitB
DatasetB_sample023	G038	0.790642	DatasetB	KitB
DatasetB_sample023	G039	0.726749	DatasetB	KitB
DatasetB_sample023	G040	0.457478	DatasetB	KitB
DatasetB_sample023	G041	0.467325	DatasetB	KitB
DatasetB_sample023	G042	0.833382	DatasetB	KitB
DatasetB_sample023	G043	0.909237	DatasetB	KitB
DatasetB_sample023	G044	0.745675	DatasetB	KitB
DatasetB_sample023	G045	0.766904	DatasetB	KitB
DatasetB_sample023	G046	0.798516	DatasetB	KitB
DatasetB_sample023	G047	0.853496	DatasetB	KitB
DatasetB_sample023	G048	0.827224	DatasetB	KitB
DatasetB_sample023	G049	0.260692	DatasetB	KitB
DatasetB_sample023	G050	0.946344	DatasetB	KitB
DatasetB_sample023	G051	0.849537	DatasetB	KitB
DatasetB_sample023	G052	0.201364	DatasetB	KitB
DatasetB_sample023	G053	0.467891	DatasetB	KitB
DatasetB_sample023	G054	0.437003	DatasetB	KitB
DatasetB_sample023	G055	0.664056	DatasetB	KitB
DatasetB_sample023	G056	0.605825	DatasetB	KitB
DatasetB_sample023	G057	0.223549	DatasetB	KitB
DatasetB_sample023	G058	0.589292	DatasetB	KitB
DatasetB_sample023	G059	0.501782	DatasetB	KitB
DatasetB_sample023	G060	0.306207	DatasetB	KitB
DatasetB_sample023	G061	0.515302	DatasetB	KitB
DatasetB_sample023	G062	0.392014	DatasetB	KitB
DatasetB_sample023	G063	0.4214	DatasetB	KitB
DatasetB_sample023	G064	0.735228	DatasetB	KitB
DatasetB_sample023	G065	0.376924	DatasetB	KitB
DatasetB_sample023	G066	0.253735	DatasetB	KitB
DatasetB_sample023	G067	0.865962	DatasetB	KitB
DatasetB_sample023	G068	0.609379	DatasetB	KitB
DatasetB_sample023	G069	0.694744	DatasetB	KitB
DatasetB_sample023	G070	0.735837	DatasetB	KitB
DatasetB_sample023	G071	0.302868	DatasetB	KitB
DatasetB_sample023	G072	0.718769	DatasetB	KitB
DatasetB_sample023	G073	0.653636	DatasetB	KitB
DatasetB_sample023	G074	0.645182	DatasetB	KitB
DatasetB_sample023	G075	0.528001	DatasetB	KitB
DatasetB_sample023	G077	0.64791	DatasetB	KitB
DatasetB_sample023	G078	0.690961	DatasetB	KitB
DatasetB_sample023	G079	0.785555	DatasetB	KitB
DatasetB_sample023	G080	0.619627	DatasetB	KitB
DatasetB_sample023	G111	0.634532	DatasetB	KitB
DatasetB_sample023	G112	0.23897	DatasetB	KitB
DatasetB_sample023	G113	0.455602	DatasetB	KitB
DatasetB_sample023	G114	0.57103	DatasetB	KitB
DatasetB_sample023	G115	0.572046	DatasetB	KitB
DatasetB_sample023	G116	0.681558	DatasetB	KitB
DatasetB_sample023	G117	0.492009	DatasetB	KitB
DatasetB_sample023	G118	0.560261	DatasetB	KitB
DatasetB_sample023	G119	0.774321	DatasetB	KitB
DatasetB_sample023	G120	0.367497	DatasetB	KitB
DatasetB_sample023	G121	0.70161	DatasetB	KitB
DatasetB_sample023	G122	0.469078	DatasetB	KitB
DatasetB_sample023	G123	0.727859	DatasetB	KitB
DatasetB_sample023	G124	0.545888	DatasetB	KitB
DatasetB_sample023	G125	0.786658	DatasetB	KitB
DatasetB_sample023	G126	0.627875	DatasetB	KitB
DatasetB_sample023	G127	0.832378	DatasetB	KitB
DatasetB_sample023	G128	0.62833	DatasetB	KitB
DatasetB_sample023	G129	0.781885	DatasetB	KitB
DatasetB_sample023	G130	0.716696	DatasetB	KitB
DatasetB_sample023	G132	0.490268	DatasetB	KitB
DatasetB_sample023	G133	0.572249	DatasetB	KitB
DatasetB_sample023	G134	0.62216	DatasetB	KitB
DatasetB_sample023	G135	0.770712	DatasetB	KitB
DatasetB_sample023	G136	0.871183	DatasetB	KitB
DatasetB_sample023	G137	0.604005	DatasetB	KitB
DatasetB_sample023	G138	0.810198	DatasetB	KitB
DatasetB_sample023	G139	0.799932	DatasetB	KitB
DatasetB_sample023	G140	0.767928	DatasetB	KitB
DatasetB_sample023	G142	0.371213	DatasetB	KitB
DatasetB_sample023	G144	0.21157	DatasetB	KitB
DatasetB_sample023	G145	0.498279	DatasetB	KitB
DatasetB_sample023	G147	0.624964	DatasetB	KitB
DatasetB_sample023	G149	0.422176	DatasetB	KitB
DatasetB_sample023	G152	0.128053	DatasetB	KitB
DatasetB_sample023	G154	0.53698	DatasetB	KitB
DatasetB_sample023	G155	0.350302	DatasetB	KitB
DatasetB_sample023	G158	0.308457	DatasetB	KitB
DatasetB_sample023	G159	0.390778	DatasetB	KitB
DatasetB_sample023	G160	0.567193	DatasetB	KitB
DatasetB_sample023	G161	0.339606	DatasetB	KitB
DatasetB_sample023	G162	0.741935	DatasetB	KitB
DatasetB_sample023	G163	0.343874	DatasetB	KitB
DatasetB_sample023	G164	0.35454	DatasetB	KitB
DatasetB_sample023	G165	0.394621	DatasetB	KitB
DatasetB_sample023	G167	0.841883	DatasetB	KitB
DatasetB_sample023	G171	0.135093	DatasetB	KitB
DatasetB_sample023	G173	0.319267	DatasetB	KitB
DatasetB_sample023	G176	0.271667	DatasetB	KitB
DatasetB_sample023	G182	0.034513	DatasetB	KitB
DatasetB_sample023	G186	0.091555	DatasetB	KitB
DatasetB_sample023	G189	0.263599	DatasetB	KitB
DatasetB_sample023	G194	0.227549	DatasetB	KitB
DatasetB_sample023	G198	0.189708	DatasetB	KitB
DatasetB_sample024	G001	0.74041	DatasetB	KitB
DatasetB_sample024	G002	0.516421	DatasetB	KitB
DatasetB_sample024	G003	0.616356	DatasetB	KitB
DatasetB_sample024	G004	0.908059	DatasetB	KitB
DatasetB_sample024	G005	0.690443	DatasetB	KitB
DatasetB_sample024	G006	0.745444	DatasetB	KitB
DatasetB_sample024	G007	0.790425	DatasetB	KitB
DatasetB_sample024	G008	0.888412	DatasetB	KitB
DatasetB_sample024	G009	0.412194	DatasetB	KitB
DatasetB_sample024	G010	0.827446	DatasetB	KitB
DatasetB_sample024	G011	0.904147	DatasetB	KitB
DatasetB_sample024	G012	0.596351	DatasetB	KitB
DatasetB_sample024	G013	0.445587	DatasetB	KitB
DatasetB_sample024	G014	0.629116	DatasetB	KitB
DatasetB_sample024	G015	0.661728	DatasetB	KitB
DatasetB_sample024	G016	0.683067	DatasetB	KitB
DatasetB_sample024	G017	0.815885	DatasetB	KitB
DatasetB_sample024	G018	0.715394	DatasetB	KitB
DatasetB_sample024	G019	0.929284	DatasetB	KitB
DatasetB_sample024	G020	0.898052	DatasetB	KitB
DatasetB_sample024	G021	0.795789	DatasetB	KitB
DatasetB_sample024	G022	0.619466	DatasetB	KitB
DatasetB_sample024	G023	0.526748	DatasetB	KitB
DatasetB_sample024	G024	0.600041	DatasetB	KitB
DatasetB_sample024	G025	0.485514	DatasetB	KitB
DatasetB_sample024	G026	0.973815	DatasetB	KitB
DatasetB_sample024	G027	0.94261	DatasetB	KitB
DatasetB_sample024	G028	0.754067	DatasetB	KitB
DatasetB_sample024	G029	0.553336	DatasetB	KitB
DatasetB_sample024	G030	0.89391	DatasetB	KitB
DatasetB_sample024	G031	0.688101	DatasetB	KitB
DatasetB_sample024	G032	0.890295	DatasetB	KitB
DatasetB_sample024	G033	0.647915	DatasetB	KitB
DatasetB_sample024	G034	0.842394	DatasetB	KitB
DatasetB_sample024	G035	0.90401	DatasetB	KitB
DatasetB_sample024	G036	0.621298	DatasetB	KitB
DatasetB_sample024	G037	0.855124	DatasetB	KitB
DatasetB_sample024	G038	0.891398	DatasetB	KitB
DatasetB_sample024	G039	0.666051	DatasetB	KitB
DatasetB_sample024	G040	0.674965	DatasetB	KitB
DatasetB_sample024	G041	0.893475	DatasetB	KitB
DatasetB_sample024	G042	0.545033	DatasetB	KitB
DatasetB_sample024	G043	0.815296	DatasetB	KitB
DatasetB_sample024	G044	0.433864	DatasetB	KitB
DatasetB_sample024	G045	0.618509	DatasetB	KitB
DatasetB_sample024	G046	0.820804	DatasetB	KitB
DatasetB_sample024	G047	0.691288	DatasetB	KitB
DatasetB_sample024	G048	0.827901	DatasetB	KitB
DatasetB_sample024	G049	0.610064	DatasetB	KitB
DatasetB_sample024	G050	0.884783	DatasetB	KitB
DatasetB_sample024	G051	0.52113	DatasetB	KitB
DatasetB_sample024	G052	0.61228	DatasetB	KitB
DatasetB_sample024	G053	0.405309	DatasetB	KitB
DatasetB_sample024	G054	0.83261	DatasetB	KitB
DatasetB_sample024	G055	0.810027	DatasetB	KitB
DatasetB_sample024	G056	0.782188	DatasetB	KitB
DatasetB_sample024	G057	0.531952	DatasetB	KitB
DatasetB_sample024	G058	0.632321	DatasetB	KitB
DatasetB_sample024	G059	0.415276	DatasetB	KitB
DatasetB_sample024	G060	0.560926	DatasetB	KitB
DatasetB_sample024	G061	0.584155	DatasetB	KitB
DatasetB_sample024	G062	0.654731	DatasetB	KitB
DatasetB_sample024	G063	0.45661	DatasetB	KitB
DatasetB_sample024	G064	0.704732	DatasetB	KitB
DatasetB_sample024	G065	0.663251	DatasetB	KitB
DatasetB_sample024	G066	0.65654	DatasetB	KitB
DatasetB_sample024	G067	0.561746	DatasetB	KitB
DatasetB_sample024	G068	0.694715	DatasetB	KitB
DatasetB_sample024	G069	0.66577	DatasetB	KitB
DatasetB_sample024	G070	0.397043	DatasetB	KitB
DatasetB_sample024	G071	0.595828	DatasetB	KitB
DatasetB_sample024	G072	0.417355	DatasetB	KitB
DatasetB_sample024	G073	0.321122	DatasetB	KitB
DatasetB_sample024	G074	0.506297	DatasetB	KitB
DatasetB_sample024	G075	0.845446	DatasetB	KitB
DatasetB_sample024	G076	0.783144	DatasetB	KitB
DatasetB_sample024	G077	0.46399	DatasetB	KitB
DatasetB_sample024	G078	0.711573	DatasetB	KitB
DatasetB_sample024	G079	0.495991	DatasetB	KitB
DatasetB_sample024	G080	0.750503	DatasetB	KitB
DatasetB_sample024	G111	0.467151	DatasetB	KitB
DatasetB_sample024	G112	0.552269	DatasetB	KitB
DatasetB_sample024	G113	0.453629	DatasetB	KitB
DatasetB_sample024	G114	0.40376	DatasetB	KitB
DatasetB_sample024	G115	0.792984	DatasetB	KitB
DatasetB_sample024	G116	0.579345	DatasetB	KitB
DatasetB_sample024	G117	0.352733	DatasetB	KitB
DatasetB_sample024	G118	0.540851	DatasetB	KitB
DatasetB_sample024	G120	0.200081	DatasetB	KitB
DatasetB_sample024	G121	0.623705	DatasetB	KitB
DatasetB_sample024	G122	0.839787	DatasetB	KitB
DatasetB_sample024	G123	0.28354	DatasetB	KitB
DatasetB_sample024	G124	0.809784	DatasetB	KitB
DatasetB_sample024	G125	0.779394	DatasetB	KitB
DatasetB_sample024	G126	0.528341	DatasetB	KitB
DatasetB_sample024	G127	0.708197	DatasetB	KitB
DatasetB_sample024	G128	0.730788	DatasetB	KitB
DatasetB_sample024	G129	0.308081	DatasetB	KitB
DatasetB_sample024	G130	0.656478	DatasetB	KitB
DatasetB_sample024	G131	0.711489	DatasetB	KitB
DatasetB_sample024	G132	0.571596	DatasetB	KitB
DatasetB_sample024	G133	0.473889	DatasetB	KitB
DatasetB_sample024	G134	0.328032	DatasetB	KitB
DatasetB_sample024	G135	0.824587	DatasetB	KitB
DatasetB_sample024	G136	0.429054	DatasetB	KitB
DatasetB_sample024	G137	0.664281	DatasetB	KitB
DatasetB_sample024	G138	0.579013	DatasetB	KitB
DatasetB_sample024	G139	0.665918	DatasetB	KitB
DatasetB_sample024	G140	0.845468	DatasetB	KitB
DatasetB_sample024	G141	0.261836	DatasetB	KitB
DatasetB_sample024	G142	0.553274	DatasetB	KitB
DatasetB_sample024	G143	0.54373	DatasetB	KitB
DatasetB_sample024	G144	0.329266	DatasetB	KitB
DatasetB_sample024	G145	0.652424	DatasetB	KitB
DatasetB_sample024	G146	0.451892	DatasetB	KitB
DatasetB_sample024	G147	0.331434	DatasetB	KitB
DatasetB_sample024	G150	0.404418	DatasetB	KitB
DatasetB_sample024	G152	0.371138	DatasetB	KitB
DatasetB_sample024	G153	0.486164	DatasetB	KitB
DatasetB_sample024	G155	0.427633	DatasetB	KitB
DatasetB_sample024	G156	0.223158	DatasetB	KitB
DatasetB_sample024	G157	0.481678	DatasetB	KitB
DatasetB_sample024	G158	0.47869	DatasetB	KitB
DatasetB_sample024	G159	0.329224	DatasetB	KitB
DatasetB_sample024	G160	0.674582	DatasetB	KitB
DatasetB_sample024	G161	0.474236	DatasetB	KitB
DatasetB_sample024	G164	0.417232	DatasetB	KitB
DatasetB_sample024	G168	0.290105	DatasetB	KitB
DatasetB_sample024	G169	0.382213	DatasetB	KitB
DatasetB_sample024	G171	0.448151	DatasetB	KitB
DatasetB_sample024	G179	0.070946	DatasetB	KitB
DatasetB_sample024	G180	0.240747	DatasetB	KitB
DatasetB_sample024	G185	0.652046	DatasetB	KitB
DatasetB_sample024	G187	0.116482	DatasetB	KitB
DatasetB_sample024	G190	0.212251	DatasetB	KitB
DatasetB_sample024	G194	0.022867	DatasetB	KitB
DatasetB_sample024	G196	0.113997	DatasetB	KitB
DatasetB_sample024	G199	0.244581	DatasetB	KitB
DatasetB_sample025	G001	0.912379	DatasetB	KitB
DatasetB_sample025	G002	0.76294	DatasetB	KitB
DatasetB_sample025	G003	0.879616	DatasetB	KitB
DatasetB_sample025	G004	0.893713	DatasetB	KitB
DatasetB_sample025	G005	0.724285	DatasetB	KitB
DatasetB_sample025	G006	0.846417	DatasetB	KitB
DatasetB_sample025	G007	0.772376	DatasetB	KitB
DatasetB_sample025	G008	0.819143	DatasetB	KitB
DatasetB_sample025	G009	0.65812	DatasetB	KitB
DatasetB_sample025	G010	0.647335	DatasetB	KitB
DatasetB_sample025	G011	0.742474	DatasetB	KitB
DatasetB_sample025	G012	0.784442	DatasetB	KitB
DatasetB_sample025	G013	0.673703	DatasetB	KitB
DatasetB_sample025	G014	0.743163	DatasetB	KitB
DatasetB_sample025	G015	0.877073	DatasetB	KitB
DatasetB_sample025	G016	0.752964	DatasetB	KitB
DatasetB_sample025	G017	0.493642	DatasetB	KitB
DatasetB_sample025	G018	0.794696	DatasetB	KitB
DatasetB_sample025	G019	0.783525	DatasetB	KitB
DatasetB_sample025	G020	0.787557	DatasetB	KitB
DatasetB_sample025	G021	0.487023	DatasetB	KitB
DatasetB_sample025	G022	0.81783	DatasetB	KitB
DatasetB_sample025	G023	0.828226	DatasetB	KitB
DatasetB_sample025	G024	0.829624	DatasetB	KitB
DatasetB_sample025	G025	0.726148	DatasetB	KitB
DatasetB_sample025	G026	0.524309	DatasetB	KitB
DatasetB_sample025	G027	0.42435	DatasetB	KitB
DatasetB_sample025	G028	0.893694	DatasetB	KitB
DatasetB_sample025	G029	0.745376	DatasetB	KitB
DatasetB_sample025	G030	0.852116	DatasetB	KitB
DatasetB_sample025	G031	0.432206	DatasetB	KitB
DatasetB_sample025	G032	0.723516	DatasetB	KitB
DatasetB_sample025	G033	0.799841	DatasetB	KitB
DatasetB_sample025	G034	0.857583	DatasetB	KitB
DatasetB_sample025	G035	0.624855	DatasetB	KitB
DatasetB_sample025	G036	0.632394	DatasetB	KitB
DatasetB_sample025	G037	0.534296	DatasetB	KitB
DatasetB_sample025	G038	0.913032	DatasetB	KitB
DatasetB_sample025	G039	0.719905	DatasetB	KitB
DatasetB_sample025	G040	0.545341	DatasetB	KitB
DatasetB_sample025	G041	0.872473	DatasetB	KitB
DatasetB_sample025	G042	0.820571	DatasetB	KitB
DatasetB_sample025	G043	0.784593	DatasetB	KitB
DatasetB_sample025	G044	0.40673	DatasetB	KitB
DatasetB_sample025	G045	0.929466	DatasetB	KitB
DatasetB_sample025	G046	0.888361	DatasetB	KitB
DatasetB_sample025	G047	0.89777	DatasetB	KitB
DatasetB_sample025	G048	0.757562	DatasetB	KitB
DatasetB_sample025	G049	0.962029	DatasetB	KitB
DatasetB_sample025	G050	0.736998	DatasetB	KitB
DatasetB_sample025	G051	0.799476	DatasetB	KitB
DatasetB_sample025	G052	0.497353	DatasetB	KitB
DatasetB_sample025	G053	0.639932	DatasetB	KitB
DatasetB_sample025	G054	0.727685	DatasetB	KitB
DatasetB_sample025	G055	0.51187	DatasetB	KitB
DatasetB_sample025	G056	0.525018	DatasetB	KitB
DatasetB_sample025	G057	0.683502	DatasetB	KitB
DatasetB_sample025	G058	0.352843	DatasetB	KitB
DatasetB_sample025	G059	0.741692	DatasetB	KitB
DatasetB_sample025	G060	0.713668	DatasetB	KitB
DatasetB_sample025	G061	0.405625	DatasetB	KitB
DatasetB_sample025	G062	0.697434	DatasetB	KitB
DatasetB_sample025	G063	0.261015	DatasetB	KitB
DatasetB_sample025	G064	0.535635	DatasetB	KitB
DatasetB_sample025	G065	0.885863	DatasetB	KitB
DatasetB_sample025	G066	0.703449	DatasetB	KitB
DatasetB_sample025	G067	0.801932	DatasetB	KitB
DatasetB_sample025	G068	0.356842	DatasetB	KitB
DatasetB_sample025	G069	0.795707	DatasetB	KitB
DatasetB_sample025	G070	0.631911	DatasetB	KitB
DatasetB_sample025	G071	0.664579	DatasetB	KitB
DatasetB_sample025	G072	0.768673	DatasetB	KitB
DatasetB_sample025	G073	0.655237	DatasetB	KitB
DatasetB_sample025	G075	0.710113	DatasetB	KitB
DatasetB_sample025	G076	0.711825	DatasetB	KitB
DatasetB_sample025	G077	0.533143	DatasetB	KitB
DatasetB_sample025	G078	0.337047	DatasetB	KitB
DatasetB_sample025	G079	0.651509	DatasetB	KitB
DatasetB_sample025	G080	0.642774	DatasetB	KitB
DatasetB_sample025	G111	0.644345	DatasetB	KitB
DatasetB_sample025	G112	0.779757	DatasetB	KitB
DatasetB_sample025	G113	0.799233	DatasetB	KitB
DatasetB_sample025	G114	0.479222	DatasetB	KitB
DatasetB_sample025	G116	0.843232	DatasetB	KitB
DatasetB_sample025	G117	0.686158	DatasetB	KitB
DatasetB_sample025	G118	0.776667	DatasetB	KitB
DatasetB_sample025	G119	0.818302	DatasetB	KitB
DatasetB_sample025	G120	0.611238	DatasetB	KitB
DatasetB_sample025	G121	0.322777	DatasetB	KitB
DatasetB_sample025	G122	0.402697	DatasetB	KitB
DatasetB_sample025	G123	0.616852	DatasetB	KitB
DatasetB_sample025	G124	0.632243	DatasetB	KitB
DatasetB_sample025	G125	0.683499	DatasetB	KitB
DatasetB_sample025	G126	0.283296	DatasetB	KitB
DatasetB_sample025	G127	0.538534	DatasetB	KitB
DatasetB_sample025	G128	0.790977	DatasetB	KitB
DatasetB_sample025	G129	0.397993	DatasetB	KitB
DatasetB_sample025	G130	0.290396	DatasetB	KitB
DatasetB_sample025	G131	0.792978	DatasetB	KitB
DatasetB_sample025	G132	0.504481	DatasetB	KitB
DatasetB_sample025	G133	0.658369	DatasetB	KitB
DatasetB_sample025	G134	0.470627	DatasetB	KitB
DatasetB_sample025	G136	0.497835	DatasetB	KitB
DatasetB_sample025	G137	0.781539	DatasetB	KitB
DatasetB_sample025	G138	0.547631	DatasetB	KitB
DatasetB_sample025	G139	0.354052	DatasetB	KitB
DatasetB_sample025	G140	0.586898	DatasetB	KitB
DatasetB_sample025	G142	0.539233	DatasetB	KitB
DatasetB_sample025	G143	0.239087	DatasetB	KitB
DatasetB_sample025	G146	0.486544	DatasetB	KitB
DatasetB_sample025	G147	0.445718	DatasetB	KitB
DatasetB_sample025	G149	0.345501	DatasetB	KitB
DatasetB_sample025	G150	0.39013	DatasetB	KitB
DatasetB_sample025	G153	0.32163	DatasetB	KitB
DatasetB_sample025	G154	0.397247	DatasetB	KitB
DatasetB_sample025	G155	0.42113	DatasetB	KitB
DatasetB_sample025	G156	0.59549	DatasetB	KitB
DatasetB_sample025	G158	0.369395	DatasetB	KitB
DatasetB_sample025	G160	0.562229	DatasetB	KitB
DatasetB_sample025	G162	0.14592	DatasetB	KitB
DatasetB_sample025	G164	0.531079	DatasetB	KitB
DatasetB_sample025	G165	0.620375	DatasetB	KitB
DatasetB_sample025	G166	0.212337	DatasetB	KitB
DatasetB_sample025	G167	0.529007	DatasetB	KitB
DatasetB_sample025	G168	0.156168	DatasetB	KitB
DatasetB_sample025	G169	0.556417	DatasetB	KitB
DatasetB_sample025	G174	0.712243	DatasetB	KitB
DatasetB_sample025	G176	0.256799	DatasetB	KitB
DatasetB_sample025	G191	0.130627	DatasetB	KitB
DatasetB_sample025	G200	0.464325	DatasetB	KitB
DatasetB_sample026	G001	0.77172	DatasetB	KitB
DatasetB_sample026	G002	0.500465	DatasetB	KitB
DatasetB_sample026	G003	0.522974	DatasetB	KitB
DatasetB_sample026	G004	0.839637	DatasetB	KitB
DatasetB_sample026	G005	0.651124	DatasetB	KitB
DatasetB_sample026	G006	0.894936	DatasetB	KitB
DatasetB_sample026	G007	0.7187	DatasetB	KitB
DatasetB_sample026	G008	0.917254	DatasetB	KitB
DatasetB_sample026	G009	0.76434	DatasetB	KitB
DatasetB_sample026	G010	0.94522	DatasetB	KitB
DatasetB_sample026	G011	0.914785	DatasetB	KitB
DatasetB_sample026	G012	0.670575	DatasetB	KitB
DatasetB_sample026	G013	0.825608	DatasetB	KitB
DatasetB_sample026	G014	0.815284	DatasetB	KitB
DatasetB_sample026	G015	0.864542	DatasetB	KitB
DatasetB_sample026	G016	0.459243	DatasetB	KitB
DatasetB_sample026	G017	0.59326	DatasetB	KitB
DatasetB_sample026	G018	0.682359	DatasetB	KitB
DatasetB_sample026	G019	0.76827	DatasetB	KitB
DatasetB_sample026	G020	0.54651	DatasetB	KitB
DatasetB_sample026	G021	0.865288	DatasetB	KitB
DatasetB_sample026	G022	0.874	DatasetB	KitB
DatasetB_sample026	G023	0.6122	DatasetB	KitB
DatasetB_sample026	G024	0.596715	DatasetB	KitB
DatasetB_sample026	G025	0.305343	DatasetB	KitB
DatasetB_sample026	G026	0.777083	DatasetB	KitB
DatasetB_sample026	G027	0.869492	DatasetB	KitB
DatasetB_sample026	G028	0.576054	DatasetB	KitB
DatasetB_sample026	G029	0.463188	DatasetB	KitB
DatasetB_sample026	G030	0.467898	DatasetB	KitB
DatasetB_sample026	G031	0.404174	DatasetB	KitB
DatasetB_sample026	G032	0.531368	DatasetB	KitB
DatasetB_sample026	G033	0.619113	DatasetB	KitB
DatasetB_sample026	G034	0.718891	DatasetB	KitB
DatasetB_sample026	G035	0.84749	DatasetB	KitB
DatasetB_sample026	G036	0.586192	DatasetB	KitB
DatasetB_sample026	G037	0.653052	DatasetB	KitB
DatasetB_sample026	G038	0.786698	DatasetB	KitB
DatasetB_sample026	G039	0.816038	DatasetB	KitB
DatasetB_sample026	G040	0.864688	DatasetB	KitB
DatasetB_sample026	G041	0.849493	DatasetB	KitB
DatasetB_sample026	G042	0.901796	DatasetB	KitB
DatasetB_sample026	G043	0.607945	DatasetB	KitB
DatasetB_sample026	G044	0.835937	DatasetB	KitB
DatasetB_sample026	G045	0.803398	DatasetB	KitB
DatasetB_sample026	G046	0.835532	DatasetB	KitB
DatasetB_sample026	G047	0.854036	DatasetB	KitB
DatasetB_sample026	G048	0.572654	DatasetB	KitB
DatasetB_sample026	G049	0.772524	DatasetB	KitB
DatasetB_sample026	G050	0.815372	DatasetB	KitB
DatasetB_sample026	G051	0.880601	DatasetB	KitB
DatasetB_sample026	G052	0.345829	DatasetB	KitB
DatasetB_sample026	G053	0.733497	DatasetB	KitB
DatasetB_sample026	G054	0.326629	DatasetB	KitB
DatasetB_sample026	G056	0.73739	DatasetB	KitB
DatasetB_sample026	G057	0.532107	DatasetB	KitB
DatasetB_sample026	G058	0.559943	DatasetB	KitB
DatasetB_sample026	G059	0.554958	DatasetB	KitB
DatasetB_sample026	G060	0.805734	DatasetB	KitB
DatasetB_sample026	G061	0.539605	DatasetB	KitB
DatasetB_sample026	G062	0.649236	DatasetB	KitB
DatasetB_sample026	G063	0.487035	DatasetB	KitB
DatasetB_sample026	G064	0.888014	DatasetB	KitB
DatasetB_sample026	G065	0.525889	DatasetB	KitB
DatasetB_sample026	G066	0.378545	DatasetB	KitB
DatasetB_sample026	G067	0.799308	DatasetB	KitB
DatasetB_sample026	G068	0.630468	DatasetB	KitB
DatasetB_sample026	G069	0.75337	DatasetB	KitB
DatasetB_sample026	G070	0.75473	DatasetB	KitB
DatasetB_sample026	G071	0.775514	DatasetB	KitB
DatasetB_sample026	G072	0.891122	DatasetB	KitB
DatasetB_sample026	G073	0.649256	DatasetB	KitB
DatasetB_sample026	G074	0.628657	DatasetB	KitB
DatasetB_sample026	G075	0.452868	DatasetB	KitB
DatasetB_sample026	G076	0.629595	DatasetB	KitB
DatasetB_sample026	G077	0.44925	DatasetB	KitB
DatasetB_sample026	G078	0.542488	DatasetB	KitB
DatasetB_sample026	G079	0.525911	DatasetB	KitB
DatasetB_sample026	G080	0.668419	DatasetB	KitB
DatasetB_sample026	G111	0.695349	DatasetB	KitB
DatasetB_sample026	G112	0.652391	DatasetB	KitB
DatasetB_sample026	G113	0.798258	DatasetB	KitB
DatasetB_sample026	G114	0.643427	DatasetB	KitB
DatasetB_sample026	G115	0.579107	DatasetB	KitB
DatasetB_sample026	G116	0.426849	DatasetB	KitB
DatasetB_sample026	G117	0.620773	DatasetB	KitB
DatasetB_sample026	G118	0.537049	DatasetB	KitB
DatasetB_sample026	G119	0.737469	DatasetB	KitB
DatasetB_sample026	G120	0.751787	DatasetB	KitB
DatasetB_sample026	G121	0.506503	DatasetB	KitB
DatasetB_sample026	G122	0.390156	DatasetB	KitB
DatasetB_sample026	G123	0.31631	DatasetB	KitB
DatasetB_sample026	G124	0.571081	DatasetB	KitB
DatasetB_sample026	G125	0.576025	DatasetB	KitB
DatasetB_sample026	G126	0.586897	DatasetB	KitB
DatasetB_sample026	G128	0.687457	DatasetB	KitB
DatasetB_sample026	G129	0.744365	DatasetB	KitB
DatasetB_sample026	G130	0.749153	DatasetB	KitB
DatasetB_sample026	G131	0.564509	DatasetB	KitB
DatasetB_sample026	G132	0.787167	DatasetB	KitB
DatasetB_sample026	G133	0.692493	DatasetB	KitB
DatasetB_sample026	G134	0.344415	DatasetB	KitB
DatasetB_sample026	G135	0.729498	DatasetB	KitB
DatasetB_sample026	G136	0.363708	DatasetB	KitB
DatasetB_sample026	G137	0.433087	DatasetB	KitB
DatasetB_sample026	G138	0.705373	DatasetB	KitB
DatasetB_sample026	G139	0.42725	DatasetB	KitB
DatasetB_sample026	G140	0.344724	DatasetB	KitB
DatasetB_sample026	G142	0.541803	DatasetB	KitB
DatasetB_sample026	G143	0.546668	DatasetB	KitB
DatasetB_sample026	G146	0.571637	DatasetB	KitB
DatasetB_sample026	G147	0.689538	DatasetB	KitB
DatasetB_sample026	G150	0.225091	DatasetB	KitB
DatasetB_sample026	G151	0.418233	DatasetB	KitB
DatasetB_sample026	G152	0.722188	DatasetB	KitB
DatasetB_sample026	G154	0.101017	DatasetB	KitB
DatasetB_sample026	G155	0.402281	DatasetB	KitB
DatasetB_sample026	G156	0.345482	DatasetB	KitB
DatasetB_sample026	G157	0.592921	DatasetB	KitB
DatasetB_sample026	G159	0.2861	DatasetB	KitB
DatasetB_sample026	G160	0.637953	DatasetB	KitB
DatasetB_sample026	G161	0.704909	DatasetB	KitB
DatasetB_sample026	G162	0.618152	DatasetB	KitB
DatasetB_sample026	G164	0.367532	DatasetB	KitB
DatasetB_sample026	G166	0.439883	DatasetB	KitB
DatasetB_sample026	G167	0.663965	DatasetB	KitB
DatasetB_sample026	G172	0.014133	DatasetB	KitB
DatasetB_sample026	G194	0.495105	DatasetB	KitB
DatasetB_sample026	G198	0.112807	DatasetB	KitB
DatasetB_sample026	G199	0.45596	DatasetB	KitB
DatasetB_sample026	G200	0.193021	DatasetB	KitB
DatasetB_sample027	G001	0.934128	DatasetB	KitB
DatasetB_sample027	G002	0.76393	DatasetB	KitB
DatasetB_sample027	G003	0.920186	DatasetB	KitB
DatasetB_sample027	G004	0.693223	DatasetB	KitB
DatasetB_sample027	G005	0.557766	DatasetB	KitB
DatasetB_sample027	G006	0.855572	DatasetB	KitB
DatasetB_sample027	G007	0.548925	DatasetB	KitB
DatasetB_sample027	G008	0.866012	DatasetB	KitB
DatasetB_sample027	G009	0.642601	DatasetB	KitB
DatasetB_sample027	G010	0.900533	DatasetB	KitB
DatasetB_sample027	G011	0.924105	DatasetB	KitB
DatasetB_sample027	G012	0.575605	DatasetB	KitB
DatasetB_sample027	G013	0.773059	DatasetB	KitB
DatasetB_sample027	G014	0.828034	DatasetB	KitB
DatasetB_sample027	G015	0.799014	DatasetB	KitB
DatasetB_sample027	G016	0.953677	DatasetB	KitB
DatasetB_sample027	G017	0.314409	DatasetB	KitB
DatasetB_sample027	G018	0.548662	DatasetB	KitB
DatasetB_sample027	G019	0.809367	DatasetB	KitB
DatasetB_sample027	G020	0.75421	DatasetB	KitB
DatasetB_sample027	G021	0.811076	DatasetB	KitB
DatasetB_sample027	G022	0.806829	DatasetB	KitB
DatasetB_sample027	G023	0.595297	DatasetB	KitB
DatasetB_sample027	G024	0.552115	DatasetB	KitB
DatasetB_sample027	G025	0.716079	DatasetB	KitB
DatasetB_sample027	G026	0.644314	DatasetB	KitB
DatasetB_sample027	G027	0.858879	DatasetB	KitB
DatasetB_sample027	G028	0.726129	DatasetB	KitB
DatasetB_sample027	G029	0.890247	DatasetB	KitB
DatasetB_sample027	G030	0.583664	DatasetB	KitB
DatasetB_sample027	G031	0.583939	DatasetB	KitB
DatasetB_sample027	G032	0.693106	DatasetB	KitB
DatasetB_sample027	G033	0.694412	DatasetB	KitB
DatasetB_sample027	G034	0.972621	DatasetB	KitB
DatasetB_sample027	G035	0.916984	DatasetB	KitB
DatasetB_sample027	G036	0.804493	DatasetB	KitB
DatasetB_sample027	G037	0.7999	DatasetB	KitB
DatasetB_sample027	G038	0.792205	DatasetB	KitB
DatasetB_sample027	G039	0.266746	DatasetB	KitB
DatasetB_sample027	G040	0.701472	DatasetB	KitB
DatasetB_sample027	G041	0.564373	DatasetB	KitB
DatasetB_sample027	G042	0.524316	DatasetB	KitB
DatasetB_sample027	G043	0.864544	DatasetB	KitB
DatasetB_sample027	G044	0.84691	DatasetB	KitB
DatasetB_sample027	G045	0.338498	DatasetB	KitB
DatasetB_sample027	G046	0.786461	DatasetB	KitB
DatasetB_sample027	G047	0.4688	DatasetB	KitB
DatasetB_sample027	G048	0.900597	DatasetB	KitB
DatasetB_sample027	G049	0.881251	DatasetB	KitB
DatasetB_sample027	G050	0.697567	DatasetB	KitB
DatasetB_sample027	G051	0.310852	DatasetB	KitB
DatasetB_sample027	G052	0.143881	DatasetB	KitB
DatasetB_sample027	G053	0.626752	DatasetB	KitB
DatasetB_sample027	G054	0.482746	DatasetB	KitB
DatasetB_sample027	G055	0.439522	DatasetB	KitB
DatasetB_sample027	G057	0.527349	DatasetB	KitB
DatasetB_sample027	G058	0.614361	DatasetB	KitB
DatasetB_sample027	G059	0.583552	DatasetB	KitB
DatasetB_sample027	G060	0.697748	DatasetB	KitB
DatasetB_sample027	G061	0.900995	DatasetB	KitB
DatasetB_sample027	G062	0.457324	DatasetB	KitB
DatasetB_sample027	G063	0.614341	DatasetB	KitB
DatasetB_sample027	G064	0.360607	DatasetB	KitB
DatasetB_sample027	G065	0.727137	DatasetB	KitB
DatasetB_sample027	G066	0.806249	DatasetB	KitB
DatasetB_sample027	G067	0.400786	DatasetB	KitB
DatasetB_sample027	G068	0.264071	DatasetB	KitB
DatasetB_sample027	G069	0.697624	DatasetB	KitB
DatasetB_sample027	G070	0.778089	DatasetB	KitB
DatasetB_sample027	G071	0.63898	DatasetB	KitB
DatasetB_sample027	G072	0.444528	DatasetB	KitB
DatasetB_sample027	G073	0.70577	DatasetB	KitB
DatasetB_sample027	G074	0.562274	DatasetB	KitB
DatasetB_sample027	G075	0.686273	DatasetB	KitB
DatasetB_sample027	G076	0.717649	DatasetB	KitB
DatasetB_sample027	G077	0.844837	DatasetB	KitB
DatasetB_sample027	G078	0.515992	DatasetB	KitB
DatasetB_sample027	G079	0.392312	DatasetB	KitB
DatasetB_sample027	G080	0.551582	DatasetB	KitB
DatasetB_sample027	G111	0.555013	DatasetB	KitB
DatasetB_sample027	G112	0.25962	DatasetB	KitB
DatasetB_sample027	G113	0.658494	DatasetB	KitB
DatasetB_sample027	G114	0.328768	DatasetB	KitB
DatasetB_sample027	G116	0.837257	DatasetB	KitB
DatasetB_sample027	G117	0.847576	DatasetB	KitB
DatasetB_sample027	G118	0.586813	DatasetB	KitB
DatasetB_sample027	G119	0.710725	DatasetB	KitB
DatasetB_sample027	G120	0.330374	DatasetB	KitB
DatasetB_sample027	G121	0.765147	DatasetB	KitB
DatasetB_sample027	G122	0.538514	DatasetB	KitB
DatasetB_sample027	G123	0.309747	DatasetB	KitB
DatasetB_sample027	G124	0.612074	DatasetB	KitB
DatasetB_sample027	G125	0.804881	DatasetB	KitB
DatasetB_sample027	G126	0.509073	DatasetB	KitB
DatasetB_sample027	G127	0.7723	DatasetB	KitB
DatasetB_sample027	G128	0.766206	DatasetB	KitB
DatasetB_sample027	G129	0.869318	DatasetB	KitB
DatasetB_sample027	G130	0.509257	DatasetB	KitB
DatasetB_sample027	G131	0.347409	DatasetB	KitB
DatasetB_sample027	G132	0.630071	DatasetB	KitB
DatasetB_sample027	G133	0.187776	DatasetB	KitB
DatasetB_sample027	G134	0.22984	DatasetB	KitB
DatasetB_sample027	G135	0.43301	DatasetB	KitB
DatasetB_sample027	G136	0.75923	DatasetB	KitB
DatasetB_sample027	G137	0.75347	DatasetB	KitB
DatasetB_sample027	G138	0.465239	DatasetB	KitB
DatasetB_sample027	G139	0.968208	DatasetB	KitB
DatasetB_sample027	G140	0.656674	DatasetB	KitB
DatasetB_sample027	G141	0.196217	DatasetB	KitB
DatasetB_sample027	G142	0.669565	DatasetB	KitB
DatasetB_sample027	G143	0.143341	DatasetB	KitB
DatasetB_sample027	G146	0.320071	DatasetB	KitB
DatasetB_sample027	G147	0.772011	DatasetB	KitB
DatasetB_sample027	G148	0.185462	DatasetB	KitB
DatasetB_sample027	G149	0.537078	DatasetB	KitB
DatasetB_sample027	G150	0.359698	DatasetB	KitB
DatasetB_sample027	G151	0.420703	DatasetB	KitB
DatasetB_sample027	G152	0.379677	DatasetB	KitB
DatasetB_sample027	G153	0.276856	DatasetB	KitB
DatasetB_sample027	G154	0.228188	DatasetB	KitB
DatasetB_sample027	G156	0.203441	DatasetB	KitB
DatasetB_sample027	G158	0.466671	DatasetB	KitB
DatasetB_sample027	G159	0.398388	DatasetB	KitB
DatasetB_sample027	G160	0.673857	DatasetB	KitB
DatasetB_sample027	G162	0.55186	DatasetB	KitB
DatasetB_sample027	G163	0.570611	DatasetB	KitB
DatasetB_sample027	G165	0.214003	DatasetB	KitB
DatasetB_sample027	G167	0.593384	DatasetB	KitB
DatasetB_sample027	G169	0.531257	DatasetB	KitB
DatasetB_sample027	G170	0.568639	DatasetB	KitB
DatasetB_sample027	G179	0.266291	DatasetB	KitB
DatasetB_sample027	G184	0.310253	DatasetB	KitB
DatasetB_sample027	G189	0.389011	DatasetB	KitB
DatasetB_sample027	G192	0.458055	DatasetB	KitB
DatasetB_sample027	G194	0.454753	DatasetB	KitB
DatasetB_sample027	G199	0.138226	DatasetB	KitB
DatasetB_sample028	G001	0.47441	DatasetB	KitB
DatasetB_sample028	G002	0.637785	DatasetB	KitB
DatasetB_sample028	G003	0.70699	DatasetB	KitB
DatasetB_sample028	G004	0.472605	DatasetB	KitB
DatasetB_sample028	G005	0.776306	DatasetB	KitB
DatasetB_sample028	G006	0.955804	DatasetB	KitB
DatasetB_sample028	G007	0.757099	DatasetB	KitB
DatasetB_sample028	G008	0.987032	DatasetB	KitB
DatasetB_sample028	G009	0.860327	DatasetB	KitB
DatasetB_sample028	G010	0.775531	DatasetB	KitB
DatasetB_sample028	G011	0.745179	DatasetB	KitB
DatasetB_sample028	G012	0.495602	DatasetB	KitB
DatasetB_sample028	G013	0.550861	DatasetB	KitB
DatasetB_sample028	G014	0.75018	DatasetB	KitB
DatasetB_sample028	G015	0.727959	DatasetB	KitB
DatasetB_sample028	G016	0.842313	DatasetB	KitB
DatasetB_sample028	G017	0.922217	DatasetB	KitB
DatasetB_sample028	G018	0.818177	DatasetB	KitB
DatasetB_sample028	G019	0.866242	DatasetB	KitB
DatasetB_sample028	G020	0.84744	DatasetB	KitB
DatasetB_sample028	G021	0.849343	DatasetB	KitB
DatasetB_sample028	G022	0.555406	DatasetB	KitB
DatasetB_sample028	G023	0.41803	DatasetB	KitB
DatasetB_sample028	G024	0.732397	DatasetB	KitB
DatasetB_sample028	G025	0.906427	DatasetB	KitB
DatasetB_sample028	G026	0.421976	DatasetB	KitB
DatasetB_sample028	G027	0.845167	DatasetB	KitB
DatasetB_sample028	G028	0.650539	DatasetB	KitB
DatasetB_sample028	G029	0.909715	DatasetB	KitB
DatasetB_sample028	G030	0.812648	DatasetB	KitB
DatasetB_sample028	G031	0.665107	DatasetB	KitB
DatasetB_sample028	G032	0.928074	DatasetB	KitB
DatasetB_sample028	G033	0.917134	DatasetB	KitB
DatasetB_sample028	G034	0.885214	DatasetB	KitB
DatasetB_sample028	G035	0.929675	DatasetB	KitB
DatasetB_sample028	G036	0.584826	DatasetB	KitB
DatasetB_sample028	G037	0.864664	DatasetB	KitB
DatasetB_sample028	G038	0.452472	DatasetB	KitB
DatasetB_sample028	G039	0.48199	DatasetB	KitB
DatasetB_sample028	G040	0.304682	DatasetB	KitB
DatasetB_sample028	G041	0.917646	DatasetB	KitB
DatasetB_sample028	G042	0.843366	DatasetB	KitB
DatasetB_sample028	G043	0.71067	DatasetB	KitB
DatasetB_sample028	G044	0.270291	DatasetB	KitB
DatasetB_sample028	G045	0.4131	DatasetB	KitB
DatasetB_sample028	G046	0.71815	DatasetB	KitB
DatasetB_sample028	G047	0.642528	DatasetB	KitB
DatasetB_sample028	G048	0.905986	DatasetB	KitB
DatasetB_sample028	G049	0.766329	DatasetB	KitB
DatasetB_sample028	G050	0.446495	DatasetB	KitB
DatasetB_sample028	G051	0.882505	DatasetB	KitB
DatasetB_sample028	G052	0.581744	DatasetB	KitB
DatasetB_sample028	G053	0.463663	DatasetB	KitB
DatasetB_sample028	G054	0.378297	DatasetB	KitB
DatasetB_sample028	G055	0.619139	DatasetB	KitB
DatasetB_sample028	G056	0.626344	DatasetB	KitB
DatasetB_sample028	G057	0.862953	DatasetB	KitB
DatasetB_sample028	G058	0.66174	DatasetB	KitB
DatasetB_sample028	G059	0.676298	DatasetB	KitB
DatasetB_sample028	G060	0.839646	DatasetB	KitB
DatasetB_sample028	G061	0.655105	DatasetB	KitB
DatasetB_sample028	G062	0.654146	DatasetB	KitB
DatasetB_sample028	G063	0.340084	DatasetB	KitB
DatasetB_sample028	G064	0.669294	DatasetB	KitB
DatasetB_sample028	G065	0.632267	DatasetB	KitB
DatasetB_sample028	G066	0.774627	DatasetB	KitB
DatasetB_sample028	G067	0.837886	DatasetB	KitB
DatasetB_sample028	G068	0.598718	DatasetB	KitB
DatasetB_sample028	G069	0.390355	DatasetB	KitB
DatasetB_sample028	G070	0.440648	DatasetB	KitB
DatasetB_sample028	G071	0.453696	DatasetB	KitB
DatasetB_sample028	G072	0.604967	DatasetB	KitB
DatasetB_sample028	G073	0.494867	DatasetB	KitB
DatasetB_sample028	G074	0.602749	DatasetB	KitB
DatasetB_sample028	G075	0.562315	DatasetB	KitB
DatasetB_sample028	G076	0.261037	DatasetB	KitB
DatasetB_sample028	G077	0.465691	DatasetB	KitB
DatasetB_sample028	G078	0.765036	DatasetB	KitB
DatasetB_sample028	G079	0.563756	DatasetB	KitB
DatasetB_sample028	G080	0.465275	DatasetB	KitB
DatasetB_sample028	G111	0.779243	DatasetB	KitB
DatasetB_sample028	G112	0.803335	DatasetB	KitB
DatasetB_sample028	G113	0.602264	DatasetB	KitB
DatasetB_sample028	G114	0.672502	DatasetB	KitB
DatasetB_sample028	G115	0.704307	DatasetB	KitB
DatasetB_sample028	G116	0.600045	DatasetB	KitB
DatasetB_sample028	G117	0.67642	DatasetB	KitB
DatasetB_sample028	G118	0.47663	DatasetB	KitB
DatasetB_sample028	G119	0.769515	DatasetB	KitB
DatasetB_sample028	G120	0.563851	DatasetB	KitB
DatasetB_sample028	G121	0.893029	DatasetB	KitB
DatasetB_sample028	G122	0.339866	DatasetB	KitB
DatasetB_sample028	G123	0.62014	DatasetB	KitB
DatasetB_sample028	G124	0.553643	DatasetB	KitB
DatasetB_sample028	G125	0.84802	DatasetB	KitB
DatasetB_sample028	G126	0.405359	DatasetB	KitB
DatasetB_sample028	G127	0.694744	DatasetB	KitB
DatasetB_sample028	G128	0.587712	DatasetB	KitB
DatasetB_sample028	G129	0.615782	DatasetB	KitB
DatasetB_sample028	G130	0.485965	DatasetB	KitB
DatasetB_sample028	G131	0.799281	DatasetB	KitB
DatasetB_sample028	G132	0.792751	DatasetB	KitB
DatasetB_sample028	G133	0.648887	DatasetB	KitB
DatasetB_sample028	G134	0.960927	DatasetB	KitB
DatasetB_sample028	G135	0.522076	DatasetB	KitB
DatasetB_sample028	G136	0.618503	DatasetB	KitB
DatasetB_sample028	G137	0.132712	DatasetB	KitB
DatasetB_sample028	G138	0.779491	DatasetB	KitB
DatasetB_sample028	G139	0.898806	DatasetB	KitB
DatasetB_sample028	G140	0.424717	DatasetB	KitB
DatasetB_sample028	G144	0.350928	DatasetB	KitB
DatasetB_sample028	G146	0.37194	DatasetB	KitB
DatasetB_sample028	G147	0.615384	DatasetB	KitB
DatasetB_sample028	G148	0.544794	DatasetB	KitB
DatasetB_sample028	G149	0.507088	DatasetB	KitB
DatasetB_sample028	G151	0.731575	DatasetB	KitB
DatasetB_sample028	G153	0.187877	DatasetB	KitB
DatasetB_sample028	G156	0.51992	DatasetB	KitB
DatasetB_sample028	G158	0.289521	DatasetB	KitB
DatasetB_sample028	G161	0.647682	DatasetB	KitB
DatasetB_sample028	G163	0.34686	DatasetB	KitB
DatasetB_sample028	G164	0.331181	DatasetB	KitB
DatasetB_sample028	G165	0.372685	DatasetB	KitB
DatasetB_sample028	G167	0.293547	DatasetB	KitB
DatasetB_sample028	G169	0.320063	DatasetB	KitB
DatasetB_sample028	G170	0.612116	DatasetB	KitB
DatasetB_sample028	G171	0.579443	DatasetB	KitB
DatasetB_sample028	G172	0.611222	DatasetB	KitB
DatasetB_sample028	G174	0.006016	DatasetB	KitB
DatasetB_sample028	G175	0.176963	DatasetB	KitB
DatasetB_sample028	G176	0.320156	DatasetB	KitB
DatasetB_sample028	G180	0.348201	DatasetB	KitB
DatasetB_sample028	G184	0.238297	DatasetB	KitB
DatasetB_sample028	G187	0.574965	DatasetB	KitB
DatasetB_sample028	G198	0.294727	DatasetB	KitB
DatasetB_sample029	G001	0.732111	DatasetB	KitB
DatasetB_sample029	G002	0.822491	DatasetB	KitB
DatasetB_sample029	G003	0.500309	DatasetB	KitB
DatasetB_sample029	G004	0.667836	DatasetB	KitB
DatasetB_sample029	G005	0.524948	DatasetB	KitB
DatasetB_sample029	G006	0.862796	DatasetB	KitB
DatasetB_sample029	G007	0.485788	DatasetB	KitB
DatasetB_sample029	G008	0.633501	DatasetB	KitB
DatasetB_sample029	G009	0.675778	DatasetB	KitB
DatasetB_sample029	G010	0.782209	DatasetB	KitB
DatasetB_sample029	G011	0.475251	DatasetB	KitB
DatasetB_sample029	G012	0.584684	DatasetB	KitB
DatasetB_sample029	G013	0.742672	DatasetB	KitB
DatasetB_sample029	G014	0.634205	DatasetB	KitB
DatasetB_sample029	G015	0.86165	DatasetB	KitB
DatasetB_sample029	G016	0.505717	DatasetB	KitB
DatasetB_sample029	G017	0.802581	DatasetB	KitB
DatasetB_sample029	G018	0.670382	DatasetB	KitB
DatasetB_sample029	G019	0.935838	DatasetB	KitB
DatasetB_sample029	G020	0.77424	DatasetB	KitB
DatasetB_sample029	G021	0.47117	DatasetB	KitB
DatasetB_sample029	G022	0.963185	DatasetB	KitB
DatasetB_sample029	G023	0.875192	DatasetB	KitB
DatasetB_sample029	G024	0.775911	DatasetB	KitB
DatasetB_sample029	G025	0.71471	DatasetB	KitB
DatasetB_sample029	G026	0.858642	DatasetB	KitB
DatasetB_sample029	G027	0.69601	DatasetB	KitB
DatasetB_sample029	G028	0.590066	DatasetB	KitB
DatasetB_sample029	G029	0.495064	DatasetB	KitB
DatasetB_sample029	G030	0.842665	DatasetB	KitB
DatasetB_sample029	G031	0.659056	DatasetB	KitB
DatasetB_sample029	G032	0.568325	DatasetB	KitB
DatasetB_sample029	G033	0.864147	DatasetB	KitB
DatasetB_sample029	G034	0.446304	DatasetB	KitB
DatasetB_sample029	G035	0.778657	DatasetB	KitB
DatasetB_sample029	G036	0.442874	DatasetB	KitB
DatasetB_sample029	G037	0.539781	DatasetB	KitB
DatasetB_sample029	G038	0.595486	DatasetB	KitB
DatasetB_sample029	G039	0.786968	DatasetB	KitB
DatasetB_sample029	G040	0.855381	DatasetB	KitB
DatasetB_sample029	G041	0.836619	DatasetB	KitB
DatasetB_sample029	G042	0.741606	DatasetB	KitB
DatasetB_sample029	G043	0.655176	DatasetB	KitB
DatasetB_sample029	G044	0.857378	DatasetB	KitB
DatasetB_sample029	G045	0.865184	DatasetB	KitB
DatasetB_sample029	G046	0.746825	DatasetB	KitB
DatasetB_sample029	G047	0.810331	DatasetB	KitB
DatasetB_sample029	G048	0.586094	DatasetB	KitB
DatasetB_sample029	G049	0.5706	DatasetB	KitB
DatasetB_sample029	G050	0.702445	DatasetB	KitB
DatasetB_sample029	G051	0.516191	DatasetB	KitB
DatasetB_sample029	G052	0.528939	DatasetB	KitB
DatasetB_sample029	G053	0.666105	DatasetB	KitB
DatasetB_sample029	G054	0.545241	DatasetB	KitB
DatasetB_sample029	G055	0.460242	DatasetB	KitB
DatasetB_sample029	G056	0.325289	DatasetB	KitB
DatasetB_sample029	G057	0.575854	DatasetB	KitB
DatasetB_sample029	G058	0.545352	DatasetB	KitB
DatasetB_sample029	G059	0.76565	DatasetB	KitB
DatasetB_sample029	G060	0.654558	DatasetB	KitB
DatasetB_sample029	G061	0.614212	DatasetB	KitB
DatasetB_sample029	G062	0.566661	DatasetB	KitB
DatasetB_sample029	G063	0.400247	DatasetB	KitB
DatasetB_sample029	G064	0.329592	DatasetB	KitB
DatasetB_sample029	G065	0.279893	DatasetB	KitB
DatasetB_sample029	G066	0.498415	DatasetB	KitB
DatasetB_sample029	G067	0.809566	DatasetB	KitB
DatasetB_sample029	G068	0.353936	DatasetB	KitB
DatasetB_sample029	G069	0.777472	DatasetB	KitB
DatasetB_sample029	G070	0.710206	DatasetB	KitB
DatasetB_sample029	G071	0.364704	DatasetB	KitB
DatasetB_sample029	G072	0.693628	DatasetB	KitB
DatasetB_sample029	G073	0.875945	DatasetB	KitB
DatasetB_sample029	G074	0.715878	DatasetB	KitB
DatasetB_sample029	G075	0.47678	DatasetB	KitB
DatasetB_sample029	G076	0.372132	DatasetB	KitB
DatasetB_sample029	G077	0.579847	DatasetB	KitB
DatasetB_sample029	G078	0.681845	DatasetB	KitB
DatasetB_sample029	G079	0.674185	DatasetB	KitB
DatasetB_sample029	G080	0.771216	DatasetB	KitB
DatasetB_sample029	G111	0.412695	DatasetB	KitB
DatasetB_sample029	G112	0.555514	DatasetB	KitB
DatasetB_sample029	G113	0.39378	DatasetB	KitB
DatasetB_sample029	G114	0.631256	DatasetB	KitB
DatasetB_sample029	G115	0.718233	DatasetB	KitB
DatasetB_sample029	G116	0.452355	DatasetB	KitB
DatasetB_sample029	G117	0.376894	DatasetB	KitB
DatasetB_sample029	G118	0.665318	DatasetB	KitB
DatasetB_sample029	G119	0.869607	DatasetB	KitB
DatasetB_sample029	G120	0.599749	DatasetB	KitB
DatasetB_sample029	G121	0.399366	DatasetB	KitB
DatasetB_sample029	G122	0.67304	DatasetB	KitB
DatasetB_sample029	G123	0.621253	DatasetB	KitB
DatasetB_sample029	G124	0.665157	DatasetB	KitB
DatasetB_sample029	G125	0.573339	DatasetB	KitB
DatasetB_sample029	G126	0.693356	DatasetB	KitB
DatasetB_sample029	G127	0.651092	DatasetB	KitB
DatasetB_sample029	G128	0.517185	DatasetB	KitB
DatasetB_sample029	G129	0.583919	DatasetB	KitB
DatasetB_sample029	G130	0.681625	DatasetB	KitB
DatasetB_sample029	G131	0.379108	DatasetB	KitB
DatasetB_sample029	G132	0.52046	DatasetB	KitB
DatasetB_sample029	G134	0.461895	DatasetB	KitB
DatasetB_sample029	G135	0.745028	DatasetB	KitB
DatasetB_sample029	G136	0.585708	DatasetB	KitB
DatasetB_sample029	G137	0.787012	DatasetB	KitB
DatasetB_sample029	G138	0.737491	DatasetB	KitB
DatasetB_sample029	G139	0.681419	DatasetB	KitB
DatasetB_sample029	G140	0.777414	DatasetB	KitB
DatasetB_sample029	G141	0.321798	DatasetB	KitB
DatasetB_sample029	G143	0.433017	DatasetB	KitB
DatasetB_sample029	G145	0.501277	DatasetB	KitB
DatasetB_sample029	G147	0.427968	DatasetB	KitB
DatasetB_sample029	G148	0.454754	DatasetB	KitB
DatasetB_sample029	G150	0.287003	DatasetB	KitB
DatasetB_sample029	G151	0.477625	DatasetB	KitB
DatasetB_sample029	G152	0.260422	DatasetB	KitB
DatasetB_sample029	G153	0.279326	DatasetB	KitB
DatasetB_sample029	G154	0.404259	DatasetB	KitB
DatasetB_sample029	G156	0.355711	DatasetB	KitB
DatasetB_sample029	G157	0.095637	DatasetB	KitB
DatasetB_sample029	G158	0.158181	DatasetB	KitB
DatasetB_sample029	G159	0.459833	DatasetB	KitB
DatasetB_sample029	G160	0.672206	DatasetB	KitB
DatasetB_sample029	G161	0.516075	DatasetB	KitB
DatasetB_sample029	G162	0.445463	DatasetB	KitB
DatasetB_sample029	G163	0.200187	DatasetB	KitB
DatasetB_sample029	G164	0.151165	DatasetB	KitB
DatasetB_sample029	G165	0.614041	DatasetB	KitB
DatasetB_sample029	G166	0.203603	DatasetB	KitB
DatasetB_sample029	G168	0.426786	DatasetB	KitB
DatasetB_sample029	G170	0.215607	DatasetB	KitB
DatasetB_sample029	G175	0.328649	DatasetB	KitB
DatasetB_sample029	G177	0.323478	DatasetB	KitB
DatasetB_sample029	G183	0.078035	DatasetB	KitB
DatasetB_sample029	G186	0.141195	DatasetB	KitB
DatasetB_sample029	G187	0.37828	DatasetB	KitB
DatasetB_sample029	G199	0.150551	DatasetB	KitB
DatasetB_sample030	G001	0.759764	DatasetB	KitB
DatasetB_sample030	G002	0.490146	DatasetB	KitB
DatasetB_sample030	G003	0.663082	DatasetB	KitB
DatasetB_sample030	G004	0.571195	DatasetB	KitB
DatasetB_sample030	G005	0.293113	DatasetB	KitB
DatasetB_sample030	G006	0.501282	DatasetB	KitB
DatasetB_sample030	G007	0.610421	DatasetB	KitB
DatasetB_sample030	G008	0.736611	DatasetB	KitB
DatasetB_sample030	G009	0.735606	DatasetB	KitB
DatasetB_sample030	G010	0.692675	DatasetB	KitB
DatasetB_sample030	G011	0.939582	DatasetB	KitB
DatasetB_sample030	G012	0.590705	DatasetB	KitB
DatasetB_sample030	G013	0.785228	DatasetB	KitB
DatasetB_sample030	G014	0.638714	DatasetB	KitB
DatasetB_sample030	G015	0.660992	DatasetB	KitB
DatasetB_sample030	G016	0.69033	DatasetB	KitB
DatasetB_sample030	G017	0.594726	DatasetB	KitB
DatasetB_sample030	G018	0.437004	DatasetB	KitB
DatasetB_sample030	G019	0.745767	DatasetB	KitB
DatasetB_sample030	G020	0.982524	DatasetB	KitB
DatasetB_sample030	G021	0.774842	DatasetB	KitB
DatasetB_sample030	G022	0.842165	DatasetB	KitB
DatasetB_sample030	G023	0.727441	DatasetB	KitB
DatasetB_sample030	G024	0.769271	DatasetB	KitB
DatasetB_sample030	G025	0.849592	DatasetB	KitB
DatasetB_sample030	G026	0.87032	DatasetB	KitB
DatasetB_sample030	G027	0.783608	DatasetB	KitB
DatasetB_sample030	G028	0.353475	DatasetB	KitB
DatasetB_sample030	G029	0.677285	DatasetB	KitB
DatasetB_sample030	G030	0.307794	DatasetB	KitB
DatasetB_sample030	G031	0.915858	DatasetB	KitB
DatasetB_sample030	G032	0.668562	DatasetB	KitB
DatasetB_sample030	G033	0.646813	DatasetB	KitB
DatasetB_sample030	G034	0.861366	DatasetB	KitB
DatasetB_sample030	G035	0.649634	DatasetB	KitB
DatasetB_sample030	G036	0.4757	DatasetB	KitB
DatasetB_sample030	G037	0.853134	DatasetB	KitB
DatasetB_sample030	G038	0.660394	DatasetB	KitB
DatasetB_sample030	G039	0.770124	DatasetB	KitB
DatasetB_sample030	G040	0.439323	DatasetB	KitB
DatasetB_sample030	G041	0.781954	DatasetB	KitB
DatasetB_sample030	G042	0.791045	DatasetB	KitB
DatasetB_sample030	G043	0.683164	DatasetB	KitB
DatasetB_sample030	G044	0.744208	DatasetB	KitB
DatasetB_sample030	G045	0.252445	DatasetB	KitB
DatasetB_sample030	G046	0.97622	DatasetB	KitB
DatasetB_sample030	G047	0.793699	DatasetB	KitB
DatasetB_sample030	G048	0.807115	DatasetB	KitB
DatasetB_sample030	G049	0.713213	DatasetB	KitB
DatasetB_sample030	G050	0.718132	DatasetB	KitB
DatasetB_sample030	G051	0.513155	DatasetB	KitB
DatasetB_sample030	G052	0.440241	DatasetB	KitB
DatasetB_sample030	G053	0.613798	DatasetB	KitB
DatasetB_sample030	G054	0.545276	DatasetB	KitB
DatasetB_sample030	G055	0.372296	DatasetB	KitB
DatasetB_sample030	G056	0.47584	DatasetB	KitB
DatasetB_sample030	G057	0.530926	DatasetB	KitB
DatasetB_sample030	G058	0.654888	DatasetB	KitB
DatasetB_sample030	G059	0.533417	DatasetB	KitB
DatasetB_sample030	G060	0.696028	DatasetB	KitB
DatasetB_sample030	G061	0.486449	DatasetB	KitB
DatasetB_sample030	G062	0.657003	DatasetB	KitB
DatasetB_sample030	G063	0.281653	DatasetB	KitB
DatasetB_sample030	G064	0.546604	DatasetB	KitB
DatasetB_sample030	G065	0.72592	DatasetB	KitB
DatasetB_sample030	G066	0.265338	DatasetB	KitB
DatasetB_sample030	G067	0.521349	DatasetB	KitB
DatasetB_sample030	G068	0.672034	DatasetB	KitB
DatasetB_sample030	G069	0.642151	DatasetB	KitB
DatasetB_sample030	G070	0.477174	DatasetB	KitB
DatasetB_sample030	G071	0.622024	DatasetB	KitB
DatasetB_sample030	G072	0.550551	DatasetB	KitB
DatasetB_sample030	G074	0.530441	DatasetB	KitB
DatasetB_sample030	G075	0.626312	DatasetB	KitB
DatasetB_sample030	G076	0.598767	DatasetB	KitB
DatasetB_sample030	G077	0.765349	DatasetB	KitB
DatasetB_sample030	G078	0.220526	DatasetB	KitB
DatasetB_sample030	G079	0.744264	DatasetB	KitB
DatasetB_sample030	G080	0.690903	DatasetB	KitB
DatasetB_sample030	G111	0.504938	DatasetB	KitB
DatasetB_sample030	G112	0.599103	DatasetB	KitB
DatasetB_sample030	G113	0.859445	DatasetB	KitB
DatasetB_sample030	G114	0.480665	DatasetB	KitB
DatasetB_sample030	G115	0.535295	DatasetB	KitB
DatasetB_sample030	G116	0.40077	DatasetB	KitB
DatasetB_sample030	G117	0.5403	DatasetB	KitB
DatasetB_sample030	G118	0.596594	DatasetB	KitB
DatasetB_sample030	G119	0.352891	DatasetB	KitB
DatasetB_sample030	G120	0.250906	DatasetB	KitB
DatasetB_sample030	G121	0.569473	DatasetB	KitB
DatasetB_sample030	G122	0.829121	DatasetB	KitB
DatasetB_sample030	G123	0.554308	DatasetB	KitB
DatasetB_sample030	G125	0.568041	DatasetB	KitB
DatasetB_sample030	G126	0.590959	DatasetB	KitB
DatasetB_sample030	G127	0.379933	DatasetB	KitB
DatasetB_sample030	G128	0.378055	DatasetB	KitB
DatasetB_sample030	G129	0.396486	DatasetB	KitB
DatasetB_sample030	G130	0.565256	DatasetB	KitB
DatasetB_sample030	G131	0.860155	DatasetB	KitB
DatasetB_sample030	G132	0.627821	DatasetB	KitB
DatasetB_sample030	G133	0.385044	DatasetB	KitB
DatasetB_sample030	G134	0.452172	DatasetB	KitB
DatasetB_sample030	G135	0.368066	DatasetB	KitB
DatasetB_sample030	G136	0.480043	DatasetB	KitB
DatasetB_sample030	G137	0.443636	DatasetB	KitB
DatasetB_sample030	G138	0.535668	DatasetB	KitB
DatasetB_sample030	G139	0.723821	DatasetB	KitB
DatasetB_sample030	G140	0.513112	DatasetB	KitB
DatasetB_sample030	G142	0.279122	DatasetB	KitB
DatasetB_sample030	G143	0.391649	DatasetB	KitB
DatasetB_sample030	G145	0.852664	DatasetB	KitB
DatasetB_sample030	G148	0.175193	DatasetB	KitB
DatasetB_sample030	G149	0.460231	DatasetB	KitB
DatasetB_sample030	G150	0.295657	DatasetB	KitB
DatasetB_sample030	G152	0.391279	DatasetB	KitB
DatasetB_sample030	G153	0.394186	DatasetB	KitB
DatasetB_sample030	G154	0.219233	DatasetB	KitB
DatasetB_sample030	G155	0.144475	DatasetB	KitB
DatasetB_sample030	G156	0.424528	DatasetB	KitB
DatasetB_sample030	G159	0.489246	DatasetB	KitB
DatasetB_sample030	G162	0.587759	DatasetB	KitB
DatasetB_sample030	G166	0.822661	DatasetB	KitB
DatasetB_sample030	G168	0.381522	DatasetB	KitB
DatasetB_sample030	G169	0.310142	DatasetB	KitB
DatasetB_sample030	G170	0.395662	DatasetB	KitB
DatasetB_sample030	G172	0.491519	DatasetB	KitB
DatasetB_sample030	G174	0.434343	DatasetB	KitB
DatasetB_sample030	G183	0.397709	DatasetB	KitB
DatasetB_sample030	G187	0.143968	DatasetB	KitB
DatasetB_sample030	G195	0.089864	DatasetB	KitB
DatasetB_sample030	G196	0.229763	DatasetB	KitB
DatasetB_sample030	G198	0.195146	DatasetB	KitB
DatasetB_sample030	G199	0.3369	DatasetB	KitB
DatasetB_sample031	G001	0.634453	DatasetB	KitB
DatasetB_sample031	G002	0.764437	DatasetB	KitB
DatasetB_sample031	G003	0.939994	DatasetB	KitB
DatasetB_sample031	G004	0.62344	DatasetB	KitB
DatasetB_sample031	G005	0.596187	DatasetB	KitB
DatasetB_sample031	G006	0.88526	DatasetB	KitB
DatasetB_sample031	G007	0.856012	DatasetB	KitB
DatasetB_sample031	G008	0.844219	DatasetB	KitB
DatasetB_sample031	G009	0.835702	DatasetB	KitB
DatasetB_sample031	G010	0.668604	DatasetB	KitB
DatasetB_sample031	G011	0.968716	DatasetB	KitB
DatasetB_sample031	G012	0.741527	DatasetB	KitB
DatasetB_sample031	G013	0.859842	DatasetB	KitB
DatasetB_sample031	G014	0.736601	DatasetB	KitB
DatasetB_sample031	G015	0.645294	DatasetB	KitB
DatasetB_sample031	G016	0.362374	DatasetB	KitB
DatasetB_sample031	G017	0.954858	DatasetB	KitB
DatasetB_sample031	G018	0.685268	DatasetB	KitB
DatasetB_sample031	G019	0.862007	DatasetB	KitB
DatasetB_sample031	G020	0.576652	DatasetB	KitB
DatasetB_sample031	G021	0.77088	DatasetB	KitB
DatasetB_sample031	G022	0.729524	DatasetB	KitB
DatasetB_sample031	G023	0.741792	DatasetB	KitB
DatasetB_sample031	G024	0.860915	DatasetB	KitB
DatasetB_sample031	G025	0.913562	DatasetB	KitB
DatasetB_sample031	G026	0.646598	DatasetB	KitB
DatasetB_sample031	G027	0.806625	DatasetB	KitB
DatasetB_sample031	G028	0.747079	DatasetB	KitB
DatasetB_sample031	G029	0.501644	DatasetB	KitB
DatasetB_sample031	G030	0.418187	DatasetB	KitB
DatasetB_sample031	G031	0.558946	DatasetB	KitB
DatasetB_sample031	G032	0.868364	DatasetB	KitB
DatasetB_sample031	G033	0.654785	DatasetB	KitB
DatasetB_sample031	G034	0.842704	DatasetB	KitB
DatasetB_sample031	G035	0.493679	DatasetB	KitB
DatasetB_sample031	G036	0.573278	DatasetB	KitB
DatasetB_sample031	G037	0.492219	DatasetB	KitB
DatasetB_sample031	G038	0.776886	DatasetB	KitB
DatasetB_sample031	G039	0.480574	DatasetB	KitB
DatasetB_sample031	G040	0.885723	DatasetB	KitB
DatasetB_sample031	G041	0.82618	DatasetB	KitB
DatasetB_sample031	G042	0.794436	DatasetB	KitB
DatasetB_sample031	G043	0.417928	DatasetB	KitB
DatasetB_sample031	G044	0.24929	DatasetB	KitB
DatasetB_sample031	G045	0.80242	DatasetB	KitB
DatasetB_sample031	G046	0.812914	DatasetB	KitB
DatasetB_sample031	G047	0.836757	DatasetB	KitB
DatasetB_sample031	G048	0.836182	DatasetB	KitB
DatasetB_sample031	G049	0.711966	DatasetB	KitB
DatasetB_sample031	G050	0.962953	DatasetB	KitB
DatasetB_sample031	G051	0.603458	DatasetB	KitB
DatasetB_sample031	G052	0.493191	DatasetB	KitB
DatasetB_sample031	G053	0.277697	DatasetB	KitB
DatasetB_sample031	G054	0.659863	DatasetB	KitB
DatasetB_sample031	G055	0.162183	DatasetB	KitB
DatasetB_sample031	G056	0.601519	DatasetB	KitB
DatasetB_sample031	G057	0.344783	DatasetB	KitB
DatasetB_sample031	G059	0.736556	DatasetB	KitB
DatasetB_sample031	G060	0.474063	DatasetB	KitB
DatasetB_sample031	G061	0.489609	DatasetB	KitB
DatasetB_sample031	G062	0.65782	DatasetB	KitB
DatasetB_sample031	G063	0.732749	DatasetB	KitB
DatasetB_sample031	G064	0.575619	DatasetB	KitB
DatasetB_sample031	G065	0.447713	DatasetB	KitB
DatasetB_sample031	G066	0.410354	DatasetB	KitB
DatasetB_sample031	G067	0.70385	DatasetB	KitB
DatasetB_sample031	G068	0.55432	DatasetB	KitB
DatasetB_sample031	G069	0.455545	DatasetB	KitB
DatasetB_sample031	G070	0.6677	DatasetB	KitB
DatasetB_sample031	G071	0.532059	DatasetB	KitB
DatasetB_sample031	G072	0.760353	DatasetB	KitB
DatasetB_sample031	G073	0.355934	DatasetB	KitB
DatasetB_sample031	G074	0.461004	DatasetB	KitB
DatasetB_sample031	G075	0.387083	DatasetB	KitB
DatasetB_sample031	G076	0.677412	DatasetB	KitB
DatasetB_sample031	G077	0.791529	DatasetB	KitB
DatasetB_sample031	G078	0.381449	DatasetB	KitB
DatasetB_sample031	G079	0.566343	DatasetB	KitB
DatasetB_sample031	G080	0.872621	DatasetB	KitB
DatasetB_sample031	G111	0.549686	DatasetB	KitB
DatasetB_sample031	G112	0.54835	DatasetB	KitB
DatasetB_sample031	G113	0.23932	DatasetB	KitB
DatasetB_sample031	G114	0.32604	DatasetB	KitB
DatasetB_sample031	G115	0.452808	DatasetB	KitB
DatasetB_sample031	G116	0.67441	DatasetB	KitB
DatasetB_sample031	G117	0.305618	DatasetB	KitB
DatasetB_sample031	G118	0.392928	DatasetB	KitB
DatasetB_sample031	G119	0.350048	DatasetB	KitB
DatasetB_sample031	G120	0.805196	DatasetB	KitB
DatasetB_sample031	G121	0.562774	DatasetB	KitB
DatasetB_sample031	G122	0.374339	DatasetB	KitB
DatasetB_sample031	G123	0.572984	DatasetB	KitB
DatasetB_sample031	G124	0.681368	DatasetB	KitB
DatasetB_sample031	G125	0.330061	DatasetB	KitB
DatasetB_sample031	G126	0.60067	DatasetB	KitB
DatasetB_sample031	G127	0.432723	DatasetB	KitB
DatasetB_sample031	G128	0.675557	DatasetB	KitB
DatasetB_sample031	G129	0.577425	DatasetB	KitB
DatasetB_sample031	G130	0.383007	DatasetB	KitB
DatasetB_sample031	G131	0.438718	DatasetB	KitB
DatasetB_sample031	G132	0.603737	DatasetB	KitB
DatasetB_sample031	G133	0.338614	DatasetB	KitB
DatasetB_sample031	G134	0.439037	DatasetB	KitB
DatasetB_sample031	G135	0.560175	DatasetB	KitB
DatasetB_sample031	G136	0.67444	DatasetB	KitB
DatasetB_sample031	G137	0.700906	DatasetB	KitB
DatasetB_sample031	G138	0.581751	DatasetB	KitB
DatasetB_sample031	G139	0.431131	DatasetB	KitB
DatasetB_sample031	G140	0.661311	DatasetB	KitB
DatasetB_sample031	G143	0.681555	DatasetB	KitB
DatasetB_sample031	G144	0.753777	DatasetB	KitB
DatasetB_sample031	G145	0.318573	DatasetB	KitB
DatasetB_sample031	G146	0.462011	DatasetB	KitB
DatasetB_sample031	G147	0.313027	DatasetB	KitB
DatasetB_sample031	G148	0.683207	DatasetB	KitB
DatasetB_sample031	G149	0.578467	DatasetB	KitB
DatasetB_sample031	G152	0.576327	DatasetB	KitB
DatasetB_sample031	G157	0.37539	DatasetB	KitB
DatasetB_sample031	G158	0.240706	DatasetB	KitB
DatasetB_sample031	G159	0.435881	DatasetB	KitB
DatasetB_sample031	G161	0.398398	DatasetB	KitB
DatasetB_sample031	G162	0.392635	DatasetB	KitB
DatasetB_sample031	G163	0.597886	DatasetB	KitB
DatasetB_sample031	G164	0.454831	DatasetB	KitB
DatasetB_sample031	G167	0.466049	DatasetB	KitB
DatasetB_sample031	G168	0.724219	DatasetB	KitB
DatasetB_sample031	G169	0.387609	DatasetB	KitB
DatasetB_sample031	G170	0.585164	DatasetB	KitB
DatasetB_sample031	G171	0.449267	DatasetB	KitB
DatasetB_sample031	G180	0.45049	DatasetB	KitB
DatasetB_sample031	G181	0.089502	DatasetB	KitB
DatasetB_sample031	G187	0.685866	DatasetB	KitB
DatasetB_sample031	G188	0.080221	DatasetB	KitB
DatasetB_sample031	G193	0.526808	DatasetB	KitB
DatasetB_sample031	G197	0.239246	DatasetB	KitB
DatasetB_sample031	G200	0.309878	DatasetB	KitB
DatasetB_sample032	G001	0.82315	DatasetB	KitB
DatasetB_sample032	G002	0.884785	DatasetB	KitB
DatasetB_sample032	G003	0.727647	DatasetB	KitB
DatasetB_sample032	G004	0.906652	DatasetB	KitB
DatasetB_sample032	G005	0.800882	DatasetB	KitB
DatasetB_sample032	G006	0.791792	DatasetB	KitB
DatasetB_sample032	G007	0.920381	DatasetB	KitB
DatasetB_sample032	G008	0.883325	DatasetB	KitB
DatasetB_sample032	G009	0.598449	DatasetB	KitB
DatasetB_sample032	G010	0.811229	DatasetB	KitB
DatasetB_sample032	G011	0.888067	DatasetB	KitB
DatasetB_sample032	G012	0.965678	DatasetB	KitB
DatasetB_sample032	G013	0.75009	DatasetB	KitB
DatasetB_sample032	G014	0.686871	DatasetB	KitB
DatasetB_sample032	G015	0.830909	DatasetB	KitB
DatasetB_sample032	G016	0.451903	DatasetB	KitB
DatasetB_sample032	G017	0.822635	DatasetB	KitB
DatasetB_sample032	G018	0.844567	DatasetB	KitB
DatasetB_sample032	G019	0.56759	DatasetB	KitB
DatasetB_sample032	G020	0.710385	DatasetB	KitB
DatasetB_sample032	G021	0.458947	DatasetB	KitB
DatasetB_sample032	G022	0.810158	DatasetB	KitB
DatasetB_sample032	G023	0.496847	DatasetB	KitB
DatasetB_sample032	G024	0.606961	DatasetB	KitB
DatasetB_sample032	G025	0.62611	DatasetB	KitB
DatasetB_sample032	G026	0.640751	DatasetB	KitB
DatasetB_sample032	G027	0.730752	DatasetB	KitB
DatasetB_sample032	G028	0.821747	DatasetB	KitB
DatasetB_sample032	G029	0.692961	DatasetB	KitB
DatasetB_sample032	G030	0.407755	DatasetB	KitB
DatasetB_sample032	G031	0.850196	DatasetB	KitB
DatasetB_sample032	G032	0.808935	DatasetB	KitB
DatasetB_sample032	G033	0.848197	DatasetB	KitB
DatasetB_sample032	G034	0.865401	DatasetB	KitB
DatasetB_sample032	G035	0.78556	DatasetB	KitB
DatasetB_sample032	G036	0.356171	DatasetB	KitB
DatasetB_sample032	G037	0.805791	DatasetB	KitB
DatasetB_sample032	G038	0.897136	DatasetB	KitB
DatasetB_sample032	G039	0.629351	DatasetB	KitB
DatasetB_sample032	G040	0.793677	DatasetB	KitB
DatasetB_sample032	G041	0.941855	DatasetB	KitB
DatasetB_sample032	G042	0.828956	DatasetB	KitB
DatasetB_sample032	G043	0.775082	DatasetB	KitB
DatasetB_sample032	G044	0.774004	DatasetB	KitB
DatasetB_sample032	G045	0.579002	DatasetB	KitB
DatasetB_sample032	G046	0.727717	DatasetB	KitB
DatasetB_sample032	G047	0.882196	DatasetB	KitB
DatasetB_sample032	G048	0.720724	DatasetB	KitB
DatasetB_sample032	G049	0.719696	DatasetB	KitB
DatasetB_sample032	G050	0.677332	DatasetB	KitB
DatasetB_sample032	G051	0.754219	DatasetB	KitB
DatasetB_sample032	G052	0.590242	DatasetB	KitB
DatasetB_sample032	G053	0.562237	DatasetB	KitB
DatasetB_sample032	G054	0.79375	DatasetB	KitB
DatasetB_sample032	G055	0.552147	DatasetB	KitB
DatasetB_sample032	G056	0.74295	DatasetB	KitB
DatasetB_sample032	G057	0.467889	DatasetB	KitB
DatasetB_sample032	G058	0.44868	DatasetB	KitB
DatasetB_sample032	G059	0.586806	DatasetB	KitB
DatasetB_sample032	G060	0.423201	DatasetB	KitB
DatasetB_sample032	G061	0.699684	DatasetB	KitB
DatasetB_sample032	G062	0.452344	DatasetB	KitB
DatasetB_sample032	G063	0.565261	DatasetB	KitB
DatasetB_sample032	G064	0.706303	DatasetB	KitB
DatasetB_sample032	G065	0.524832	DatasetB	KitB
DatasetB_sample032	G066	0.362605	DatasetB	KitB
DatasetB_sample032	G067	0.519164	DatasetB	KitB
DatasetB_sample032	G068	0.746793	DatasetB	KitB
DatasetB_sample032	G069	0.61996	DatasetB	KitB
DatasetB_sample032	G070	0.345072	DatasetB	KitB
DatasetB_sample032	G071	0.400169	DatasetB	KitB
DatasetB_sample032	G072	0.406679	DatasetB	KitB
DatasetB_sample032	G073	0.612167	DatasetB	KitB
DatasetB_sample032	G074	0.588321	DatasetB	KitB
DatasetB_sample032	G075	0.443235	DatasetB	KitB
DatasetB_sample032	G076	0.796193	DatasetB	KitB
DatasetB_sample032	G077	0.445505	DatasetB	KitB
DatasetB_sample032	G078	0.766569	DatasetB	KitB
DatasetB_sample032	G079	0.829941	DatasetB	KitB
DatasetB_sample032	G080	0.462575	DatasetB	KitB
DatasetB_sample032	G111	0.755981	DatasetB	KitB
DatasetB_sample032	G112	0.452174	DatasetB	KitB
DatasetB_sample032	G113	0.745127	DatasetB	KitB
DatasetB_sample032	G114	0.840056	DatasetB	KitB
DatasetB_sample032	G115	0.796358	DatasetB	KitB
DatasetB_sample032	G116	0.584762	DatasetB	KitB
DatasetB_sample032	G117	0.553706	DatasetB	KitB
DatasetB_sample032	G118	0.648771	DatasetB	KitB
DatasetB_sample032	G120	0.699348	DatasetB	KitB
DatasetB_sample032	G121	0.716323	DatasetB	KitB
DatasetB_sample032	G122	0.507247	DatasetB	KitB
DatasetB_sample032	G124	0.446799	DatasetB	KitB
DatasetB_sample032	G125	0.569091	DatasetB	KitB
DatasetB_sample032	G126	0.440031	DatasetB	KitB
DatasetB_sample032	G127	0.228727	DatasetB	KitB
DatasetB_sample032	G128	0.960241	DatasetB	KitB
DatasetB_sample032	G129	0.643407	DatasetB	KitB
DatasetB_sample032	G130	0.664614	DatasetB	KitB
DatasetB_sample032	G131	0.493161	DatasetB	KitB
DatasetB_sample032	G132	0.619	DatasetB	KitB
DatasetB_sample032	G133	0.791581	DatasetB	KitB
DatasetB_sample032	G134	0.547929	DatasetB	KitB
DatasetB_sample032	G135	0.374654	DatasetB	KitB
DatasetB_sample032	G136	0.354282	DatasetB	KitB
DatasetB_sample032	G137	0.613014	DatasetB	KitB
DatasetB_sample032	G138	0.429594	DatasetB	KitB
DatasetB_sample032	G139	0.797848	DatasetB	KitB
DatasetB_sample032	G140	0.420025	DatasetB	KitB
DatasetB_sample032	G143	0.782254	DatasetB	KitB
DatasetB_sample032	G144	0.257378	DatasetB	KitB
DatasetB_sample032	G145	0.301165	DatasetB	KitB
DatasetB_sample032	G149	0.536769	DatasetB	KitB
DatasetB_sample032	G152	0.25558	DatasetB	KitB
DatasetB_sample032	G153	0.340264	DatasetB	KitB
DatasetB_sample032	G154	0.315967	DatasetB	KitB
DatasetB_sample032	G155	0.175568	DatasetB	KitB
DatasetB_sample032	G156	0.457803	DatasetB	KitB
DatasetB_sample032	G157	0.440535	DatasetB	KitB
DatasetB_sample032	G158	0.437142	DatasetB	KitB
DatasetB_sample032	G159	0.280895	DatasetB	KitB
DatasetB_sample032	G160	0.490514	DatasetB	KitB
DatasetB_sample032	G161	0.209533	DatasetB	KitB
DatasetB_sample032	G164	0.231579	DatasetB	KitB
DatasetB_sample032	G166	0.495199	DatasetB	KitB
DatasetB_sample032	G167	0.592509	DatasetB	KitB
DatasetB_sample032	G168	0.344186	DatasetB	KitB
DatasetB_sample032	G170	0.118046	DatasetB	KitB
DatasetB_sample032	G171	0.181078	DatasetB	KitB
DatasetB_sample032	G173	0.061925	DatasetB	KitB
DatasetB_sample032	G178	0.311349	DatasetB	KitB
DatasetB_sample032	G182	0.281781	DatasetB	KitB
DatasetB_sample032	G186	0.203587	DatasetB	KitB
DatasetB_sample032	G188	0.064207	DatasetB	KitB
DatasetB_sample032	G192	0.265347	DatasetB	KitB
DatasetB_sample033	G001	0.71155	DatasetB	KitB
DatasetB_sample033	G002	0.609161	DatasetB	KitB
DatasetB_sample033	G003	0.858904	DatasetB	KitB
DatasetB_sample033	G004	0.855478	DatasetB	KitB
DatasetB_sample033	G005	0.968014	DatasetB	KitB
DatasetB_sample033	G006	0.605107	DatasetB	KitB
DatasetB_sample033	G007	0.866858	DatasetB	KitB
DatasetB_sample033	G008	0.913406	DatasetB	KitB
DatasetB_sample033	G009	0.823445	DatasetB	KitB
DatasetB_sample033	G010	0.51479	DatasetB	KitB
DatasetB_sample033	G011	0.735904	DatasetB	KitB
DatasetB_sample033	G012	0.461588	DatasetB	KitB
DatasetB_sample033	G013	0.368157	DatasetB	KitB
DatasetB_sample033	G014	0.771467	DatasetB	KitB
DatasetB_sample033	G015	0.707434	DatasetB	KitB
DatasetB_sample033	G016	0.911059	DatasetB	KitB
DatasetB_sample033	G017	0.667663	DatasetB	KitB
DatasetB_sample033	G018	0.778462	DatasetB	KitB
DatasetB_sample033	G019	0.694367	DatasetB	KitB
DatasetB_sample033	G020	0.730958	DatasetB	KitB
DatasetB_sample033	G021	0.618758	DatasetB	KitB
DatasetB_sample033	G022	0.616162	DatasetB	KitB
DatasetB_sample033	G023	0.851391	DatasetB	KitB
DatasetB_sample033	G024	0.824744	DatasetB	KitB
DatasetB_sample033	G025	0.658234	DatasetB	KitB
DatasetB_sample033	G026	0.504184	DatasetB	KitB
DatasetB_sample033	G027	0.793493	DatasetB	KitB
DatasetB_sample033	G028	0.618751	DatasetB	KitB
DatasetB_sample033	G029	0.895805	DatasetB	KitB
DatasetB_sample033	G030	0.332627	DatasetB	KitB
DatasetB_sample033	G031	0.852551	DatasetB	KitB
DatasetB_sample033	G032	0.492923	DatasetB	KitB
DatasetB_sample033	G033	0.824351	DatasetB	KitB
DatasetB_sample033	G034	0.77131	DatasetB	KitB
DatasetB_sample033	G035	0.683724	DatasetB	KitB
DatasetB_sample033	G036	0.750664	DatasetB	KitB
DatasetB_sample033	G037	0.764154	DatasetB	KitB
DatasetB_sample033	G038	0.43349	DatasetB	KitB
DatasetB_sample033	G039	0.323449	DatasetB	KitB
DatasetB_sample033	G040	0.958968	DatasetB	KitB
DatasetB_sample033	G041	0.444267	DatasetB	KitB
DatasetB_sample033	G042	0.964252	DatasetB	KitB
DatasetB_sample033	G043	0.840595	DatasetB	KitB
DatasetB_sample033	G044	0.652377	DatasetB	KitB
DatasetB_sample033	G045	0.867565	DatasetB	KitB
DatasetB_sample033	G046	0.803786	DatasetB	KitB
DatasetB_sample033	G047	0.446076	DatasetB	KitB
DatasetB_sample033	G048	0.503563	DatasetB	KitB
DatasetB_sample033	G049	0.737783	DatasetB	KitB
DatasetB_sample033	G050	0.495741	DatasetB	KitB
DatasetB_sample033	G052	0.505413	DatasetB	KitB
DatasetB_sample033	G053	0.501076	DatasetB	KitB
DatasetB_sample033	G054	0.351167	DatasetB	KitB
DatasetB_sample033	G055	0.681395	DatasetB	KitB
DatasetB_sample033	G056	0.534717	DatasetB	KitB
DatasetB_sample033	G057	0.352566	DatasetB	KitB
DatasetB_sample033	G058	0.509948	DatasetB	KitB
DatasetB_sample033	G059	0.54362	DatasetB	KitB
DatasetB_sample033	G060	0.667301	DatasetB	KitB
DatasetB_sample033	G061	0.567712	DatasetB	KitB
DatasetB_sample033	G062	0.682785	DatasetB	KitB
DatasetB_sample033	G063	0.882719	DatasetB	KitB
DatasetB_sample033	G065	0.619154	DatasetB	KitB
DatasetB_sample033	G066	0.334155	DatasetB	KitB
DatasetB_sample033	G067	0.164213	DatasetB	KitB
DatasetB_sample033	G068	0.834492	DatasetB	KitB
DatasetB_sample033	G069	0.847321	DatasetB	KitB
DatasetB_sample033	G070	0.582833	DatasetB	KitB
DatasetB_sample033	G071	0.678644	DatasetB	KitB
DatasetB_sample033	G072	0.432677	DatasetB	KitB
DatasetB_sample033	G073	0.389836	DatasetB	KitB
DatasetB_sample033	G074	0.492842	DatasetB	KitB
DatasetB_sample033	G075	0.453412	DatasetB	KitB
DatasetB_sample033	G076	0.769673	DatasetB	KitB
DatasetB_sample033	G077	0.551217	DatasetB	KitB
DatasetB_sample033	G078	0.697676	DatasetB	KitB
DatasetB_sample033	G079	0.784219	DatasetB	KitB
DatasetB_sample033	G080	0.342961	DatasetB	KitB
DatasetB_sample033	G111	0.461049	DatasetB	KitB
DatasetB_sample033	G112	0.308948	DatasetB	KitB
DatasetB_sample033	G113	0.454927	DatasetB	KitB
DatasetB_sample033	G114	0.659824	DatasetB	KitB
DatasetB_sample033	G115	0.517899	DatasetB	KitB
DatasetB_sample033	G116	0.474055	DatasetB	KitB
DatasetB_sample033	G117	0.530734	DatasetB	KitB
DatasetB_sample033	G119	0.349642	DatasetB	KitB
DatasetB_sample033	G120	0.580324	DatasetB	KitB
DatasetB_sample033	G121	0.495413	DatasetB	KitB
DatasetB_sample033	G122	0.323553	DatasetB	KitB
DatasetB_sample033	G123	0.830288	DatasetB	KitB
DatasetB_sample033	G124	0.322379	DatasetB	KitB
DatasetB_sample033	G125	0.683167	DatasetB	KitB
DatasetB_sample033	G126	0.415538	DatasetB	KitB
DatasetB_sample033	G127	0.413072	DatasetB	KitB
DatasetB_sample033	G128	0.593745	DatasetB	KitB
DatasetB_sample033	G129	0.643058	DatasetB	KitB
DatasetB_sample033	G130	0.547266	DatasetB	KitB
DatasetB_sample033	G131	0.899843	DatasetB	KitB
DatasetB_sample033	G132	0.53857	DatasetB	KitB
DatasetB_sample033	G133	0.263768	DatasetB	KitB
DatasetB_sample033	G134	0.50194	DatasetB	KitB
DatasetB_sample033	G135	0.717708	DatasetB	KitB
DatasetB_sample033	G136	0.692763	DatasetB	KitB
DatasetB_sample033	G137	0.793401	DatasetB	KitB
DatasetB_sample033	G138	0.358467	DatasetB	KitB
DatasetB_sample033	G139	0.673194	DatasetB	KitB
DatasetB_sample033	G140	0.653743	DatasetB	KitB
DatasetB_sample033	G145	0.218274	DatasetB	KitB
DatasetB_sample033	G146	0.457881	DatasetB	KitB
DatasetB_sample033	G147	0.324821	DatasetB	KitB
DatasetB_sample033	G148	0.367397	DatasetB	KitB
DatasetB_sample033	G150	0.093572	DatasetB	KitB
DatasetB_sample033	G153	0.31533	DatasetB	KitB
DatasetB_sample033	G155	0.283587	DatasetB	KitB
DatasetB_sample033	G156	0.253701	DatasetB	KitB
DatasetB_sample033	G159	0.195026	DatasetB	KitB
DatasetB_sample033	G160	0.309479	DatasetB	KitB
DatasetB_sample033	G161	0.311262	DatasetB	KitB
DatasetB_sample033	G162	0.565645	DatasetB	KitB
DatasetB_sample033	G163	0.167012	DatasetB	KitB
DatasetB_sample033	G167	0.214451	DatasetB	KitB
DatasetB_sample033	G168	0.511875	DatasetB	KitB
DatasetB_sample033	G174	0.570296	DatasetB	KitB
DatasetB_sample033	G180	0.160225	DatasetB	KitB
DatasetB_sample033	G182	0.15462	DatasetB	KitB
DatasetB_sample033	G184	0.110372	DatasetB	KitB
DatasetB_sample033	G188	0.393857	DatasetB	KitB
DatasetB_sample033	G189	0.247917	DatasetB	KitB
DatasetB_sample033	G195	0.123904	DatasetB	KitB
DatasetB_sample034	G001	0.67985	DatasetB	KitB
DatasetB_sample034	G002	0.58115	DatasetB	KitB
DatasetB_sample034	G003	0.69484	DatasetB	KitB
DatasetB_sample034	G004	0.528878	DatasetB	KitB
DatasetB_sample034	G005	0.437774	DatasetB	KitB
DatasetB_sample034	G006	0.63295	DatasetB	KitB
DatasetB_sample034	G007	0.756989	DatasetB	KitB
DatasetB_sample034	G008	0.852053	DatasetB	KitB
DatasetB_sample034	G009	0.701295	DatasetB	KitB
DatasetB_sample034	G010	0.80849	DatasetB	KitB
DatasetB_sample034	G011	0.748055	DatasetB	KitB
DatasetB_sample034	G012	0.846648	DatasetB	KitB
DatasetB_sample034	G013	0.707613	DatasetB	KitB
DatasetB_sample034	G014	0.86449	DatasetB	KitB
DatasetB_sample034	G015	0.691746	DatasetB	KitB
DatasetB_sample034	G016	0.616683	DatasetB	KitB
DatasetB_sample034	G017	0.878367	DatasetB	KitB
DatasetB_sample034	G018	0.79411	DatasetB	KitB
DatasetB_sample034	G019	0.555482	DatasetB	KitB
DatasetB_sample034	G020	0.534839	DatasetB	KitB
DatasetB_sample034	G021	0.734295	DatasetB	KitB
DatasetB_sample034	G022	0.751785	DatasetB	KitB
DatasetB_sample034	G023	0.928186	DatasetB	KitB
DatasetB_sample034	G024	0.902686	DatasetB	KitB
DatasetB_sample034	G025	0.92145	DatasetB	KitB
DatasetB_sample034	G026	0.693635	DatasetB	KitB
DatasetB_sample034	G027	0.976279	DatasetB	KitB
DatasetB_sample034	G028	0.519623	DatasetB	KitB
DatasetB_sample034	G029	0.712515	DatasetB	KitB
DatasetB_sample034	G030	0.682523	DatasetB	KitB
DatasetB_sample034	G031	0.68976	DatasetB	KitB
DatasetB_sample034	G032	0.862955	DatasetB	KitB
DatasetB_sample034	G033	0.943991	DatasetB	KitB
DatasetB_sample034	G034	0.678509	DatasetB	KitB
DatasetB_sample034	G035	0.739711	DatasetB	KitB
DatasetB_sample034	G036	0.869279	DatasetB	KitB
DatasetB_sample034	G037	0.880782	DatasetB	KitB
DatasetB_sample034	G038	0.287676	DatasetB	KitB
DatasetB_sample034	G039	0.756325	DatasetB	KitB
DatasetB_sample034	G040	0.789819	DatasetB	KitB
DatasetB_sample034	G041	0.938077	DatasetB	KitB
DatasetB_sample034	G042	0.501113	DatasetB	KitB
DatasetB_sample034	G043	0.670286	DatasetB	KitB
DatasetB_sample034	G044	0.962397	DatasetB	KitB
DatasetB_sample034	G045	0.65154	DatasetB	KitB
DatasetB_sample034	G046	0.619566	DatasetB	KitB
DatasetB_sample034	G047	0.900555	DatasetB	KitB
DatasetB_sample034	G048	0.626615	DatasetB	KitB
DatasetB_sample034	G049	0.726897	DatasetB	KitB
DatasetB_sample034	G050	0.780507	DatasetB	KitB
DatasetB_sample034	G051	0.657633	DatasetB	KitB
DatasetB_sample034	G052	0.768827	DatasetB	KitB
DatasetB_sample034	G053	0.247158	DatasetB	KitB
DatasetB_sample034	G054	0.481532	DatasetB	KitB
DatasetB_sample034	G055	0.677798	DatasetB	KitB
DatasetB_sample034	G056	0.770122	DatasetB	KitB
DatasetB_sample034	G057	0.758684	DatasetB	KitB
DatasetB_sample034	G058	0.732054	DatasetB	KitB
DatasetB_sample034	G059	0.687785	DatasetB	KitB
DatasetB_sample034	G060	0.478194	DatasetB	KitB
DatasetB_sample034	G061	0.577877	DatasetB	KitB
DatasetB_sample034	G062	0.452633	DatasetB	KitB
DatasetB_sample034	G063	0.346503	DatasetB	KitB
DatasetB_sample034	G064	0.849015	DatasetB	KitB
DatasetB_sample034	G065	0.838629	DatasetB	KitB
DatasetB_sample034	G066	0.615421	DatasetB	KitB
DatasetB_sample034	G067	0.840405	DatasetB	KitB
DatasetB_sample034	G068	0.568413	DatasetB	KitB
DatasetB_sample034	G069	0.569424	DatasetB	KitB
DatasetB_sample034	G070	0.292153	DatasetB	KitB
DatasetB_sample034	G071	0.572784	DatasetB	KitB
DatasetB_sample034	G072	0.412364	DatasetB	KitB
DatasetB_sample034	G073	0.563385	DatasetB	KitB
DatasetB_sample034	G074	0.46201	DatasetB	KitB
DatasetB_sample034	G075	0.40343	DatasetB	KitB
DatasetB_sample034	G076	0.44082	DatasetB	KitB
DatasetB_sample034	G077	0.305066	DatasetB	KitB
DatasetB_sample034	G078	0.674366	DatasetB	KitB
DatasetB_sample034	G079	0.720924	DatasetB	KitB
DatasetB_sample034	G080	0.504524	DatasetB	KitB
DatasetB_sample034	G111	0.50505	DatasetB	KitB
DatasetB_sample034	G112	0.710401	DatasetB	KitB
DatasetB_sample034	G113	0.672038	DatasetB	KitB
DatasetB_sample034	G114	0.598266	DatasetB	KitB
DatasetB_sample034	G115	0.761826	DatasetB	KitB
DatasetB_sample034	G116	0.241293	DatasetB	KitB
DatasetB_sample034	G117	0.385492	DatasetB	KitB
DatasetB_sample034	G118	0.59795	DatasetB	KitB
DatasetB_sample034	G119	0.677554	DatasetB	KitB
DatasetB_sample034	G120	0.706321	DatasetB	KitB
DatasetB_sample034	G121	0.479508	DatasetB	KitB
DatasetB_sample034	G122	0.33896	DatasetB	KitB
DatasetB_sample034	G123	0.784068	DatasetB	KitB
DatasetB_sample034	G124	0.627302	DatasetB	KitB
DatasetB_sample034	G125	0.781324	DatasetB	KitB
DatasetB_sample034	G126	0.66504	DatasetB	KitB
DatasetB_sample034	G127	0.314658	DatasetB	KitB
DatasetB_sample034	G128	0.671268	DatasetB	KitB
DatasetB_sample034	G130	0.791764	DatasetB	KitB
DatasetB_sample034	G131	0.690433	DatasetB	KitB
DatasetB_sample034	G132	0.586186	DatasetB	KitB
DatasetB_sample034	G133	0.593745	DatasetB	KitB
DatasetB_sample034	G134	0.515347	DatasetB	KitB
DatasetB_sample034	G135	0.371211	DatasetB	KitB
DatasetB_sample034	G136	0.511532	DatasetB	KitB
DatasetB_sample034	G137	0.711751	DatasetB	KitB
DatasetB_sample034	G138	0.485409	DatasetB	KitB
DatasetB_sample034	G139	0.611978	DatasetB	KitB
DatasetB_sample034	G140	0.611965	DatasetB	KitB
DatasetB_sample034	G142	0.101891	DatasetB	KitB
DatasetB_sample034	G145	0.15604	DatasetB	KitB
DatasetB_sample034	G147	0.708571	DatasetB	KitB
DatasetB_sample034	G148	0.582579	DatasetB	KitB
DatasetB_sample034	G149	0.606317	DatasetB	KitB
DatasetB_sample034	G152	0.550038	DatasetB	KitB
DatasetB_sample034	G153	0.570018	DatasetB	KitB
DatasetB_sample034	G154	0.233834	DatasetB	KitB
DatasetB_sample034	G155	0.470807	DatasetB	KitB
DatasetB_sample034	G156	0.289964	DatasetB	KitB
DatasetB_sample034	G157	0.315102	DatasetB	KitB
DatasetB_sample034	G158	0.243871	DatasetB	KitB
DatasetB_sample034	G159	0.554173	DatasetB	KitB
DatasetB_sample034	G160	0.731552	DatasetB	KitB
DatasetB_sample034	G163	0.33034	DatasetB	KitB
DatasetB_sample034	G164	0.722403	DatasetB	KitB
DatasetB_sample034	G165	0.433571	DatasetB	KitB
DatasetB_sample034	G166	0.510164	DatasetB	KitB
DatasetB_sample034	G168	0.278465	DatasetB	KitB
DatasetB_sample034	G169	0.561124	DatasetB	KitB
DatasetB_sample034	G177	0.188855	DatasetB	KitB
DatasetB_sample034	G180	0.130093	DatasetB	KitB
DatasetB_sample034	G185	0.354975	DatasetB	KitB
DatasetB_sample034	G186	0.106038	DatasetB	KitB
DatasetB_sample034	G187	0.082814	DatasetB	KitB
DatasetB_sample034	G188	0.224752	DatasetB	KitB
DatasetB_sample034	G198	0.118683	DatasetB	KitB
DatasetB_sample034	G199	0.352329	DatasetB	KitB
DatasetB_sample035	G001	0.586199	DatasetB	KitB
DatasetB_sample035	G002	0.8488	DatasetB	KitB
DatasetB_sample035	G003	0.206587	DatasetB	KitB
DatasetB_sample035	G004	0.827555	DatasetB	KitB
DatasetB_sample035	G005	0.321703	DatasetB	KitB
DatasetB_sample035	G006	0.589378	DatasetB	KitB
DatasetB_sample035	G007	0.550027	DatasetB	KitB
DatasetB_sample035	G008	0.350564	DatasetB	KitB
DatasetB_sample035	G009	0.694505	DatasetB	KitB
DatasetB_sample035	G010	0.794889	DatasetB	KitB
DatasetB_sample035	G011	0.93133	DatasetB	KitB
DatasetB_sample035	G012	0.559096	DatasetB	KitB
DatasetB_sample035	G013	0.518966	DatasetB	KitB
DatasetB_sample035	G014	0.720918	DatasetB	KitB
DatasetB_sample035	G015	0.837164	DatasetB	KitB
DatasetB_sample035	G016	0.770252	DatasetB	KitB
DatasetB_sample035	G017	0.260772	DatasetB	KitB
DatasetB_sample035	G018	0.585551	DatasetB	KitB
DatasetB_sample035	G019	0.605501	DatasetB	KitB
DatasetB_sample035	G020	0.661735	DatasetB	KitB
DatasetB_sample035	G021	0.561871	DatasetB	KitB
DatasetB_sample035	G022	0.765445	DatasetB	KitB
DatasetB_sample035	G023	0.818253	DatasetB	KitB
DatasetB_sample035	G024	0.902495	DatasetB	KitB
DatasetB_sample035	G025	0.598545	DatasetB	KitB
DatasetB_sample035	G026	0.635646	DatasetB	KitB
DatasetB_sample035	G027	0.724729	DatasetB	KitB
DatasetB_sample035	G028	0.797292	DatasetB	KitB
DatasetB_sample035	G029	0.956259	DatasetB	KitB
DatasetB_sample035	G030	0.823549	DatasetB	KitB
DatasetB_sample035	G031	0.63627	DatasetB	KitB
DatasetB_sample035	G032	0.924792	DatasetB	KitB
DatasetB_sample035	G033	0.627152	DatasetB	KitB
DatasetB_sample035	G034	0.661326	DatasetB	KitB
DatasetB_sample035	G035	0.85452	DatasetB	KitB
DatasetB_sample035	G036	0.956934	DatasetB	KitB
DatasetB_sample035	G037	0.597761	DatasetB	KitB
DatasetB_sample035	G038	0.474886	DatasetB	KitB
DatasetB_sample035	G039	0.883416	DatasetB	KitB
DatasetB_sample035	G040	0.593111	DatasetB	KitB
DatasetB_sample035	G041	0.890954	DatasetB	KitB
DatasetB_sample035	G042	0.851487	DatasetB	KitB
DatasetB_sample035	G043	0.754263	DatasetB	KitB
DatasetB_sample035	G044	0.736052	DatasetB	KitB
DatasetB_sample035	G045	0.738298	DatasetB	KitB
DatasetB_sample035	G046	0.247143	DatasetB	KitB
DatasetB_sample035	G047	0.724043	DatasetB	KitB
DatasetB_sample035	G048	0.396566	DatasetB	KitB
DatasetB_sample035	G049	0.587489	DatasetB	KitB
DatasetB_sample035	G050	0.573392	DatasetB	KitB
DatasetB_sample035	G051	0.919165	DatasetB	KitB
DatasetB_sample035	G052	0.416287	DatasetB	KitB
DatasetB_sample035	G054	0.635417	DatasetB	KitB
DatasetB_sample035	G055	0.560365	DatasetB	KitB
DatasetB_sample035	G056	0.567609	DatasetB	KitB
DatasetB_sample035	G057	0.653847	DatasetB	KitB
DatasetB_sample035	G058	0.667465	DatasetB	KitB
DatasetB_sample035	G059	0.696437	DatasetB	KitB
DatasetB_sample035	G060	0.462024	DatasetB	KitB
DatasetB_sample035	G061	0.663054	DatasetB	KitB
DatasetB_sample035	G062	0.437465	DatasetB	KitB
DatasetB_sample035	G063	0.35246	DatasetB	KitB
DatasetB_sample035	G064	0.419486	DatasetB	KitB
DatasetB_sample035	G065	0.811114	DatasetB	KitB
DatasetB_sample035	G066	0.617876	DatasetB	KitB
DatasetB_sample035	G067	0.720022	DatasetB	KitB
DatasetB_sample035	G068	0.608681	DatasetB	KitB
DatasetB_sample035	G069	0.531987	DatasetB	KitB
DatasetB_sample035	G070	0.689933	DatasetB	KitB
DatasetB_sample035	G071	0.584909	DatasetB	KitB
DatasetB_sample035	G072	0.267518	DatasetB	KitB
DatasetB_sample035	G073	0.523361	DatasetB	KitB
DatasetB_sample035	G074	0.760615	DatasetB	KitB
DatasetB_sample035	G075	0.326715	DatasetB	KitB
DatasetB_sample035	G076	0.636037	DatasetB	KitB
DatasetB_sample035	G077	0.770038	DatasetB	KitB
DatasetB_sample035	G078	0.699388	DatasetB	KitB
DatasetB_sample035	G079	0.647397	DatasetB	KitB
DatasetB_sample035	G080	0.764513	DatasetB	KitB
DatasetB_sample035	G111	0.879647	DatasetB	KitB
DatasetB_sample035	G112	0.260947	DatasetB	KitB
DatasetB_sample035	G113	0.54022	DatasetB	KitB
DatasetB_sample035	G114	0.420997	DatasetB	KitB
DatasetB_sample035	G115	0.419855	DatasetB	KitB
DatasetB_sample035	G116	0.17778	DatasetB	KitB
DatasetB_sample035	G117	0.661548	DatasetB	KitB
DatasetB_sample035	G118	0.634754	DatasetB	KitB
DatasetB_sample035	G119	0.753455	DatasetB	KitB
DatasetB_sample035	G120	0.775098	DatasetB	KitB
DatasetB_sample035	G121	0.202026	DatasetB	KitB
DatasetB_sample035	G122	0.529455	DatasetB	KitB
DatasetB_sample035	G123	0.553228	DatasetB	KitB
DatasetB_sample035	G124	0.634097	DatasetB	KitB
DatasetB_sample035	G125	0.513775	DatasetB	KitB
DatasetB_sample035	G126	0.494649	DatasetB	KitB
DatasetB_sample035	G127	0.565014	DatasetB	KitB
DatasetB_sample035	G128	0.621516	DatasetB	KitB
DatasetB_sample035	G129	0.682512	DatasetB	KitB
DatasetB_sample035	G130	0.471478	DatasetB	KitB
DatasetB_sample035	G131	0.746288	DatasetB	KitB
DatasetB_sample035	G132	0.190762	DatasetB	KitB
DatasetB_sample035	G133	0.107695	DatasetB	KitB
DatasetB_sample035	G134	0.276167	DatasetB	KitB
DatasetB_sample035	G135	0.582339	DatasetB	KitB
DatasetB_sample035	G136	0.50432	DatasetB	KitB
DatasetB_sample035	G137	0.591598	DatasetB	KitB
DatasetB_sample035	G138	0.596417	DatasetB	KitB
DatasetB_sample035	G139	0.649521	DatasetB	KitB
DatasetB_sample035	G140	0.557704	DatasetB	KitB
DatasetB_sample035	G141	0.538852	DatasetB	KitB
DatasetB_sample035	G143	0.502379	DatasetB	KitB
DatasetB_sample035	G144	0.330387	DatasetB	KitB
DatasetB_sample035	G146	0.516183	DatasetB	KitB
DatasetB_sample035	G147	0.430889	DatasetB	KitB
DatasetB_sample035	G149	0.257189	DatasetB	KitB
DatasetB_sample035	G151	0.32535	DatasetB	KitB
DatasetB_sample035	G153	0.591815	DatasetB	KitB
DatasetB_sample035	G154	0.231395	DatasetB	KitB
DatasetB_sample035	G155	0.457699	DatasetB	KitB
DatasetB_sample035	G159	0.261519	DatasetB	KitB
DatasetB_sample035	G162	0.295961	DatasetB	KitB
DatasetB_sample035	G164	0.381493	DatasetB	KitB
DatasetB_sample035	G165	0.488557	DatasetB	KitB
DatasetB_sample035	G167	0.203569	DatasetB	KitB
DatasetB_sample035	G168	0.236375	DatasetB	KitB
DatasetB_sample035	G170	0.248311	DatasetB	KitB
DatasetB_sample035	G178	0.576121	DatasetB	KitB
DatasetB_sample035	G185	0.093835	DatasetB	KitB
DatasetB_sample035	G190	0.494104	DatasetB	KitB
DatasetB_sample035	G195	0.243104	DatasetB	KitB
DatasetB_sample035	G197	0.314768	DatasetB	KitB
DatasetB_sample035	G199	0.113599	DatasetB	KitB
DatasetB_sample036	G001	0.672507	DatasetB	KitB
DatasetB_sample036	G002	0.905928	DatasetB	KitB
DatasetB_sample036	G003	0.846137	DatasetB	KitB
DatasetB_sample036	G004	0.262897	DatasetB	KitB
DatasetB_sample036	G005	0.805319	DatasetB	KitB
DatasetB_sample036	G006	0.8257	DatasetB	KitB
DatasetB_sample036	G007	0.72688	DatasetB	KitB
DatasetB_sample036	G008	0.646063	DatasetB	KitB
DatasetB_sample036	G009	0.58996	DatasetB	KitB
DatasetB_sample036	G010	0.715872	DatasetB	KitB
DatasetB_sample036	G011	0.336966	DatasetB	KitB
DatasetB_sample036	G012	0.868824	DatasetB	KitB
DatasetB_sample036	G013	0.842419	DatasetB	KitB
DatasetB_sample036	G014	0.765886	DatasetB	KitB
DatasetB_sample036	G015	0.362946	DatasetB	KitB
DatasetB_sample036	G016	0.926199	DatasetB	KitB
DatasetB_sample036	G017	0.569076	DatasetB	KitB
DatasetB_sample036	G018	0.640896	DatasetB	KitB
DatasetB_sample036	G019	0.802989	DatasetB	KitB
DatasetB_sample036	G020	0.803766	DatasetB	KitB
DatasetB_sample036	G021	0.923531	DatasetB	KitB
DatasetB_sample036	G022	0.520119	DatasetB	KitB
DatasetB_sample036	G023	0.59497	DatasetB	KitB
DatasetB_sample036	G024	0.647148	DatasetB	KitB
DatasetB_sample036	G025	0.787775	DatasetB	KitB
DatasetB_sample036	G026	0.517622	DatasetB	KitB
DatasetB_sample036	G027	0.66305	DatasetB	KitB
DatasetB_sample036	G028	0.756473	DatasetB	KitB
DatasetB_sample036	G029	0.768938	DatasetB	KitB
DatasetB_sample036	G030	0.824447	DatasetB	KitB
DatasetB_sample036	G031	0.53641	DatasetB	KitB
DatasetB_sample036	G032	0.77446	DatasetB	KitB
DatasetB_sample036	G033	0.55964	DatasetB	KitB
DatasetB_sample036	G034	0.689066	DatasetB	KitB
DatasetB_sample036	G035	0.656641	DatasetB	KitB
DatasetB_sample036	G036	0.621223	DatasetB	KitB
DatasetB_sample036	G037	0.770664	DatasetB	KitB
DatasetB_sample036	G038	0.908201	DatasetB	KitB
DatasetB_sample036	G039	0.878521	DatasetB	KitB
DatasetB_sample036	G040	0.5703	DatasetB	KitB
DatasetB_sample036	G041	0.978097	DatasetB	KitB
DatasetB_sample036	G042	0.677351	DatasetB	KitB
DatasetB_sample036	G043	0.710493	DatasetB	KitB
DatasetB_sample036	G044	0.962631	DatasetB	KitB
DatasetB_sample036	G045	0.632336	DatasetB	KitB
DatasetB_sample036	G046	0.690378	DatasetB	KitB
DatasetB_sample036	G047	0.581717	DatasetB	KitB
DatasetB_sample036	G048	0.643785	DatasetB	KitB
DatasetB_sample036	G049	0.892855	DatasetB	KitB
DatasetB_sample036	G050	0.569295	DatasetB	KitB
DatasetB_sample036	G051	0.35863	DatasetB	KitB
DatasetB_sample036	G052	0.512976	DatasetB	KitB
DatasetB_sample036	G053	0.381607	DatasetB	KitB
DatasetB_sample036	G054	0.519905	DatasetB	KitB
DatasetB_sample036	G055	0.910024	DatasetB	KitB
DatasetB_sample036	G057	0.532611	DatasetB	KitB
DatasetB_sample036	G058	0.47733	DatasetB	KitB
DatasetB_sample036	G059	0.544828	DatasetB	KitB
DatasetB_sample036	G060	0.951336	DatasetB	KitB
DatasetB_sample036	G061	0.318787	DatasetB	KitB
DatasetB_sample036	G062	0.71259	DatasetB	KitB
DatasetB_sample036	G063	0.804783	DatasetB	KitB
DatasetB_sample036	G064	0.870749	DatasetB	KitB
DatasetB_sample036	G065	0.667352	DatasetB	KitB
DatasetB_sample036	G066	0.599113	DatasetB	KitB
DatasetB_sample036	G067	0.531946	DatasetB	KitB
DatasetB_sample036	G068	0.336367	DatasetB	KitB
DatasetB_sample036	G069	0.759958	DatasetB	KitB
DatasetB_sample036	G070	0.570375	DatasetB	KitB
DatasetB_sample036	G071	0.712335	DatasetB	KitB
DatasetB_sample036	G072	0.877385	DatasetB	KitB
DatasetB_sample036	G073	0.835516	DatasetB	KitB
DatasetB_sample036	G074	0.540789	DatasetB	KitB
DatasetB_sample036	G075	0.33955	DatasetB	KitB
DatasetB_sample036	G076	0.665914	DatasetB	KitB
DatasetB_sample036	G077	0.755808	DatasetB	KitB
DatasetB_sample036	G078	0.732877	DatasetB	KitB
DatasetB_sample036	G079	0.529948	DatasetB	KitB
DatasetB_sample036	G080	0.271802	DatasetB	KitB
DatasetB_sample036	G111	0.720868	DatasetB	KitB
DatasetB_sample036	G112	0.900554	DatasetB	KitB
DatasetB_sample036	G113	0.388059	DatasetB	KitB
DatasetB_sample036	G114	0.386321	DatasetB	KitB
DatasetB_sample036	G115	0.499619	DatasetB	KitB
DatasetB_sample036	G116	0.52559	DatasetB	KitB
DatasetB_sample036	G117	0.876802	DatasetB	KitB
DatasetB_sample036	G118	0.580347	DatasetB	KitB
DatasetB_sample036	G119	0.735904	DatasetB	KitB
DatasetB_sample036	G120	0.501053	DatasetB	KitB
DatasetB_sample036	G121	0.717355	DatasetB	KitB
DatasetB_sample036	G122	0.355323	DatasetB	KitB
DatasetB_sample036	G123	0.834892	DatasetB	KitB
DatasetB_sample036	G124	0.743091	DatasetB	KitB
DatasetB_sample036	G125	0.689739	DatasetB	KitB
DatasetB_sample036	G126	0.853004	DatasetB	KitB
DatasetB_sample036	G127	0.476036	DatasetB	KitB
DatasetB_sample036	G128	0.487599	DatasetB	KitB
DatasetB_sample036	G129	0.639974	DatasetB	KitB
DatasetB_sample036	G130	0.349888	DatasetB	KitB
DatasetB_sample036	G131	0.411671	DatasetB	KitB
DatasetB_sample036	G132	0.785187	DatasetB	KitB
DatasetB_sample036	G133	0.369269	DatasetB	KitB
DatasetB_sample036	G134	0.611133	DatasetB	KitB
DatasetB_sample036	G135	0.710292	DatasetB	KitB
DatasetB_sample036	G136	0.678613	DatasetB	KitB
DatasetB_sample036	G137	0.46306	DatasetB	KitB
DatasetB_sample036	G138	0.232866	DatasetB	KitB
DatasetB_sample036	G139	0.699842	DatasetB	KitB
DatasetB_sample036	G140	0.662247	DatasetB	KitB
DatasetB_sample036	G141	0.322003	DatasetB	KitB
DatasetB_sample036	G142	0.497947	DatasetB	KitB
DatasetB_sample036	G143	0.507338	DatasetB	KitB
DatasetB_sample036	G144	0.448417	DatasetB	KitB
DatasetB_sample036	G146	0.342968	DatasetB	KitB
DatasetB_sample036	G147	0.380299	DatasetB	KitB
DatasetB_sample036	G148	0.24513	DatasetB	KitB
DatasetB_sample036	G149	0.614419	DatasetB	KitB
DatasetB_sample036	G152	0.35298	DatasetB	KitB
DatasetB_sample036	G153	0.15665	DatasetB	KitB
DatasetB_sample036	G154	0.174537	DatasetB	KitB
DatasetB_sample036	G155	0.393025	DatasetB	KitB
DatasetB_sample036	G156	0.487528	DatasetB	KitB
DatasetB_sample036	G158	0.240861	DatasetB	KitB
DatasetB_sample036	G160	0.469641	DatasetB	KitB
DatasetB_sample036	G162	0.544697	DatasetB	KitB
DatasetB_sample036	G163	0.515889	DatasetB	KitB
DatasetB_sample036	G164	0.418074	DatasetB	KitB
DatasetB_sample036	G165	0.354965	DatasetB	KitB
DatasetB_sample036	G168	0.259036	DatasetB	KitB
DatasetB_sample036	G174	0.487645	DatasetB	KitB
DatasetB_sample036	G175	0.151329	DatasetB	KitB
DatasetB_sample036	G176	0.228042	DatasetB	KitB
DatasetB_sample036	G178	0.550328	DatasetB	KitB
DatasetB_sample036	G179	0.081592	DatasetB	KitB
DatasetB_sample036	G180	0.517752	DatasetB	KitB
DatasetB_sample036	G185	0.081429	DatasetB	KitB
DatasetB_sample036	G186	0.338891	DatasetB	KitB
DatasetB_sample036	G187	0.037176	DatasetB	KitB
DatasetB_sample036	G192	0.310115	DatasetB	KitB
DatasetB_sample036	G200	0.222224	DatasetB	KitB
DatasetB_sample037	G001	0.779233	DatasetB	KitB
DatasetB_sample037	G002	0.736507	DatasetB	KitB
DatasetB_sample037	G003	0.754115	DatasetB	KitB
DatasetB_sample037	G004	0.826576	DatasetB	KitB
DatasetB_sample037	G005	0.636622	DatasetB	KitB
DatasetB_sample037	G006	0.835827	DatasetB	KitB
DatasetB_sample037	G007	0.662733	DatasetB	KitB
DatasetB_sample037	G008	0.432321	DatasetB	KitB
DatasetB_sample037	G009	0.831804	DatasetB	KitB
DatasetB_sample037	G010	0.753129	DatasetB	KitB
DatasetB_sample037	G011	0.654783	DatasetB	KitB
DatasetB_sample037	G012	0.808122	DatasetB	KitB
DatasetB_sample037	G013	0.701798	DatasetB	KitB
DatasetB_sample037	G014	0.795839	DatasetB	KitB
DatasetB_sample037	G015	0.75837	DatasetB	KitB
DatasetB_sample037	G016	0.600708	DatasetB	KitB
DatasetB_sample037	G017	0.783577	DatasetB	KitB
DatasetB_sample037	G018	0.600961	DatasetB	KitB
DatasetB_sample037	G019	0.675793	DatasetB	KitB
DatasetB_sample037	G020	0.681159	DatasetB	KitB
DatasetB_sample037	G021	0.752493	DatasetB	KitB
DatasetB_sample037	G022	0.827564	DatasetB	KitB
DatasetB_sample037	G023	0.616304	DatasetB	KitB
DatasetB_sample037	G024	0.78881	DatasetB	KitB
DatasetB_sample037	G025	0.382602	DatasetB	KitB
DatasetB_sample037	G026	0.752118	DatasetB	KitB
DatasetB_sample037	G027	0.710961	DatasetB	KitB
DatasetB_sample037	G028	0.828508	DatasetB	KitB
DatasetB_sample037	G029	0.428659	DatasetB	KitB
DatasetB_sample037	G030	0.798229	DatasetB	KitB
DatasetB_sample037	G031	0.555793	DatasetB	KitB
DatasetB_sample037	G032	0.877927	DatasetB	KitB
DatasetB_sample037	G033	0.757801	DatasetB	KitB
DatasetB_sample037	G034	0.96072	DatasetB	KitB
DatasetB_sample037	G035	0.857047	DatasetB	KitB
DatasetB_sample037	G036	0.615163	DatasetB	KitB
DatasetB_sample037	G037	0.885841	DatasetB	KitB
DatasetB_sample037	G038	0.294045	DatasetB	KitB
DatasetB_sample037	G039	0.629197	DatasetB	KitB
DatasetB_sample037	G040	0.941577	DatasetB	KitB
DatasetB_sample037	G041	0.654062	DatasetB	KitB
DatasetB_sample037	G042	0.826462	DatasetB	KitB
DatasetB_sample037	G043	0.722276	DatasetB	KitB
DatasetB_sample037	G044	0.745273	DatasetB	KitB
DatasetB_sample037	G045	0.638938	DatasetB	KitB
DatasetB_sample037	G046	0.464454	DatasetB	KitB
DatasetB_sample037	G047	0.681268	DatasetB	KitB
DatasetB_sample037	G048	0.875376	DatasetB	KitB
DatasetB_sample037	G049	0.834217	DatasetB	KitB
DatasetB_sample037	G050	0.662658	DatasetB	KitB
DatasetB_sample037	G051	0.529785	DatasetB	KitB
DatasetB_sample037	G052	0.577946	DatasetB	KitB
DatasetB_sample037	G053	0.582819	DatasetB	KitB
DatasetB_sample037	G054	0.726569	DatasetB	KitB
DatasetB_sample037	G055	0.395738	DatasetB	KitB
DatasetB_sample037	G056	0.567371	DatasetB	KitB
DatasetB_sample037	G057	0.537707	DatasetB	KitB
DatasetB_sample037	G058	0.394755	DatasetB	KitB
DatasetB_sample037	G059	0.624985	DatasetB	KitB
DatasetB_sample037	G060	0.361412	DatasetB	KitB
DatasetB_sample037	G061	0.7402	DatasetB	KitB
DatasetB_sample037	G062	0.241342	DatasetB	KitB
DatasetB_sample037	G063	0.536442	DatasetB	KitB
DatasetB_sample037	G064	0.24044	DatasetB	KitB
DatasetB_sample037	G065	0.73153	DatasetB	KitB
DatasetB_sample037	G066	0.881913	DatasetB	KitB
DatasetB_sample037	G067	0.467364	DatasetB	KitB
DatasetB_sample037	G068	0.118803	DatasetB	KitB
DatasetB_sample037	G069	0.638162	DatasetB	KitB
DatasetB_sample037	G070	0.339659	DatasetB	KitB
DatasetB_sample037	G071	0.573039	DatasetB	KitB
DatasetB_sample037	G072	0.811368	DatasetB	KitB
DatasetB_sample037	G073	0.5239	DatasetB	KitB
DatasetB_sample037	G074	0.586319	DatasetB	KitB
DatasetB_sample037	G075	0.70943	DatasetB	KitB
DatasetB_sample037	G076	0.144105	DatasetB	KitB
DatasetB_sample037	G077	0.547758	DatasetB	KitB
DatasetB_sample037	G078	0.45375	DatasetB	KitB
DatasetB_sample037	G079	0.512049	DatasetB	KitB
DatasetB_sample037	G080	0.469953	DatasetB	KitB
DatasetB_sample037	G111	0.816413	DatasetB	KitB
DatasetB_sample037	G112	0.554737	DatasetB	KitB
DatasetB_sample037	G113	0.654445	DatasetB	KitB
DatasetB_sample037	G114	0.273987	DatasetB	KitB
DatasetB_sample037	G115	0.38736	DatasetB	KitB
DatasetB_sample037	G116	0.763979	DatasetB	KitB
DatasetB_sample037	G117	0.417858	DatasetB	KitB
DatasetB_sample037	G118	0.513102	DatasetB	KitB
DatasetB_sample037	G119	0.334026	DatasetB	KitB
DatasetB_sample037	G120	0.851077	DatasetB	KitB
DatasetB_sample037	G121	0.409424	DatasetB	KitB
DatasetB_sample037	G122	0.57686	DatasetB	KitB
DatasetB_sample037	G123	0.317698	DatasetB	KitB
DatasetB_sample037	G124	0.536391	DatasetB	KitB
DatasetB_sample037	G125	0.660023	DatasetB	KitB
DatasetB_sample037	G126	0.269619	DatasetB	KitB
DatasetB_sample037	G127	0.159305	DatasetB	KitB
DatasetB_sample037	G128	0.940817	DatasetB	KitB
DatasetB_sample037	G129	0.709385	DatasetB	KitB
DatasetB_sample037	G130	0.774919	DatasetB	KitB
DatasetB_sample037	G131	0.604807	DatasetB	KitB
DatasetB_sample037	G132	0.822542	DatasetB	KitB
DatasetB_sample037	G133	0.588922	DatasetB	KitB
DatasetB_sample037	G134	0.623388	DatasetB	KitB
DatasetB_sample037	G135	0.680857	DatasetB	KitB
DatasetB_sample037	G136	0.718315	DatasetB	KitB
DatasetB_sample037	G137	0.408831	DatasetB	KitB
DatasetB_sample037	G138	0.17986	DatasetB	KitB
DatasetB_sample037	G139	0.445205	DatasetB	KitB
DatasetB_sample037	G140	0.400887	DatasetB	KitB
DatasetB_sample037	G141	0.625857	DatasetB	KitB
DatasetB_sample037	G144	0.446077	DatasetB	KitB
DatasetB_sample037	G146	0.126121	DatasetB	KitB
DatasetB_sample037	G147	0.182119	DatasetB	KitB
DatasetB_sample037	G148	0.63668	DatasetB	KitB
DatasetB_sample037	G149	0.373256	DatasetB	KitB
DatasetB_sample037	G150	0.631892	DatasetB	KitB
DatasetB_sample037	G151	0.30437	DatasetB	KitB
DatasetB_sample037	G154	0.761513	DatasetB	KitB
DatasetB_sample037	G155	0.455243	DatasetB	KitB
DatasetB_sample037	G156	0.510124	DatasetB	KitB
DatasetB_sample037	G157	0.376627	DatasetB	KitB
DatasetB_sample037	G158	0.468863	DatasetB	KitB
DatasetB_sample037	G160	0.283403	DatasetB	KitB
DatasetB_sample037	G161	0.26368	DatasetB	KitB
DatasetB_sample037	G162	0.547562	DatasetB	KitB
DatasetB_sample037	G163	0.59051	DatasetB	KitB
DatasetB_sample037	G164	0.500647	DatasetB	KitB
DatasetB_sample037	G166	0.161564	DatasetB	KitB
DatasetB_sample037	G168	0.827957	DatasetB	KitB
DatasetB_sample037	G170	0.488128	DatasetB	KitB
DatasetB_sample037	G178	0.300151	DatasetB	KitB
DatasetB_sample037	G180	0.094679	DatasetB	KitB
DatasetB_sample037	G184	0.517837	DatasetB	KitB
DatasetB_sample037	G186	0.253636	DatasetB	KitB
DatasetB_sample037	G189	0.436982	DatasetB	KitB
DatasetB_sample037	G192	0.237064	DatasetB	KitB
DatasetB_sample037	G193	0.709244	DatasetB	KitB
DatasetB_sample037	G195	0.306034	DatasetB	KitB
DatasetB_sample037	G199	0.218859	DatasetB	KitB
DatasetB_sample038	G001	0.904487	DatasetB	KitB
DatasetB_sample038	G002	0.901207	DatasetB	KitB
DatasetB_sample038	G003	0.631895	DatasetB	KitB
DatasetB_sample038	G004	0.692514	DatasetB	KitB
DatasetB_sample038	G005	0.870195	DatasetB	KitB
DatasetB_sample038	G006	0.740805	DatasetB	KitB
DatasetB_sample038	G007	0.519648	DatasetB	KitB
DatasetB_sample038	G008	0.901197	DatasetB	KitB
DatasetB_sample038	G009	0.481979	DatasetB	KitB
DatasetB_sample038	G010	0.7685	DatasetB	KitB
DatasetB_sample038	G011	0.854504	DatasetB	KitB
DatasetB_sample038	G012	0.855295	DatasetB	KitB
DatasetB_sample038	G013	0.711391	DatasetB	KitB
DatasetB_sample038	G014	0.746376	DatasetB	KitB
DatasetB_sample038	G015	0.659381	DatasetB	KitB
DatasetB_sample038	G016	0.817733	DatasetB	KitB
DatasetB_sample038	G017	0.888866	DatasetB	KitB
DatasetB_sample038	G018	0.647928	DatasetB	KitB
DatasetB_sample038	G019	0.801192	DatasetB	KitB
DatasetB_sample038	G020	0.786867	DatasetB	KitB
DatasetB_sample038	G021	0.870514	DatasetB	KitB
DatasetB_sample038	G022	0.638352	DatasetB	KitB
DatasetB_sample038	G023	0.58603	DatasetB	KitB
DatasetB_sample038	G024	0.967322	DatasetB	KitB
DatasetB_sample038	G025	0.168229	DatasetB	KitB
DatasetB_sample038	G026	0.458808	DatasetB	KitB
DatasetB_sample038	G027	0.561954	DatasetB	KitB
DatasetB_sample038	G028	0.914625	DatasetB	KitB
DatasetB_sample038	G029	0.919897	DatasetB	KitB
DatasetB_sample038	G030	0.721563	DatasetB	KitB
DatasetB_sample038	G031	0.815005	DatasetB	KitB
DatasetB_sample038	G032	0.893654	DatasetB	KitB
DatasetB_sample038	G033	0.596915	DatasetB	KitB
DatasetB_sample038	G034	0.903023	DatasetB	KitB
DatasetB_sample038	G035	0.700215	DatasetB	KitB
DatasetB_sample038	G036	0.820465	DatasetB	KitB
DatasetB_sample038	G037	0.231316	DatasetB	KitB
DatasetB_sample038	G038	0.653404	DatasetB	KitB
DatasetB_sample038	G039	0.918364	DatasetB	KitB
DatasetB_sample038	G040	0.612273	DatasetB	KitB
DatasetB_sample038	G041	0.835846	DatasetB	KitB
DatasetB_sample038	G042	0.731416	DatasetB	KitB
DatasetB_sample038	G043	0.529481	DatasetB	KitB
DatasetB_sample038	G044	0.819119	DatasetB	KitB
DatasetB_sample038	G045	0.861124	DatasetB	KitB
DatasetB_sample038	G046	0.699514	DatasetB	KitB
DatasetB_sample038	G047	0.840349	DatasetB	KitB
DatasetB_sample038	G048	0.872569	DatasetB	KitB
DatasetB_sample038	G049	0.538648	DatasetB	KitB
DatasetB_sample038	G050	0.8332	DatasetB	KitB
DatasetB_sample038	G051	0.688792	DatasetB	KitB
DatasetB_sample038	G052	0.41185	DatasetB	KitB
DatasetB_sample038	G053	0.387635	DatasetB	KitB
DatasetB_sample038	G054	0.754917	DatasetB	KitB
DatasetB_sample038	G055	0.554495	DatasetB	KitB
DatasetB_sample038	G056	0.580608	DatasetB	KitB
DatasetB_sample038	G057	0.802907	DatasetB	KitB
DatasetB_sample038	G058	0.424008	DatasetB	KitB
DatasetB_sample038	G059	0.48337	DatasetB	KitB
DatasetB_sample038	G060	0.275029	DatasetB	KitB
DatasetB_sample038	G061	0.391326	DatasetB	KitB
DatasetB_sample038	G062	0.625318	DatasetB	KitB
DatasetB_sample038	G063	0.624148	DatasetB	KitB
DatasetB_sample038	G064	0.788671	DatasetB	KitB
DatasetB_sample038	G065	0.557397	DatasetB	KitB
DatasetB_sample038	G066	0.540659	DatasetB	KitB
DatasetB_sample038	G067	0.682322	DatasetB	KitB
DatasetB_sample038	G068	0.45147	DatasetB	KitB
DatasetB_sample038	G069	0.565275	DatasetB	KitB
DatasetB_sample038	G070	0.615517	DatasetB	KitB
DatasetB_sample038	G071	0.541286	DatasetB	KitB
DatasetB_sample038	G072	0.512845	DatasetB	KitB
DatasetB_sample038	G073	0.563775	DatasetB	KitB
DatasetB_sample038	G074	0.626178	DatasetB	KitB
DatasetB_sample038	G075	0.363669	DatasetB	KitB
DatasetB_sample038	G076	0.344072	DatasetB	KitB
DatasetB_sample038	G077	0.567724	DatasetB	KitB
DatasetB_sample038	G078	0.740604	DatasetB	KitB
DatasetB_sample038	G079	0.63552	DatasetB	KitB
DatasetB_sample038	G080	0.453126	DatasetB	KitB
DatasetB_sample038	G111	0.649251	DatasetB	KitB
DatasetB_sample038	G112	0.76722	DatasetB	KitB
DatasetB_sample038	G113	0.416204	DatasetB	KitB
DatasetB_sample038	G114	0.820637	DatasetB	KitB
DatasetB_sample038	G115	0.658956	DatasetB	KitB
DatasetB_sample038	G116	0.32042	DatasetB	KitB
DatasetB_sample038	G117	0.715947	DatasetB	KitB
DatasetB_sample038	G118	0.927464	DatasetB	KitB
DatasetB_sample038	G119	0.676022	DatasetB	KitB
DatasetB_sample038	G120	0.790838	DatasetB	KitB
DatasetB_sample038	G121	0.388973	DatasetB	KitB
DatasetB_sample038	G122	0.522641	DatasetB	KitB
DatasetB_sample038	G123	0.901201	DatasetB	KitB
DatasetB_sample038	G124	0.294076	DatasetB	KitB
DatasetB_sample038	G125	0.698367	DatasetB	KitB
DatasetB_sample038	G126	0.54362	DatasetB	KitB
DatasetB_sample038	G127	0.690275	DatasetB	KitB
DatasetB_sample038	G128	0.659715	DatasetB	KitB
DatasetB_sample038	G129	0.554848	DatasetB	KitB
DatasetB_sample038	G131	0.885719	DatasetB	KitB
DatasetB_sample038	G132	0.42615	DatasetB	KitB
DatasetB_sample038	G133	0.768577	DatasetB	KitB
DatasetB_sample038	G134	0.844974	DatasetB	KitB
DatasetB_sample038	G135	0.365393	DatasetB	KitB
DatasetB_sample038	G136	0.517409	DatasetB	KitB
DatasetB_sample038	G137	0.850129	DatasetB	KitB
DatasetB_sample038	G138	0.438367	DatasetB	KitB
DatasetB_sample038	G139	0.588888	DatasetB	KitB
DatasetB_sample038	G140	0.775829	DatasetB	KitB
DatasetB_sample038	G141	0.480336	DatasetB	KitB
DatasetB_sample038	G144	0.46174	DatasetB	KitB
DatasetB_sample038	G145	0.4051	DatasetB	KitB
DatasetB_sample038	G147	0.149135	DatasetB	KitB
DatasetB_sample038	G148	0.166547	DatasetB	KitB
DatasetB_sample038	G150	0.259207	DatasetB	KitB
DatasetB_sample038	G153	0.049365	DatasetB	KitB
DatasetB_sample038	G154	0.50399	DatasetB	KitB
DatasetB_sample038	G155	0.587992	DatasetB	KitB
DatasetB_sample038	G160	0.283796	DatasetB	KitB
DatasetB_sample038	G161	0.424718	DatasetB	KitB
DatasetB_sample038	G162	0.641165	DatasetB	KitB
DatasetB_sample038	G163	0.455094	DatasetB	KitB
DatasetB_sample038	G164	0.641156	DatasetB	KitB
DatasetB_sample038	G165	0.517885	DatasetB	KitB
DatasetB_sample038	G166	0.193154	DatasetB	KitB
DatasetB_sample038	G167	0.611788	DatasetB	KitB
DatasetB_sample038	G173	0.329528	DatasetB	KitB
DatasetB_sample038	G178	0.458313	DatasetB	KitB
DatasetB_sample038	G181	0.185052	DatasetB	KitB
DatasetB_sample038	G185	0.205792	DatasetB	KitB
DatasetB_sample038	G192	0.259263	DatasetB	KitB
DatasetB_sample038	G198	0.183212	DatasetB	KitB
DatasetB_sample038	G199	0.599266	DatasetB	KitB
DatasetB_sample039	G001	0.853486	DatasetB	KitB
DatasetB_sample039	G002	0.635525	DatasetB	KitB
DatasetB_sample039	G003	0.333833	DatasetB	KitB
DatasetB_sample039	G004	0.475629	DatasetB	KitB
DatasetB_sample039	G005	0.782479	DatasetB	KitB
DatasetB_sample039	G006	0.71458	DatasetB	KitB
DatasetB_sample039	G007	0.778648	DatasetB	KitB
DatasetB_sample039	G008	0.891689	DatasetB	KitB
DatasetB_sample039	G009	0.82361	DatasetB	KitB
DatasetB_sample039	G010	0.745037	DatasetB	KitB
DatasetB_sample039	G011	0.722907	DatasetB	KitB
DatasetB_sample039	G012	0.255674	DatasetB	KitB
DatasetB_sample039	G013	0.846979	DatasetB	KitB
DatasetB_sample039	G014	0.646139	DatasetB	KitB
DatasetB_sample039	G015	0.755659	DatasetB	KitB
DatasetB_sample039	G016	0.597111	DatasetB	KitB
DatasetB_sample039	G017	0.648942	DatasetB	KitB
DatasetB_sample039	G018	0.734329	DatasetB	KitB
DatasetB_sample039	G019	0.708644	DatasetB	KitB
DatasetB_sample039	G020	0.698891	DatasetB	KitB
DatasetB_sample039	G021	0.762583	DatasetB	KitB
DatasetB_sample039	G022	0.950298	DatasetB	KitB
DatasetB_sample039	G023	0.634712	DatasetB	KitB
DatasetB_sample039	G024	0.694598	DatasetB	KitB
DatasetB_sample039	G025	0.905792	DatasetB	KitB
DatasetB_sample039	G026	0.630579	DatasetB	KitB
DatasetB_sample039	G027	0.624964	DatasetB	KitB
DatasetB_sample039	G028	0.878157	DatasetB	KitB
DatasetB_sample039	G029	0.624519	DatasetB	KitB
DatasetB_sample039	G030	0.794207	DatasetB	KitB
DatasetB_sample039	G031	0.628751	DatasetB	KitB
DatasetB_sample039	G032	0.967205	DatasetB	KitB
DatasetB_sample039	G033	0.541344	DatasetB	KitB
DatasetB_sample039	G034	0.644542	DatasetB	KitB
DatasetB_sample039	G035	0.519405	DatasetB	KitB
DatasetB_sample039	G036	0.908253	DatasetB	KitB
DatasetB_sample039	G037	0.805167	DatasetB	KitB
DatasetB_sample039	G038	0.909551	DatasetB	KitB
DatasetB_sample039	G039	0.67958	DatasetB	KitB
DatasetB_sample039	G040	0.689532	DatasetB	KitB
DatasetB_sample039	G041	0.926523	DatasetB	KitB
DatasetB_sample039	G042	0.655316	DatasetB	KitB
DatasetB_sample039	G043	0.689275	DatasetB	KitB
DatasetB_sample039	G044	0.561614	DatasetB	KitB
DatasetB_sample039	G045	0.709118	DatasetB	KitB
DatasetB_sample039	G046	0.413386	DatasetB	KitB
DatasetB_sample039	G047	0.936184	DatasetB	KitB
DatasetB_sample039	G048	0.841997	DatasetB	KitB
DatasetB_sample039	G049	0.775492	DatasetB	KitB
DatasetB_sample039	G050	0.346817	DatasetB	KitB
DatasetB_sample039	G051	0.645886	DatasetB	KitB
DatasetB_sample039	G052	0.365413	DatasetB	KitB
DatasetB_sample039	G053	0.650003	DatasetB	KitB
DatasetB_sample039	G054	0.531085	DatasetB	KitB
DatasetB_sample039	G055	0.153736	DatasetB	KitB
DatasetB_sample039	G056	0.813796	DatasetB	KitB
DatasetB_sample039	G057	0.471485	DatasetB	KitB
DatasetB_sample039	G058	0.882014	DatasetB	KitB
DatasetB_sample039	G059	0.59393	DatasetB	KitB
DatasetB_sample039	G060	0.67187	DatasetB	KitB
DatasetB_sample039	G061	0.678029	DatasetB	KitB
DatasetB_sample039	G062	0.414839	DatasetB	KitB
DatasetB_sample039	G063	0.776347	DatasetB	KitB
DatasetB_sample039	G064	0.228275	DatasetB	KitB
DatasetB_sample039	G065	0.809695	DatasetB	KitB
DatasetB_sample039	G066	0.722198	DatasetB	KitB
DatasetB_sample039	G067	0.748241	DatasetB	KitB
DatasetB_sample039	G068	0.511	DatasetB	KitB
DatasetB_sample039	G069	0.577179	DatasetB	KitB
DatasetB_sample039	G070	0.233054	DatasetB	KitB
DatasetB_sample039	G071	0.54073	DatasetB	KitB
DatasetB_sample039	G072	0.447133	DatasetB	KitB
DatasetB_sample039	G073	0.443641	DatasetB	KitB
DatasetB_sample039	G074	0.793311	DatasetB	KitB
DatasetB_sample039	G075	0.833877	DatasetB	KitB
DatasetB_sample039	G076	0.641878	DatasetB	KitB
DatasetB_sample039	G077	0.71349	DatasetB	KitB
DatasetB_sample039	G078	0.590657	DatasetB	KitB
DatasetB_sample039	G079	0.711044	DatasetB	KitB
DatasetB_sample039	G080	0.496311	DatasetB	KitB
DatasetB_sample039	G111	0.82108	DatasetB	KitB
DatasetB_sample039	G112	0.454361	DatasetB	KitB
DatasetB_sample039	G113	0.161752	DatasetB	KitB
DatasetB_sample039	G114	0.418575	DatasetB	KitB
DatasetB_sample039	G115	0.804639	DatasetB	KitB
DatasetB_sample039	G116	0.503894	DatasetB	KitB
DatasetB_sample039	G117	0.840994	DatasetB	KitB
DatasetB_sample039	G118	0.730611	DatasetB	KitB
DatasetB_sample039	G119	0.445562	DatasetB	KitB
DatasetB_sample039	G120	0.659277	DatasetB	KitB
DatasetB_sample039	G121	0.646969	DatasetB	KitB
DatasetB_sample039	G122	0.261976	DatasetB	KitB
DatasetB_sample039	G123	0.594652	DatasetB	KitB
DatasetB_sample039	G124	0.529244	DatasetB	KitB
DatasetB_sample039	G125	0.612699	DatasetB	KitB
DatasetB_sample039	G126	0.394263	DatasetB	KitB
DatasetB_sample039	G127	0.608351	DatasetB	KitB
DatasetB_sample039	G128	0.762349	DatasetB	KitB
DatasetB_sample039	G129	0.859161	DatasetB	KitB
DatasetB_sample039	G130	0.364613	DatasetB	KitB
DatasetB_sample039	G131	0.642731	DatasetB	KitB
DatasetB_sample039	G132	0.464171	DatasetB	KitB
DatasetB_sample039	G133	0.745227	DatasetB	KitB
DatasetB_sample039	G134	0.480234	DatasetB	KitB
DatasetB_sample039	G135	0.666207	DatasetB	KitB
DatasetB_sample039	G136	0.47823	DatasetB	KitB
DatasetB_sample039	G137	0.540452	DatasetB	KitB
DatasetB_sample039	G138	0.304175	DatasetB	KitB
DatasetB_sample039	G139	0.889678	DatasetB	KitB
DatasetB_sample039	G140	0.632836	DatasetB	KitB
DatasetB_sample039	G141	0.593185	DatasetB	KitB
DatasetB_sample039	G143	0.333277	DatasetB	KitB
DatasetB_sample039	G144	0.402309	DatasetB	KitB
DatasetB_sample039	G146	0.613993	DatasetB	KitB
DatasetB_sample039	G147	0.459675	DatasetB	KitB
DatasetB_sample039	G148	0.293772	DatasetB	KitB
DatasetB_sample039	G149	0.376016	DatasetB	KitB
DatasetB_sample039	G150	0.306224	DatasetB	KitB
DatasetB_sample039	G153	0.386159	DatasetB	KitB
DatasetB_sample039	G155	0.16246	DatasetB	KitB
DatasetB_sample039	G156	0.135733	DatasetB	KitB
DatasetB_sample039	G159	0.768689	DatasetB	KitB
DatasetB_sample039	G160	0.520504	DatasetB	KitB
DatasetB_sample039	G161	0.690876	DatasetB	KitB
DatasetB_sample039	G162	0.666973	DatasetB	KitB
DatasetB_sample039	G163	0.40301	DatasetB	KitB
DatasetB_sample039	G164	0.592222	DatasetB	KitB
DatasetB_sample039	G165	0.388168	DatasetB	KitB
DatasetB_sample039	G166	0.674789	DatasetB	KitB
DatasetB_sample039	G168	0.349985	DatasetB	KitB
DatasetB_sample039	G170	0.453929	DatasetB	KitB
DatasetB_sample039	G176	0.331596	DatasetB	KitB
DatasetB_sample039	G178	0.171962	DatasetB	KitB
DatasetB_sample039	G179	0.259816	DatasetB	KitB
DatasetB_sample039	G180	0.152491	DatasetB	KitB
DatasetB_sample039	G182	0.285587	DatasetB	KitB
DatasetB_sample039	G186	0.192512	DatasetB	KitB
DatasetB_sample039	G188	0.27158	DatasetB	KitB
DatasetB_sample039	G190	0.454007	DatasetB	KitB
DatasetB_sample039	G198	0.683161	DatasetB	KitB
DatasetB_sample039	G199	0.419894	DatasetB	KitB
DatasetB_sample039	G200	0.399118	DatasetB	KitB
DatasetB_sample040	G001	0.854483	DatasetB	KitB
DatasetB_sample040	G002	0.655127	DatasetB	KitB
DatasetB_sample040	G003	0.804978	DatasetB	KitB
DatasetB_sample040	G004	0.590879	DatasetB	KitB
DatasetB_sample040	G005	0.757995	DatasetB	KitB
DatasetB_sample040	G006	0.61565	DatasetB	KitB
DatasetB_sample040	G007	0.913662	DatasetB	KitB
DatasetB_sample040	G008	0.635363	DatasetB	KitB
DatasetB_sample040	G009	0.683726	DatasetB	KitB
DatasetB_sample040	G010	0.774756	DatasetB	KitB
DatasetB_sample040	G011	0.587326	DatasetB	KitB
DatasetB_sample040	G012	0.785006	DatasetB	KitB
DatasetB_sample040	G013	0.822303	DatasetB	KitB
DatasetB_sample040	G014	0.82682	DatasetB	KitB
DatasetB_sample040	G015	0.93363	DatasetB	KitB
DatasetB_sample040	G016	0.496428	DatasetB	KitB
DatasetB_sample040	G017	0.466516	DatasetB	KitB
DatasetB_sample040	G018	0.641035	DatasetB	KitB
DatasetB_sample040	G019	0.61941	DatasetB	KitB
DatasetB_sample040	G020	0.842029	DatasetB	KitB
DatasetB_sample040	G021	0.596925	DatasetB	KitB
DatasetB_sample040	G022	0.947026	DatasetB	KitB
DatasetB_sample040	G023	0.90415	DatasetB	KitB
DatasetB_sample040	G024	0.542664	DatasetB	KitB
DatasetB_sample040	G025	0.893275	DatasetB	KitB
DatasetB_sample040	G026	0.29683	DatasetB	KitB
DatasetB_sample040	G027	0.753476	DatasetB	KitB
DatasetB_sample040	G028	0.863508	DatasetB	KitB
DatasetB_sample040	G029	0.62433	DatasetB	KitB
DatasetB_sample040	G030	0.732385	DatasetB	KitB
DatasetB_sample040	G031	0.703021	DatasetB	KitB
DatasetB_sample040	G032	0.92246	DatasetB	KitB
DatasetB_sample040	G033	0.703212	DatasetB	KitB
DatasetB_sample040	G034	0.438288	DatasetB	KitB
DatasetB_sample040	G035	0.770285	DatasetB	KitB
DatasetB_sample040	G036	0.414391	DatasetB	KitB
DatasetB_sample040	G037	0.774673	DatasetB	KitB
DatasetB_sample040	G038	0.758728	DatasetB	KitB
DatasetB_sample040	G039	0.783601	DatasetB	KitB
DatasetB_sample040	G040	0.858356	DatasetB	KitB
DatasetB_sample040	G041	0.452536	DatasetB	KitB
DatasetB_sample040	G042	0.651143	DatasetB	KitB
DatasetB_sample040	G043	0.66137	DatasetB	KitB
DatasetB_sample040	G044	0.614012	DatasetB	KitB
DatasetB_sample040	G045	0.723962	DatasetB	KitB
DatasetB_sample040	G046	0.585772	DatasetB	KitB
DatasetB_sample040	G047	0.522208	DatasetB	KitB
DatasetB_sample040	G048	0.746057	DatasetB	KitB
DatasetB_sample040	G049	0.732707	DatasetB	KitB
DatasetB_sample040	G050	0.849415	DatasetB	KitB
DatasetB_sample040	G051	0.813256	DatasetB	KitB
DatasetB_sample040	G052	0.805731	DatasetB	KitB
DatasetB_sample040	G053	0.793183	DatasetB	KitB
DatasetB_sample040	G054	0.692766	DatasetB	KitB
DatasetB_sample040	G055	0.225663	DatasetB	KitB
DatasetB_sample040	G056	0.730145	DatasetB	KitB
DatasetB_sample040	G057	0.405948	DatasetB	KitB
DatasetB_sample040	G058	0.354639	DatasetB	KitB
DatasetB_sample040	G059	0.40594	DatasetB	KitB
DatasetB_sample040	G060	0.524467	DatasetB	KitB
DatasetB_sample040	G061	0.707862	DatasetB	KitB
DatasetB_sample040	G062	0.488944	DatasetB	KitB
DatasetB_sample040	G063	0.514571	DatasetB	KitB
DatasetB_sample040	G064	0.662173	DatasetB	KitB
DatasetB_sample040	G065	0.615911	DatasetB	KitB
DatasetB_sample040	G066	0.379746	DatasetB	KitB
DatasetB_sample040	G067	0.466977	DatasetB	KitB
DatasetB_sample040	G068	0.574938	DatasetB	KitB
DatasetB_sample040	G069	0.772565	DatasetB	KitB
DatasetB_sample040	G070	0.84952	DatasetB	KitB
DatasetB_sample040	G071	0.212402	DatasetB	KitB
DatasetB_sample040	G072	0.358264	DatasetB	KitB
DatasetB_sample040	G073	0.551699	DatasetB	KitB
DatasetB_sample040	G074	0.58782	DatasetB	KitB
DatasetB_sample040	G075	0.519912	DatasetB	KitB
DatasetB_sample040	G076	0.176669	DatasetB	KitB
DatasetB_sample040	G077	0.33558	DatasetB	KitB
DatasetB_sample040	G078	0.740156	DatasetB	KitB
DatasetB_sample040	G079	0.26939	DatasetB	KitB
DatasetB_sample040	G080	0.558499	DatasetB	KitB
DatasetB_sample040	G111	0.457587	DatasetB	KitB
DatasetB_sample040	G112	0.352086	DatasetB	KitB
DatasetB_sample040	G113	0.642887	DatasetB	KitB
DatasetB_sample040	G114	0.483898	DatasetB	KitB
DatasetB_sample040	G115	0.427728	DatasetB	KitB
DatasetB_sample040	G116	0.466094	DatasetB	KitB
DatasetB_sample040	G117	0.303032	DatasetB	KitB
DatasetB_sample040	G118	0.14223	DatasetB	KitB
DatasetB_sample040	G119	0.728357	DatasetB	KitB
DatasetB_sample040	G120	0.568629	DatasetB	KitB
DatasetB_sample040	G121	0.248496	DatasetB	KitB
DatasetB_sample040	G122	0.64345	DatasetB	KitB
DatasetB_sample040	G123	0.769034	DatasetB	KitB
DatasetB_sample040	G124	0.572969	DatasetB	KitB
DatasetB_sample040	G125	0.936778	DatasetB	KitB
DatasetB_sample040	G126	0.444069	DatasetB	KitB
DatasetB_sample040	G127	0.621973	DatasetB	KitB
DatasetB_sample040	G128	0.338675	DatasetB	KitB
DatasetB_sample040	G129	0.366073	DatasetB	KitB
DatasetB_sample040	G130	0.740887	DatasetB	KitB
DatasetB_sample040	G131	0.644396	DatasetB	KitB
DatasetB_sample040	G132	0.750483	DatasetB	KitB
DatasetB_sample040	G133	0.729925	DatasetB	KitB
DatasetB_sample040	G134	0.707037	DatasetB	KitB
DatasetB_sample040	G135	0.798174	DatasetB	KitB
DatasetB_sample040	G136	0.522375	DatasetB	KitB
DatasetB_sample040	G137	0.643039	DatasetB	KitB
DatasetB_sample040	G138	0.80778	DatasetB	KitB
DatasetB_sample040	G139	0.751271	DatasetB	KitB
DatasetB_sample040	G140	0.275897	DatasetB	KitB
DatasetB_sample040	G141	0.335741	DatasetB	KitB
DatasetB_sample040	G145	0.383103	DatasetB	KitB
DatasetB_sample040	G146	0.56613	DatasetB	KitB
DatasetB_sample040	G150	0.285255	DatasetB	KitB
DatasetB_sample040	G153	0.623147	DatasetB	KitB
DatasetB_sample040	G154	0.545454	DatasetB	KitB
DatasetB_sample040	G156	0.42295	DatasetB	KitB
DatasetB_sample040	G158	0.375395	DatasetB	KitB
DatasetB_sample040	G160	0.225236	DatasetB	KitB
DatasetB_sample040	G161	0.447535	DatasetB	KitB
DatasetB_sample040	G162	0.279877	DatasetB	KitB
DatasetB_sample040	G164	0.584604	DatasetB	KitB
DatasetB_sample040	G166	0.570337	DatasetB	KitB
DatasetB_sample040	G167	0.431359	DatasetB	KitB
DatasetB_sample040	G168	0.455861	DatasetB	KitB
DatasetB_sample040	G169	0.426976	DatasetB	KitB
DatasetB_sample040	G170	0.298864	DatasetB	KitB
DatasetB_sample040	G173	0.049057	DatasetB	KitB
DatasetB_sample040	G176	0.089339	DatasetB	KitB
DatasetB_sample040	G177	0.176878	DatasetB	KitB
DatasetB_sample040	G178	0.409775	DatasetB	KitB
DatasetB_sample040	G180	0.27861	DatasetB	KitB
DatasetB_sample040	G184	0.592023	DatasetB	KitB
DatasetB_sample040	G187	0.281761	DatasetB	KitB
DatasetB_sample040	G188	0.416089	DatasetB	KitB
DatasetB_sample040	G191	0.074178	DatasetB	KitB
DatasetB_sample040	G196	0.559846	DatasetB	KitB
DatasetC_sample001	G001	0.802742	DatasetC	KitC
DatasetC_sample001	G002	0.382346	DatasetC	KitC
DatasetC_sample001	G003	0.566354	DatasetC	KitC
DatasetC_sample001	G004	0.476377	DatasetC	KitC
DatasetC_sample001	G005	0.680321	DatasetC	KitC
DatasetC_sample001	G006	0.830042	DatasetC	KitC
DatasetC_sample001	G007	0.807654	DatasetC	KitC
DatasetC_sample001	G008	0.563112	DatasetC	KitC
DatasetC_sample001	G009	0.615166	DatasetC	KitC
DatasetC_sample001	G010	0.659355	DatasetC	KitC
DatasetC_sample001	G011	0.822193	DatasetC	KitC
DatasetC_sample001	G012	0.915791	DatasetC	KitC
DatasetC_sample001	G013	0.951234	DatasetC	KitC
DatasetC_sample001	G014	0.769546	DatasetC	KitC
DatasetC_sample001	G015	0.948813	DatasetC	KitC
DatasetC_sample001	G016	0.742085	DatasetC	KitC
DatasetC_sample001	G017	0.778331	DatasetC	KitC
DatasetC_sample001	G018	0.962484	DatasetC	KitC
DatasetC_sample001	G019	0.921844	DatasetC	KitC
DatasetC_sample001	G020	0.668617	DatasetC	KitC
DatasetC_sample001	G021	0.607045	DatasetC	KitC
DatasetC_sample001	G022	0.483045	DatasetC	KitC
DatasetC_sample001	G023	0.851415	DatasetC	KitC
DatasetC_sample001	G024	0.67917	DatasetC	KitC
DatasetC_sample001	G025	0.62776	DatasetC	KitC
DatasetC_sample001	G026	0.853431	DatasetC	KitC
DatasetC_sample001	G027	0.83083	DatasetC	KitC
DatasetC_sample001	G028	0.564265	DatasetC	KitC
DatasetC_sample001	G029	0.850804	DatasetC	KitC
DatasetC_sample001	G030	0.494173	DatasetC	KitC
DatasetC_sample001	G031	0.952137	DatasetC	KitC
DatasetC_sample001	G032	0.614603	DatasetC	KitC
DatasetC_sample001	G033	0.8493	DatasetC	KitC
DatasetC_sample001	G034	0.625587	DatasetC	KitC
DatasetC_sample001	G035	0.449645	DatasetC	KitC
DatasetC_sample001	G036	0.534333	DatasetC	KitC
DatasetC_sample001	G037	0.341082	DatasetC	KitC
DatasetC_sample001	G038	0.727672	DatasetC	KitC
DatasetC_sample001	G039	0.839049	DatasetC	KitC
DatasetC_sample001	G040	0.490216	DatasetC	KitC
DatasetC_sample001	G041	0.641923	DatasetC	KitC
DatasetC_sample001	G042	0.532306	DatasetC	KitC
DatasetC_sample001	G043	0.606662	DatasetC	KitC
DatasetC_sample001	G044	0.698254	DatasetC	KitC
DatasetC_sample001	G045	0.752819	DatasetC	KitC
DatasetC_sample001	G046	0.325935	DatasetC	KitC
DatasetC_sample001	G047	0.785176	DatasetC	KitC
DatasetC_sample001	G048	0.519548	DatasetC	KitC
DatasetC_sample001	G049	0.580738	DatasetC	KitC
DatasetC_sample001	G050	0.708524	DatasetC	KitC
DatasetC_sample001	G051	0.862744	DatasetC	KitC
DatasetC_sample001	G052	0.920771	DatasetC	KitC
DatasetC_sample001	G053	0.500058	DatasetC	KitC
DatasetC_sample001	G054	0.606684	DatasetC	KitC
DatasetC_sample001	G055	0.758001	DatasetC	KitC
DatasetC_sample001	G056	0.448832	DatasetC	KitC
DatasetC_sample001	G057	0.853397	DatasetC	KitC
DatasetC_sample001	G058	0.52192	DatasetC	KitC
DatasetC_sample001	G059	0.477807	DatasetC	KitC
DatasetC_sample001	G060	0.638616	DatasetC	KitC
DatasetC_sample001	G061	0.601657	DatasetC	KitC
DatasetC_sample001	G062	0.563551	DatasetC	KitC
DatasetC_sample001	G064	0.342178	DatasetC	KitC
DatasetC_sample001	G065	0.759282	DatasetC	KitC
DatasetC_sample001	G066	0.461756	DatasetC	KitC
DatasetC_sample001	G067	0.293505	DatasetC	KitC
DatasetC_sample001	G068	0.62669	DatasetC	KitC
DatasetC_sample001	G069	0.350999	DatasetC	KitC
DatasetC_sample001	G070	0.421878	DatasetC	KitC
DatasetC_sample001	G071	0.578606	DatasetC	KitC
DatasetC_sample001	G072	0.624465	DatasetC	KitC
DatasetC_sample001	G073	0.589287	DatasetC	KitC
DatasetC_sample001	G074	0.546128	DatasetC	KitC
DatasetC_sample001	G075	0.320157	DatasetC	KitC
DatasetC_sample001	G076	0.960425	DatasetC	KitC
DatasetC_sample001	G077	0.391306	DatasetC	KitC
DatasetC_sample001	G078	0.775708	DatasetC	KitC
DatasetC_sample001	G079	0.426222	DatasetC	KitC
DatasetC_sample001	G080	0.45684	DatasetC	KitC
DatasetC_sample001	G081	0.715914	DatasetC	KitC
DatasetC_sample001	G082	0.420331	DatasetC	KitC
DatasetC_sample001	G083	0.695285	DatasetC	KitC
DatasetC_sample001	G084	0.833216	DatasetC	KitC
DatasetC_sample001	G085	0.359376	DatasetC	KitC
DatasetC_sample001	G086	0.281721	DatasetC	KitC
DatasetC_sample001	G087	0.606055	DatasetC	KitC
DatasetC_sample001	G088	0.236739	DatasetC	KitC
DatasetC_sample001	G089	0.482911	DatasetC	KitC
DatasetC_sample001	G090	0.472128	DatasetC	KitC
DatasetC_sample001	G091	0.926227	DatasetC	KitC
DatasetC_sample001	G092	0.577465	DatasetC	KitC
DatasetC_sample001	G093	0.55538	DatasetC	KitC
DatasetC_sample001	G094	0.183823	DatasetC	KitC
DatasetC_sample001	G095	0.856534	DatasetC	KitC
DatasetC_sample001	G096	0.46732	DatasetC	KitC
DatasetC_sample001	G097	0.656802	DatasetC	KitC
DatasetC_sample001	G098	0.80122	DatasetC	KitC
DatasetC_sample001	G099	0.326965	DatasetC	KitC
DatasetC_sample001	G100	0.658486	DatasetC	KitC
DatasetC_sample001	G101	0.517503	DatasetC	KitC
DatasetC_sample001	G102	0.651576	DatasetC	KitC
DatasetC_sample001	G103	0.668822	DatasetC	KitC
DatasetC_sample001	G104	0.461571	DatasetC	KitC
DatasetC_sample001	G105	0.449045	DatasetC	KitC
DatasetC_sample001	G106	0.666543	DatasetC	KitC
DatasetC_sample001	G107	0.402041	DatasetC	KitC
DatasetC_sample001	G108	0.342495	DatasetC	KitC
DatasetC_sample001	G109	0.759187	DatasetC	KitC
DatasetC_sample001	G110	0.554606	DatasetC	KitC
DatasetC_sample001	G141	0.401116	DatasetC	KitC
DatasetC_sample001	G142	0.400389	DatasetC	KitC
DatasetC_sample001	G143	0.273474	DatasetC	KitC
DatasetC_sample001	G144	0.488241	DatasetC	KitC
DatasetC_sample001	G145	0.394204	DatasetC	KitC
DatasetC_sample001	G147	0.200023	DatasetC	KitC
DatasetC_sample001	G149	0.386549	DatasetC	KitC
DatasetC_sample001	G151	0.324402	DatasetC	KitC
DatasetC_sample001	G152	0.259354	DatasetC	KitC
DatasetC_sample001	G154	0.589425	DatasetC	KitC
DatasetC_sample001	G157	0.408567	DatasetC	KitC
DatasetC_sample001	G158	0.646337	DatasetC	KitC
DatasetC_sample001	G159	0.151665	DatasetC	KitC
DatasetC_sample001	G161	0.460568	DatasetC	KitC
DatasetC_sample001	G166	0.247375	DatasetC	KitC
DatasetC_sample001	G169	0.239501	DatasetC	KitC
DatasetC_sample001	G171	0.191739	DatasetC	KitC
DatasetC_sample001	G173	0.184732	DatasetC	KitC
DatasetC_sample001	G174	0.054859	DatasetC	KitC
DatasetC_sample001	G175	0.244744	DatasetC	KitC
DatasetC_sample001	G176	0.324167	DatasetC	KitC
DatasetC_sample001	G178	0.147494	DatasetC	KitC
DatasetC_sample001	G179	0.09995	DatasetC	KitC
DatasetC_sample001	G188	0.344288	DatasetC	KitC
DatasetC_sample001	G197	0.528426	DatasetC	KitC
DatasetC_sample001	G198	0.135525	DatasetC	KitC
DatasetC_sample001	G199	0.447995	DatasetC	KitC
DatasetC_sample001	G200	0.211487	DatasetC	KitC
DatasetC_sample002	G001	0.571045	DatasetC	KitC
DatasetC_sample002	G002	0.774003	DatasetC	KitC
DatasetC_sample002	G003	0.908323	DatasetC	KitC
DatasetC_sample002	G004	0.852952	DatasetC	KitC
DatasetC_sample002	G005	0.491855	DatasetC	KitC
DatasetC_sample002	G006	0.375761	DatasetC	KitC
DatasetC_sample002	G007	0.747019	DatasetC	KitC
DatasetC_sample002	G008	0.75138	DatasetC	KitC
DatasetC_sample002	G009	0.734122	DatasetC	KitC
DatasetC_sample002	G010	0.923839	DatasetC	KitC
DatasetC_sample002	G011	0.799572	DatasetC	KitC
DatasetC_sample002	G012	0.977489	DatasetC	KitC
DatasetC_sample002	G013	0.710862	DatasetC	KitC
DatasetC_sample002	G014	0.850607	DatasetC	KitC
DatasetC_sample002	G015	0.774148	DatasetC	KitC
DatasetC_sample002	G016	0.887991	DatasetC	KitC
DatasetC_sample002	G017	0.896109	DatasetC	KitC
DatasetC_sample002	G018	0.686601	DatasetC	KitC
DatasetC_sample002	G019	0.550256	DatasetC	KitC
DatasetC_sample002	G020	0.764074	DatasetC	KitC
DatasetC_sample002	G021	0.487032	DatasetC	KitC
DatasetC_sample002	G022	0.897586	DatasetC	KitC
DatasetC_sample002	G023	0.943198	DatasetC	KitC
DatasetC_sample002	G024	0.718335	DatasetC	KitC
DatasetC_sample002	G025	0.875287	DatasetC	KitC
DatasetC_sample002	G026	0.810854	DatasetC	KitC
DatasetC_sample002	G027	0.844307	DatasetC	KitC
DatasetC_sample002	G028	0.57211	DatasetC	KitC
DatasetC_sample002	G029	0.904401	DatasetC	KitC
DatasetC_sample002	G030	0.301599	DatasetC	KitC
DatasetC_sample002	G031	0.763388	DatasetC	KitC
DatasetC_sample002	G032	0.696419	DatasetC	KitC
DatasetC_sample002	G033	0.684196	DatasetC	KitC
DatasetC_sample002	G034	0.775239	DatasetC	KitC
DatasetC_sample002	G035	0.945051	DatasetC	KitC
DatasetC_sample002	G036	0.789878	DatasetC	KitC
DatasetC_sample002	G037	0.930947	DatasetC	KitC
DatasetC_sample002	G038	0.876979	DatasetC	KitC
DatasetC_sample002	G039	0.880515	DatasetC	KitC
DatasetC_sample002	G040	0.533216	DatasetC	KitC
DatasetC_sample002	G041	0.801569	DatasetC	KitC
DatasetC_sample002	G042	0.32801	DatasetC	KitC
DatasetC_sample002	G043	0.698915	DatasetC	KitC
DatasetC_sample002	G044	0.891823	DatasetC	KitC
DatasetC_sample002	G045	0.812584	DatasetC	KitC
DatasetC_sample002	G046	0.681147	DatasetC	KitC
DatasetC_sample002	G047	0.275487	DatasetC	KitC
DatasetC_sample002	G048	0.856407	DatasetC	KitC
DatasetC_sample002	G049	0.856109	DatasetC	KitC
DatasetC_sample002	G050	0.855255	DatasetC	KitC
DatasetC_sample002	G051	0.466599	DatasetC	KitC
DatasetC_sample002	G052	0.85159	DatasetC	KitC
DatasetC_sample002	G053	0.463482	DatasetC	KitC
DatasetC_sample002	G054	0.389302	DatasetC	KitC
DatasetC_sample002	G055	0.819521	DatasetC	KitC
DatasetC_sample002	G056	0.46077	DatasetC	KitC
DatasetC_sample002	G057	0.31064	DatasetC	KitC
DatasetC_sample002	G058	0.379969	DatasetC	KitC
DatasetC_sample002	G059	0.473326	DatasetC	KitC
DatasetC_sample002	G060	0.655169	DatasetC	KitC
DatasetC_sample002	G061	0.501903	DatasetC	KitC
DatasetC_sample002	G062	0.409974	DatasetC	KitC
DatasetC_sample002	G063	0.483152	DatasetC	KitC
DatasetC_sample002	G064	0.270429	DatasetC	KitC
DatasetC_sample002	G065	0.650125	DatasetC	KitC
DatasetC_sample002	G066	0.437281	DatasetC	KitC
DatasetC_sample002	G067	0.743999	DatasetC	KitC
DatasetC_sample002	G068	0.250491	DatasetC	KitC
DatasetC_sample002	G069	0.779739	DatasetC	KitC
DatasetC_sample002	G070	0.536218	DatasetC	KitC
DatasetC_sample002	G071	0.798497	DatasetC	KitC
DatasetC_sample002	G072	0.323911	DatasetC	KitC
DatasetC_sample002	G073	0.501256	DatasetC	KitC
DatasetC_sample002	G074	0.732186	DatasetC	KitC
DatasetC_sample002	G075	0.531471	DatasetC	KitC
DatasetC_sample002	G076	0.758141	DatasetC	KitC
DatasetC_sample002	G077	0.326247	DatasetC	KitC
DatasetC_sample002	G078	0.634551	DatasetC	KitC
DatasetC_sample002	G079	0.694625	DatasetC	KitC
DatasetC_sample002	G080	0.384364	DatasetC	KitC
DatasetC_sample002	G081	0.490664	DatasetC	KitC
DatasetC_sample002	G082	0.684581	DatasetC	KitC
DatasetC_sample002	G083	0.82213	DatasetC	KitC
DatasetC_sample002	G084	0.43342	DatasetC	KitC
DatasetC_sample002	G085	0.380786	DatasetC	KitC
DatasetC_sample002	G086	0.446705	DatasetC	KitC
DatasetC_sample002	G087	0.615517	DatasetC	KitC
DatasetC_sample002	G088	0.471152	DatasetC	KitC
DatasetC_sample002	G089	0.691834	DatasetC	KitC
DatasetC_sample002	G090	0.633357	DatasetC	KitC
DatasetC_sample002	G091	0.672816	DatasetC	KitC
DatasetC_sample002	G092	0.366014	DatasetC	KitC
DatasetC_sample002	G093	0.749022	DatasetC	KitC
DatasetC_sample002	G094	0.428423	DatasetC	KitC
DatasetC_sample002	G095	0.699906	DatasetC	KitC
DatasetC_sample002	G096	0.280631	DatasetC	KitC
DatasetC_sample002	G097	0.713011	DatasetC	KitC
DatasetC_sample002	G098	0.382866	DatasetC	KitC
DatasetC_sample002	G099	0.7746	DatasetC	KitC
DatasetC_sample002	G100	0.5497	DatasetC	KitC
DatasetC_sample002	G101	0.437552	DatasetC	KitC
DatasetC_sample002	G102	0.47695	DatasetC	KitC
DatasetC_sample002	G103	0.218498	DatasetC	KitC
DatasetC_sample002	G104	0.353526	DatasetC	KitC
DatasetC_sample002	G105	0.860723	DatasetC	KitC
DatasetC_sample002	G106	0.182907	DatasetC	KitC
DatasetC_sample002	G107	0.618828	DatasetC	KitC
DatasetC_sample002	G108	0.553818	DatasetC	KitC
DatasetC_sample002	G109	0.662539	DatasetC	KitC
DatasetC_sample002	G110	0.432345	DatasetC	KitC
DatasetC_sample002	G141	0.538448	DatasetC	KitC
DatasetC_sample002	G142	0.558651	DatasetC	KitC
DatasetC_sample002	G143	0.619116	DatasetC	KitC
DatasetC_sample002	G144	0.843239	DatasetC	KitC
DatasetC_sample002	G145	0.215737	DatasetC	KitC
DatasetC_sample002	G146	0.210303	DatasetC	KitC
DatasetC_sample002	G149	0.172695	DatasetC	KitC
DatasetC_sample002	G152	0.502108	DatasetC	KitC
DatasetC_sample002	G155	0.60265	DatasetC	KitC
DatasetC_sample002	G157	0.488814	DatasetC	KitC
DatasetC_sample002	G158	0.408367	DatasetC	KitC
DatasetC_sample002	G160	0.329594	DatasetC	KitC
DatasetC_sample002	G162	0.401041	DatasetC	KitC
DatasetC_sample002	G163	0.444807	DatasetC	KitC
DatasetC_sample002	G164	0.53323	DatasetC	KitC
DatasetC_sample002	G167	0.133566	DatasetC	KitC
DatasetC_sample002	G168	0.241261	DatasetC	KitC
DatasetC_sample002	G169	0.251703	DatasetC	KitC
DatasetC_sample002	G170	0.450253	DatasetC	KitC
DatasetC_sample002	G187	0.362521	DatasetC	KitC
DatasetC_sample002	G188	0.606667	DatasetC	KitC
DatasetC_sample002	G198	0.202301	DatasetC	KitC
DatasetC_sample003	G001	0.81476	DatasetC	KitC
DatasetC_sample003	G002	0.61163	DatasetC	KitC
DatasetC_sample003	G003	0.707953	DatasetC	KitC
DatasetC_sample003	G004	0.654398	DatasetC	KitC
DatasetC_sample003	G005	0.562186	DatasetC	KitC
DatasetC_sample003	G006	0.894241	DatasetC	KitC
DatasetC_sample003	G007	0.625314	DatasetC	KitC
DatasetC_sample003	G008	0.753876	DatasetC	KitC
DatasetC_sample003	G009	0.671737	DatasetC	KitC
DatasetC_sample003	G010	0.722611	DatasetC	KitC
DatasetC_sample003	G011	0.728297	DatasetC	KitC
DatasetC_sample003	G012	0.558485	DatasetC	KitC
DatasetC_sample003	G013	0.715534	DatasetC	KitC
DatasetC_sample003	G014	0.88587	DatasetC	KitC
DatasetC_sample003	G015	0.837213	DatasetC	KitC
DatasetC_sample003	G016	0.962907	DatasetC	KitC
DatasetC_sample003	G017	0.411702	DatasetC	KitC
DatasetC_sample003	G018	0.88886	DatasetC	KitC
DatasetC_sample003	G019	0.391516	DatasetC	KitC
DatasetC_sample003	G020	0.587137	DatasetC	KitC
DatasetC_sample003	G021	0.441617	DatasetC	KitC
DatasetC_sample003	G022	0.515307	DatasetC	KitC
DatasetC_sample003	G023	0.527997	DatasetC	KitC
DatasetC_sample003	G024	0.369374	DatasetC	KitC
DatasetC_sample003	G025	0.721359	DatasetC	KitC
DatasetC_sample003	G026	0.700599	DatasetC	KitC
DatasetC_sample003	G027	0.704054	DatasetC	KitC
DatasetC_sample003	G028	0.79476	DatasetC	KitC
DatasetC_sample003	G029	0.685069	DatasetC	KitC
DatasetC_sample003	G030	0.887739	DatasetC	KitC
DatasetC_sample003	G031	0.954512	DatasetC	KitC
DatasetC_sample003	G032	0.678004	DatasetC	KitC
DatasetC_sample003	G033	0.824339	DatasetC	KitC
DatasetC_sample003	G034	0.617988	DatasetC	KitC
DatasetC_sample003	G035	0.669524	DatasetC	KitC
DatasetC_sample003	G036	0.526403	DatasetC	KitC
DatasetC_sample003	G037	0.852051	DatasetC	KitC
DatasetC_sample003	G038	0.94827	DatasetC	KitC
DatasetC_sample003	G039	0.643958	DatasetC	KitC
DatasetC_sample003	G040	0.817724	DatasetC	KitC
DatasetC_sample003	G041	0.993848	DatasetC	KitC
DatasetC_sample003	G042	0.346828	DatasetC	KitC
DatasetC_sample003	G043	0.757495	DatasetC	KitC
DatasetC_sample003	G044	0.788818	DatasetC	KitC
DatasetC_sample003	G045	0.454857	DatasetC	KitC
DatasetC_sample003	G046	0.681066	DatasetC	KitC
DatasetC_sample003	G047	0.980552	DatasetC	KitC
DatasetC_sample003	G048	0.596113	DatasetC	KitC
DatasetC_sample003	G049	0.905446	DatasetC	KitC
DatasetC_sample003	G050	0.718228	DatasetC	KitC
DatasetC_sample003	G051	0.639078	DatasetC	KitC
DatasetC_sample003	G052	0.698477	DatasetC	KitC
DatasetC_sample003	G053	0.434616	DatasetC	KitC
DatasetC_sample003	G054	0.677372	DatasetC	KitC
DatasetC_sample003	G055	0.609746	DatasetC	KitC
DatasetC_sample003	G057	0.671747	DatasetC	KitC
DatasetC_sample003	G058	0.774133	DatasetC	KitC
DatasetC_sample003	G059	0.421469	DatasetC	KitC
DatasetC_sample003	G060	0.477906	DatasetC	KitC
DatasetC_sample003	G061	0.655285	DatasetC	KitC
DatasetC_sample003	G062	0.577391	DatasetC	KitC
DatasetC_sample003	G063	0.494921	DatasetC	KitC
DatasetC_sample003	G064	0.345292	DatasetC	KitC
DatasetC_sample003	G065	0.609216	DatasetC	KitC
DatasetC_sample003	G066	0.594534	DatasetC	KitC
DatasetC_sample003	G067	0.340936	DatasetC	KitC
DatasetC_sample003	G068	0.59096	DatasetC	KitC
DatasetC_sample003	G069	0.47689	DatasetC	KitC
DatasetC_sample003	G070	0.450374	DatasetC	KitC
DatasetC_sample003	G071	0.733595	DatasetC	KitC
DatasetC_sample003	G072	0.453895	DatasetC	KitC
DatasetC_sample003	G073	0.640582	DatasetC	KitC
DatasetC_sample003	G074	0.668939	DatasetC	KitC
DatasetC_sample003	G075	0.471289	DatasetC	KitC
DatasetC_sample003	G076	0.788028	DatasetC	KitC
DatasetC_sample003	G077	0.484667	DatasetC	KitC
DatasetC_sample003	G078	0.379474	DatasetC	KitC
DatasetC_sample003	G079	0.605496	DatasetC	KitC
DatasetC_sample003	G080	0.672882	DatasetC	KitC
DatasetC_sample003	G081	0.482178	DatasetC	KitC
DatasetC_sample003	G082	0.586753	DatasetC	KitC
DatasetC_sample003	G083	0.307363	DatasetC	KitC
DatasetC_sample003	G084	0.471861	DatasetC	KitC
DatasetC_sample003	G085	0.5105	DatasetC	KitC
DatasetC_sample003	G086	0.662078	DatasetC	KitC
DatasetC_sample003	G087	0.549209	DatasetC	KitC
DatasetC_sample003	G088	0.153751	DatasetC	KitC
DatasetC_sample003	G089	0.460774	DatasetC	KitC
DatasetC_sample003	G090	0.649493	DatasetC	KitC
DatasetC_sample003	G091	0.494318	DatasetC	KitC
DatasetC_sample003	G092	0.474998	DatasetC	KitC
DatasetC_sample003	G093	0.263127	DatasetC	KitC
DatasetC_sample003	G094	0.431663	DatasetC	KitC
DatasetC_sample003	G095	0.577376	DatasetC	KitC
DatasetC_sample003	G096	0.438626	DatasetC	KitC
DatasetC_sample003	G097	0.505961	DatasetC	KitC
DatasetC_sample003	G098	0.602143	DatasetC	KitC
DatasetC_sample003	G099	0.292391	DatasetC	KitC
DatasetC_sample003	G100	0.880104	DatasetC	KitC
DatasetC_sample003	G101	0.128588	DatasetC	KitC
DatasetC_sample003	G102	0.505994	DatasetC	KitC
DatasetC_sample003	G103	0.488205	DatasetC	KitC
DatasetC_sample003	G104	0.185504	DatasetC	KitC
DatasetC_sample003	G105	0.802852	DatasetC	KitC
DatasetC_sample003	G106	0.891175	DatasetC	KitC
DatasetC_sample003	G107	0.618	DatasetC	KitC
DatasetC_sample003	G108	0.564272	DatasetC	KitC
DatasetC_sample003	G109	0.729993	DatasetC	KitC
DatasetC_sample003	G110	0.717498	DatasetC	KitC
DatasetC_sample003	G141	0.531897	DatasetC	KitC
DatasetC_sample003	G143	0.569758	DatasetC	KitC
DatasetC_sample003	G144	0.260947	DatasetC	KitC
DatasetC_sample003	G145	0.162341	DatasetC	KitC
DatasetC_sample003	G146	0.493098	DatasetC	KitC
DatasetC_sample003	G148	0.58857	DatasetC	KitC
DatasetC_sample003	G149	0.569378	DatasetC	KitC
DatasetC_sample003	G150	0.155274	DatasetC	KitC
DatasetC_sample003	G151	0.764599	DatasetC	KitC
DatasetC_sample003	G152	0.472436	DatasetC	KitC
DatasetC_sample003	G153	0.469972	DatasetC	KitC
DatasetC_sample003	G158	0.165336	DatasetC	KitC
DatasetC_sample003	G159	0.449144	DatasetC	KitC
DatasetC_sample003	G160	0.352643	DatasetC	KitC
DatasetC_sample003	G163	0.459165	DatasetC	KitC
DatasetC_sample003	G164	0.166881	DatasetC	KitC
DatasetC_sample003	G166	0.494239	DatasetC	KitC
DatasetC_sample003	G168	0.438039	DatasetC	KitC
DatasetC_sample003	G169	0.219649	DatasetC	KitC
DatasetC_sample003	G172	0.538827	DatasetC	KitC
DatasetC_sample003	G177	0.466157	DatasetC	KitC
DatasetC_sample003	G178	0.205093	DatasetC	KitC
DatasetC_sample003	G193	0.417945	DatasetC	KitC
DatasetC_sample003	G197	0.213594	DatasetC	KitC
DatasetC_sample003	G199	0.231014	DatasetC	KitC
DatasetC_sample004	G001	0.783304	DatasetC	KitC
DatasetC_sample004	G002	0.917707	DatasetC	KitC
DatasetC_sample004	G003	0.927229	DatasetC	KitC
DatasetC_sample004	G004	0.88541	DatasetC	KitC
DatasetC_sample004	G005	0.903081	DatasetC	KitC
DatasetC_sample004	G006	0.93453	DatasetC	KitC
DatasetC_sample004	G007	0.570974	DatasetC	KitC
DatasetC_sample004	G008	0.631781	DatasetC	KitC
DatasetC_sample004	G009	0.75654	DatasetC	KitC
DatasetC_sample004	G010	0.781351	DatasetC	KitC
DatasetC_sample004	G011	0.724872	DatasetC	KitC
DatasetC_sample004	G012	0.827853	DatasetC	KitC
DatasetC_sample004	G013	0.859211	DatasetC	KitC
DatasetC_sample004	G014	0.538977	DatasetC	KitC
DatasetC_sample004	G015	0.810078	DatasetC	KitC
DatasetC_sample004	G016	0.669294	DatasetC	KitC
DatasetC_sample004	G017	0.527007	DatasetC	KitC
DatasetC_sample004	G018	0.744395	DatasetC	KitC
DatasetC_sample004	G019	0.759307	DatasetC	KitC
DatasetC_sample004	G020	0.911042	DatasetC	KitC
DatasetC_sample004	G021	0.759317	DatasetC	KitC
DatasetC_sample004	G022	0.837607	DatasetC	KitC
DatasetC_sample004	G023	0.750452	DatasetC	KitC
DatasetC_sample004	G024	0.610782	DatasetC	KitC
DatasetC_sample004	G025	0.668846	DatasetC	KitC
DatasetC_sample004	G026	0.62108	DatasetC	KitC
DatasetC_sample004	G027	0.913256	DatasetC	KitC
DatasetC_sample004	G028	0.832145	DatasetC	KitC
DatasetC_sample004	G029	0.419873	DatasetC	KitC
DatasetC_sample004	G030	0.458862	DatasetC	KitC
DatasetC_sample004	G031	0.883805	DatasetC	KitC
DatasetC_sample004	G032	0.583207	DatasetC	KitC
DatasetC_sample004	G033	0.593851	DatasetC	KitC
DatasetC_sample004	G034	0.854614	DatasetC	KitC
DatasetC_sample004	G035	0.801072	DatasetC	KitC
DatasetC_sample004	G036	0.320126	DatasetC	KitC
DatasetC_sample004	G037	0.515387	DatasetC	KitC
DatasetC_sample004	G038	0.810073	DatasetC	KitC
DatasetC_sample004	G039	0.863943	DatasetC	KitC
DatasetC_sample004	G040	0.675585	DatasetC	KitC
DatasetC_sample004	G041	0.829956	DatasetC	KitC
DatasetC_sample004	G042	0.651473	DatasetC	KitC
DatasetC_sample004	G043	0.92396	DatasetC	KitC
DatasetC_sample004	G044	0.654944	DatasetC	KitC
DatasetC_sample004	G045	0.700961	DatasetC	KitC
DatasetC_sample004	G046	0.729383	DatasetC	KitC
DatasetC_sample004	G047	0.975325	DatasetC	KitC
DatasetC_sample004	G048	0.773257	DatasetC	KitC
DatasetC_sample004	G049	0.835374	DatasetC	KitC
DatasetC_sample004	G050	0.657228	DatasetC	KitC
DatasetC_sample004	G051	0.469832	DatasetC	KitC
DatasetC_sample004	G052	0.590694	DatasetC	KitC
DatasetC_sample004	G053	0.74732	DatasetC	KitC
DatasetC_sample004	G054	0.509097	DatasetC	KitC
DatasetC_sample004	G055	0.542948	DatasetC	KitC
DatasetC_sample004	G056	0.885372	DatasetC	KitC
DatasetC_sample004	G057	0.52246	DatasetC	KitC
DatasetC_sample004	G058	0.77578	DatasetC	KitC
DatasetC_sample004	G059	0.615809	DatasetC	KitC
DatasetC_sample004	G060	0.506417	DatasetC	KitC
DatasetC_sample004	G061	0.354281	DatasetC	KitC
DatasetC_sample004	G062	0.441185	DatasetC	KitC
DatasetC_sample004	G063	0.261458	DatasetC	KitC
DatasetC_sample004	G064	0.834374	DatasetC	KitC
DatasetC_sample004	G065	0.759319	DatasetC	KitC
DatasetC_sample004	G066	0.241661	DatasetC	KitC
DatasetC_sample004	G067	0.744185	DatasetC	KitC
DatasetC_sample004	G068	0.512304	DatasetC	KitC
DatasetC_sample004	G069	0.5955	DatasetC	KitC
DatasetC_sample004	G070	0.382458	DatasetC	KitC
DatasetC_sample004	G071	0.774078	DatasetC	KitC
DatasetC_sample004	G072	0.704111	DatasetC	KitC
DatasetC_sample004	G073	0.617952	DatasetC	KitC
DatasetC_sample004	G074	0.708623	DatasetC	KitC
DatasetC_sample004	G075	0.849976	DatasetC	KitC
DatasetC_sample004	G076	0.633634	DatasetC	KitC
DatasetC_sample004	G078	0.645841	DatasetC	KitC
DatasetC_sample004	G079	0.772616	DatasetC	KitC
DatasetC_sample004	G080	0.513156	DatasetC	KitC
DatasetC_sample004	G081	0.763611	DatasetC	KitC
DatasetC_sample004	G082	0.731309	DatasetC	KitC
DatasetC_sample004	G083	0.81862	DatasetC	KitC
DatasetC_sample004	G084	0.700719	DatasetC	KitC
DatasetC_sample004	G085	0.874936	DatasetC	KitC
DatasetC_sample004	G086	0.340285	DatasetC	KitC
DatasetC_sample004	G087	0.822763	DatasetC	KitC
DatasetC_sample004	G088	0.539766	DatasetC	KitC
DatasetC_sample004	G089	0.602537	DatasetC	KitC
DatasetC_sample004	G091	0.656635	DatasetC	KitC
DatasetC_sample004	G092	0.794349	DatasetC	KitC
DatasetC_sample004	G093	0.824993	DatasetC	KitC
DatasetC_sample004	G094	0.790636	DatasetC	KitC
DatasetC_sample004	G095	0.344689	DatasetC	KitC
DatasetC_sample004	G096	0.527045	DatasetC	KitC
DatasetC_sample004	G097	0.657025	DatasetC	KitC
DatasetC_sample004	G098	0.432596	DatasetC	KitC
DatasetC_sample004	G099	0.832215	DatasetC	KitC
DatasetC_sample004	G100	0.766226	DatasetC	KitC
DatasetC_sample004	G101	0.730119	DatasetC	KitC
DatasetC_sample004	G102	0.479626	DatasetC	KitC
DatasetC_sample004	G103	0.693198	DatasetC	KitC
DatasetC_sample004	G104	0.641013	DatasetC	KitC
DatasetC_sample004	G105	0.657399	DatasetC	KitC
DatasetC_sample004	G106	0.743073	DatasetC	KitC
DatasetC_sample004	G107	0.405646	DatasetC	KitC
DatasetC_sample004	G108	0.7336	DatasetC	KitC
DatasetC_sample004	G109	0.49164	DatasetC	KitC
DatasetC_sample004	G110	0.80178	DatasetC	KitC
DatasetC_sample004	G142	0.155249	DatasetC	KitC
DatasetC_sample004	G143	0.679831	DatasetC	KitC
DatasetC_sample004	G144	0.305291	DatasetC	KitC
DatasetC_sample004	G145	0.51005	DatasetC	KitC
DatasetC_sample004	G146	0.469682	DatasetC	KitC
DatasetC_sample004	G147	0.846399	DatasetC	KitC
DatasetC_sample004	G150	0.44845	DatasetC	KitC
DatasetC_sample004	G151	0.84344	DatasetC	KitC
DatasetC_sample004	G152	0.392601	DatasetC	KitC
DatasetC_sample004	G154	0.320746	DatasetC	KitC
DatasetC_sample004	G155	0.331155	DatasetC	KitC
DatasetC_sample004	G156	0.63052	DatasetC	KitC
DatasetC_sample004	G157	0.311439	DatasetC	KitC
DatasetC_sample004	G159	0.667293	DatasetC	KitC
DatasetC_sample004	G161	0.756053	DatasetC	KitC
DatasetC_sample004	G163	0.704364	DatasetC	KitC
DatasetC_sample004	G164	0.394339	DatasetC	KitC
DatasetC_sample004	G165	0.128272	DatasetC	KitC
DatasetC_sample004	G167	0.545844	DatasetC	KitC
DatasetC_sample004	G170	0.418578	DatasetC	KitC
DatasetC_sample004	G173	0.270234	DatasetC	KitC
DatasetC_sample004	G174	0.587761	DatasetC	KitC
DatasetC_sample004	G175	0.052715	DatasetC	KitC
DatasetC_sample004	G177	0.441486	DatasetC	KitC
DatasetC_sample004	G178	0.202865	DatasetC	KitC
DatasetC_sample004	G179	0.218407	DatasetC	KitC
DatasetC_sample004	G184	0.31343	DatasetC	KitC
DatasetC_sample004	G200	0.205309	DatasetC	KitC
DatasetC_sample005	G001	0.804933	DatasetC	KitC
DatasetC_sample005	G002	0.634222	DatasetC	KitC
DatasetC_sample005	G003	0.61312	DatasetC	KitC
DatasetC_sample005	G004	0.708273	DatasetC	KitC
DatasetC_sample005	G005	0.899473	DatasetC	KitC
DatasetC_sample005	G006	0.704956	DatasetC	KitC
DatasetC_sample005	G007	0.833253	DatasetC	KitC
DatasetC_sample005	G008	0.861786	DatasetC	KitC
DatasetC_sample005	G009	0.62699	DatasetC	KitC
DatasetC_sample005	G010	0.6224	DatasetC	KitC
DatasetC_sample005	G011	0.671063	DatasetC	KitC
DatasetC_sample005	G012	0.906399	DatasetC	KitC
DatasetC_sample005	G013	0.733119	DatasetC	KitC
DatasetC_sample005	G014	0.657601	DatasetC	KitC
DatasetC_sample005	G015	0.584434	DatasetC	KitC
DatasetC_sample005	G016	0.955189	DatasetC	KitC
DatasetC_sample005	G017	0.925411	DatasetC	KitC
DatasetC_sample005	G018	0.539531	DatasetC	KitC
DatasetC_sample005	G019	0.609743	DatasetC	KitC
DatasetC_sample005	G020	0.70515	DatasetC	KitC
DatasetC_sample005	G021	0.919866	DatasetC	KitC
DatasetC_sample005	G022	0.745312	DatasetC	KitC
DatasetC_sample005	G023	0.816734	DatasetC	KitC
DatasetC_sample005	G024	0.978432	DatasetC	KitC
DatasetC_sample005	G025	0.685774	DatasetC	KitC
DatasetC_sample005	G026	0.527162	DatasetC	KitC
DatasetC_sample005	G027	0.554217	DatasetC	KitC
DatasetC_sample005	G028	0.741667	DatasetC	KitC
DatasetC_sample005	G029	0.809228	DatasetC	KitC
DatasetC_sample005	G030	0.605133	DatasetC	KitC
DatasetC_sample005	G031	0.603257	DatasetC	KitC
DatasetC_sample005	G032	0.321856	DatasetC	KitC
DatasetC_sample005	G033	0.823429	DatasetC	KitC
DatasetC_sample005	G034	0.81574	DatasetC	KitC
DatasetC_sample005	G035	0.753396	DatasetC	KitC
DatasetC_sample005	G036	0.854549	DatasetC	KitC
DatasetC_sample005	G037	0.698063	DatasetC	KitC
DatasetC_sample005	G038	0.379054	DatasetC	KitC
DatasetC_sample005	G039	0.668773	DatasetC	KitC
DatasetC_sample005	G040	0.634848	DatasetC	KitC
DatasetC_sample005	G041	0.906598	DatasetC	KitC
DatasetC_sample005	G042	0.722715	DatasetC	KitC
DatasetC_sample005	G043	0.701918	DatasetC	KitC
DatasetC_sample005	G044	0.522324	DatasetC	KitC
DatasetC_sample005	G045	0.733439	DatasetC	KitC
DatasetC_sample005	G046	0.619463	DatasetC	KitC
DatasetC_sample005	G047	0.755826	DatasetC	KitC
DatasetC_sample005	G048	0.840788	DatasetC	KitC
DatasetC_sample005	G049	0.780791	DatasetC	KitC
DatasetC_sample005	G050	0.911833	DatasetC	KitC
DatasetC_sample005	G051	0.596398	DatasetC	KitC
DatasetC_sample005	G052	0.537834	DatasetC	KitC
DatasetC_sample005	G053	0.460786	DatasetC	KitC
DatasetC_sample005	G054	0.213323	DatasetC	KitC
DatasetC_sample005	G055	0.584086	DatasetC	KitC
DatasetC_sample005	G056	0.622973	DatasetC	KitC
DatasetC_sample005	G057	0.524373	DatasetC	KitC
DatasetC_sample005	G058	0.774775	DatasetC	KitC
DatasetC_sample005	G059	0.512859	DatasetC	KitC
DatasetC_sample005	G060	0.175072	DatasetC	KitC
DatasetC_sample005	G061	0.711348	DatasetC	KitC
DatasetC_sample005	G062	0.368838	DatasetC	KitC
DatasetC_sample005	G063	0.289603	DatasetC	KitC
DatasetC_sample005	G064	0.33948	DatasetC	KitC
DatasetC_sample005	G065	0.392745	DatasetC	KitC
DatasetC_sample005	G066	0.608709	DatasetC	KitC
DatasetC_sample005	G067	0.38378	DatasetC	KitC
DatasetC_sample005	G068	0.567586	DatasetC	KitC
DatasetC_sample005	G069	0.693263	DatasetC	KitC
DatasetC_sample005	G070	0.707451	DatasetC	KitC
DatasetC_sample005	G071	0.547585	DatasetC	KitC
DatasetC_sample005	G073	0.411553	DatasetC	KitC
DatasetC_sample005	G074	0.5075	DatasetC	KitC
DatasetC_sample005	G075	0.737852	DatasetC	KitC
DatasetC_sample005	G076	0.765742	DatasetC	KitC
DatasetC_sample005	G077	0.437993	DatasetC	KitC
DatasetC_sample005	G078	0.40544	DatasetC	KitC
DatasetC_sample005	G079	0.420376	DatasetC	KitC
DatasetC_sample005	G080	0.862416	DatasetC	KitC
DatasetC_sample005	G081	0.371576	DatasetC	KitC
DatasetC_sample005	G082	0.529183	DatasetC	KitC
DatasetC_sample005	G083	0.669043	DatasetC	KitC
DatasetC_sample005	G084	0.49276	DatasetC	KitC
DatasetC_sample005	G085	0.782554	DatasetC	KitC
DatasetC_sample005	G086	0.67474	DatasetC	KitC
DatasetC_sample005	G087	0.559726	DatasetC	KitC
DatasetC_sample005	G088	0.479503	DatasetC	KitC
DatasetC_sample005	G089	0.602695	DatasetC	KitC
DatasetC_sample005	G090	0.466302	DatasetC	KitC
DatasetC_sample005	G091	0.580274	DatasetC	KitC
DatasetC_sample005	G092	0.261752	DatasetC	KitC
DatasetC_sample005	G093	0.57411	DatasetC	KitC
DatasetC_sample005	G094	0.586285	DatasetC	KitC
DatasetC_sample005	G095	0.613736	DatasetC	KitC
DatasetC_sample005	G096	0.86565	DatasetC	KitC
DatasetC_sample005	G097	0.590869	DatasetC	KitC
DatasetC_sample005	G098	0.565605	DatasetC	KitC
DatasetC_sample005	G099	0.586125	DatasetC	KitC
DatasetC_sample005	G100	0.688472	DatasetC	KitC
DatasetC_sample005	G101	0.635394	DatasetC	KitC
DatasetC_sample005	G102	0.869412	DatasetC	KitC
DatasetC_sample005	G103	0.647298	DatasetC	KitC
DatasetC_sample005	G104	0.475185	DatasetC	KitC
DatasetC_sample005	G105	0.566743	DatasetC	KitC
DatasetC_sample005	G106	0.548658	DatasetC	KitC
DatasetC_sample005	G107	0.217344	DatasetC	KitC
DatasetC_sample005	G108	0.552566	DatasetC	KitC
DatasetC_sample005	G109	0.467505	DatasetC	KitC
DatasetC_sample005	G110	0.523195	DatasetC	KitC
DatasetC_sample005	G141	0.740087	DatasetC	KitC
DatasetC_sample005	G142	0.200849	DatasetC	KitC
DatasetC_sample005	G143	0.152062	DatasetC	KitC
DatasetC_sample005	G144	0.483261	DatasetC	KitC
DatasetC_sample005	G145	0.668761	DatasetC	KitC
DatasetC_sample005	G147	0.647541	DatasetC	KitC
DatasetC_sample005	G148	0.287026	DatasetC	KitC
DatasetC_sample005	G150	0.378538	DatasetC	KitC
DatasetC_sample005	G151	0.18535	DatasetC	KitC
DatasetC_sample005	G152	0.254024	DatasetC	KitC
DatasetC_sample005	G153	0.620403	DatasetC	KitC
DatasetC_sample005	G154	0.198189	DatasetC	KitC
DatasetC_sample005	G156	0.141664	DatasetC	KitC
DatasetC_sample005	G157	0.461794	DatasetC	KitC
DatasetC_sample005	G158	0.615212	DatasetC	KitC
DatasetC_sample005	G161	0.68334	DatasetC	KitC
DatasetC_sample005	G164	0.459453	DatasetC	KitC
DatasetC_sample005	G165	0.22279	DatasetC	KitC
DatasetC_sample005	G166	0.68072	DatasetC	KitC
DatasetC_sample005	G167	0.50972	DatasetC	KitC
DatasetC_sample005	G168	0.357338	DatasetC	KitC
DatasetC_sample005	G169	0.342385	DatasetC	KitC
DatasetC_sample005	G170	0.567966	DatasetC	KitC
DatasetC_sample005	G176	0.132785	DatasetC	KitC
DatasetC_sample005	G178	0.102276	DatasetC	KitC
DatasetC_sample005	G181	0.261792	DatasetC	KitC
DatasetC_sample005	G186	0.028423	DatasetC	KitC
DatasetC_sample005	G194	0.349143	DatasetC	KitC
DatasetC_sample006	G001	0.625678	DatasetC	KitC
DatasetC_sample006	G002	0.706852	DatasetC	KitC
DatasetC_sample006	G003	0.879039	DatasetC	KitC
DatasetC_sample006	G004	0.58037	DatasetC	KitC
DatasetC_sample006	G005	0.250754	DatasetC	KitC
DatasetC_sample006	G006	0.703861	DatasetC	KitC
DatasetC_sample006	G007	0.930055	DatasetC	KitC
DatasetC_sample006	G008	0.692901	DatasetC	KitC
DatasetC_sample006	G009	0.820318	DatasetC	KitC
DatasetC_sample006	G010	0.366695	DatasetC	KitC
DatasetC_sample006	G011	0.729431	DatasetC	KitC
DatasetC_sample006	G012	0.566133	DatasetC	KitC
DatasetC_sample006	G013	0.305339	DatasetC	KitC
DatasetC_sample006	G014	0.538927	DatasetC	KitC
DatasetC_sample006	G015	0.800666	DatasetC	KitC
DatasetC_sample006	G016	0.760719	DatasetC	KitC
DatasetC_sample006	G017	0.876643	DatasetC	KitC
DatasetC_sample006	G018	0.775998	DatasetC	KitC
DatasetC_sample006	G019	0.672142	DatasetC	KitC
DatasetC_sample006	G020	0.507969	DatasetC	KitC
DatasetC_sample006	G021	0.77015	DatasetC	KitC
DatasetC_sample006	G022	0.710692	DatasetC	KitC
DatasetC_sample006	G023	0.858256	DatasetC	KitC
DatasetC_sample006	G024	0.754487	DatasetC	KitC
DatasetC_sample006	G025	0.659911	DatasetC	KitC
DatasetC_sample006	G026	0.917078	DatasetC	KitC
DatasetC_sample006	G027	0.415365	DatasetC	KitC
DatasetC_sample006	G028	0.905936	DatasetC	KitC
DatasetC_sample006	G029	0.724472	DatasetC	KitC
DatasetC_sample006	G030	0.724646	DatasetC	KitC
DatasetC_sample006	G031	0.645146	DatasetC	KitC
DatasetC_sample006	G032	0.79672	DatasetC	KitC
DatasetC_sample006	G033	0.793697	DatasetC	KitC
DatasetC_sample006	G034	0.779989	DatasetC	KitC
DatasetC_sample006	G035	0.780594	DatasetC	KitC
DatasetC_sample006	G036	0.588252	DatasetC	KitC
DatasetC_sample006	G037	0.875793	DatasetC	KitC
DatasetC_sample006	G038	0.835738	DatasetC	KitC
DatasetC_sample006	G039	0.797933	DatasetC	KitC
DatasetC_sample006	G040	0.432372	DatasetC	KitC
DatasetC_sample006	G041	0.802618	DatasetC	KitC
DatasetC_sample006	G042	0.87721	DatasetC	KitC
DatasetC_sample006	G043	0.84823	DatasetC	KitC
DatasetC_sample006	G044	0.719569	DatasetC	KitC
DatasetC_sample006	G045	0.709635	DatasetC	KitC
DatasetC_sample006	G046	0.574262	DatasetC	KitC
DatasetC_sample006	G047	0.555481	DatasetC	KitC
DatasetC_sample006	G048	0.964096	DatasetC	KitC
DatasetC_sample006	G049	0.985889	DatasetC	KitC
DatasetC_sample006	G050	0.925397	DatasetC	KitC
DatasetC_sample006	G051	0.512806	DatasetC	KitC
DatasetC_sample006	G052	0.624057	DatasetC	KitC
DatasetC_sample006	G053	0.708193	DatasetC	KitC
DatasetC_sample006	G054	0.630812	DatasetC	KitC
DatasetC_sample006	G055	0.796755	DatasetC	KitC
DatasetC_sample006	G056	0.263256	DatasetC	KitC
DatasetC_sample006	G057	0.590627	DatasetC	KitC
DatasetC_sample006	G058	0.724126	DatasetC	KitC
DatasetC_sample006	G059	0.428621	DatasetC	KitC
DatasetC_sample006	G060	0.340305	DatasetC	KitC
DatasetC_sample006	G061	0.39969	DatasetC	KitC
DatasetC_sample006	G062	0.636546	DatasetC	KitC
DatasetC_sample006	G063	0.647726	DatasetC	KitC
DatasetC_sample006	G064	0.697246	DatasetC	KitC
DatasetC_sample006	G065	0.556282	DatasetC	KitC
DatasetC_sample006	G066	0.612113	DatasetC	KitC
DatasetC_sample006	G069	0.686674	DatasetC	KitC
DatasetC_sample006	G070	0.71335	DatasetC	KitC
DatasetC_sample006	G071	0.352414	DatasetC	KitC
DatasetC_sample006	G072	0.582297	DatasetC	KitC
DatasetC_sample006	G073	0.405637	DatasetC	KitC
DatasetC_sample006	G074	0.364062	DatasetC	KitC
DatasetC_sample006	G075	0.783995	DatasetC	KitC
DatasetC_sample006	G076	0.615425	DatasetC	KitC
DatasetC_sample006	G077	0.840408	DatasetC	KitC
DatasetC_sample006	G079	0.233584	DatasetC	KitC
DatasetC_sample006	G080	0.488702	DatasetC	KitC
DatasetC_sample006	G081	0.41794	DatasetC	KitC
DatasetC_sample006	G082	0.444109	DatasetC	KitC
DatasetC_sample006	G083	0.315097	DatasetC	KitC
DatasetC_sample006	G084	0.677703	DatasetC	KitC
DatasetC_sample006	G085	0.645719	DatasetC	KitC
DatasetC_sample006	G086	0.173157	DatasetC	KitC
DatasetC_sample006	G087	0.682414	DatasetC	KitC
DatasetC_sample006	G088	0.812597	DatasetC	KitC
DatasetC_sample006	G089	0.431165	DatasetC	KitC
DatasetC_sample006	G090	0.731616	DatasetC	KitC
DatasetC_sample006	G091	0.636695	DatasetC	KitC
DatasetC_sample006	G092	0.504784	DatasetC	KitC
DatasetC_sample006	G093	0.678536	DatasetC	KitC
DatasetC_sample006	G094	0.752305	DatasetC	KitC
DatasetC_sample006	G095	0.155091	DatasetC	KitC
DatasetC_sample006	G096	0.620592	DatasetC	KitC
DatasetC_sample006	G097	0.350263	DatasetC	KitC
DatasetC_sample006	G098	0.392781	DatasetC	KitC
DatasetC_sample006	G099	0.47592	DatasetC	KitC
DatasetC_sample006	G100	0.52473	DatasetC	KitC
DatasetC_sample006	G101	0.400766	DatasetC	KitC
DatasetC_sample006	G102	0.363966	DatasetC	KitC
DatasetC_sample006	G103	0.348662	DatasetC	KitC
DatasetC_sample006	G104	0.722634	DatasetC	KitC
DatasetC_sample006	G105	0.56821	DatasetC	KitC
DatasetC_sample006	G106	0.765232	DatasetC	KitC
DatasetC_sample006	G107	0.519002	DatasetC	KitC
DatasetC_sample006	G108	0.908221	DatasetC	KitC
DatasetC_sample006	G109	0.442196	DatasetC	KitC
DatasetC_sample006	G110	0.533619	DatasetC	KitC
DatasetC_sample006	G141	0.504281	DatasetC	KitC
DatasetC_sample006	G142	0.232291	DatasetC	KitC
DatasetC_sample006	G146	0.316656	DatasetC	KitC
DatasetC_sample006	G147	0.906994	DatasetC	KitC
DatasetC_sample006	G149	0.694166	DatasetC	KitC
DatasetC_sample006	G150	0.450978	DatasetC	KitC
DatasetC_sample006	G151	0.488767	DatasetC	KitC
DatasetC_sample006	G152	0.503135	DatasetC	KitC
DatasetC_sample006	G153	0.268484	DatasetC	KitC
DatasetC_sample006	G156	0.395746	DatasetC	KitC
DatasetC_sample006	G157	0.294536	DatasetC	KitC
DatasetC_sample006	G158	0.571703	DatasetC	KitC
DatasetC_sample006	G159	0.306127	DatasetC	KitC
DatasetC_sample006	G161	0.655076	DatasetC	KitC
DatasetC_sample006	G163	0.613747	DatasetC	KitC
DatasetC_sample006	G165	0.302903	DatasetC	KitC
DatasetC_sample006	G167	0.303531	DatasetC	KitC
DatasetC_sample006	G168	0.130999	DatasetC	KitC
DatasetC_sample006	G189	0.151099	DatasetC	KitC
DatasetC_sample006	G194	0.150761	DatasetC	KitC
DatasetC_sample006	G197	0.2571	DatasetC	KitC
DatasetC_sample006	G199	0.258519	DatasetC	KitC
DatasetC_sample007	G001	0.885973	DatasetC	KitC
DatasetC_sample007	G002	0.431871	DatasetC	KitC
DatasetC_sample007	G003	0.599703	DatasetC	KitC
DatasetC_sample007	G004	0.838518	DatasetC	KitC
DatasetC_sample007	G005	0.890639	DatasetC	KitC
DatasetC_sample007	G006	0.917404	DatasetC	KitC
DatasetC_sample007	G007	0.675747	DatasetC	KitC
DatasetC_sample007	G008	0.732836	DatasetC	KitC
DatasetC_sample007	G009	0.823392	DatasetC	KitC
DatasetC_sample007	G010	0.682279	DatasetC	KitC
DatasetC_sample007	G011	0.716388	DatasetC	KitC
DatasetC_sample007	G012	0.847845	DatasetC	KitC
DatasetC_sample007	G013	0.821071	DatasetC	KitC
DatasetC_sample007	G014	0.811361	DatasetC	KitC
DatasetC_sample007	G015	0.942339	DatasetC	KitC
DatasetC_sample007	G016	0.353034	DatasetC	KitC
DatasetC_sample007	G017	0.735462	DatasetC	KitC
DatasetC_sample007	G018	0.76769	DatasetC	KitC
DatasetC_sample007	G019	0.573064	DatasetC	KitC
DatasetC_sample007	G020	0.906369	DatasetC	KitC
DatasetC_sample007	G021	0.922259	DatasetC	KitC
DatasetC_sample007	G022	0.921678	DatasetC	KitC
DatasetC_sample007	G023	0.92012	DatasetC	KitC
DatasetC_sample007	G024	0.712348	DatasetC	KitC
DatasetC_sample007	G025	0.89889	DatasetC	KitC
DatasetC_sample007	G026	0.526344	DatasetC	KitC
DatasetC_sample007	G027	0.630039	DatasetC	KitC
DatasetC_sample007	G028	0.760865	DatasetC	KitC
DatasetC_sample007	G029	0.65843	DatasetC	KitC
DatasetC_sample007	G030	0.798017	DatasetC	KitC
DatasetC_sample007	G031	0.791015	DatasetC	KitC
DatasetC_sample007	G032	0.697971	DatasetC	KitC
DatasetC_sample007	G033	0.777435	DatasetC	KitC
DatasetC_sample007	G034	0.665686	DatasetC	KitC
DatasetC_sample007	G035	0.268683	DatasetC	KitC
DatasetC_sample007	G036	0.253239	DatasetC	KitC
DatasetC_sample007	G037	0.689	DatasetC	KitC
DatasetC_sample007	G038	0.821514	DatasetC	KitC
DatasetC_sample007	G039	0.480249	DatasetC	KitC
DatasetC_sample007	G040	0.82148	DatasetC	KitC
DatasetC_sample007	G041	0.335389	DatasetC	KitC
DatasetC_sample007	G042	0.966668	DatasetC	KitC
DatasetC_sample007	G043	0.4021	DatasetC	KitC
DatasetC_sample007	G044	0.826184	DatasetC	KitC
DatasetC_sample007	G045	0.865966	DatasetC	KitC
DatasetC_sample007	G046	0.933182	DatasetC	KitC
DatasetC_sample007	G047	0.723455	DatasetC	KitC
DatasetC_sample007	G048	0.415801	DatasetC	KitC
DatasetC_sample007	G049	0.900349	DatasetC	KitC
DatasetC_sample007	G050	0.733996	DatasetC	KitC
DatasetC_sample007	G051	0.548829	DatasetC	KitC
DatasetC_sample007	G052	0.387464	DatasetC	KitC
DatasetC_sample007	G053	0.699315	DatasetC	KitC
DatasetC_sample007	G054	0.767785	DatasetC	KitC
DatasetC_sample007	G055	0.702789	DatasetC	KitC
DatasetC_sample007	G056	0.58044	DatasetC	KitC
DatasetC_sample007	G057	0.435312	DatasetC	KitC
DatasetC_sample007	G058	0.849907	DatasetC	KitC
DatasetC_sample007	G059	0.651016	DatasetC	KitC
DatasetC_sample007	G060	0.244135	DatasetC	KitC
DatasetC_sample007	G063	0.709392	DatasetC	KitC
DatasetC_sample007	G064	0.779176	DatasetC	KitC
DatasetC_sample007	G065	0.676229	DatasetC	KitC
DatasetC_sample007	G066	0.588596	DatasetC	KitC
DatasetC_sample007	G067	0.685583	DatasetC	KitC
DatasetC_sample007	G068	0.755585	DatasetC	KitC
DatasetC_sample007	G069	0.648504	DatasetC	KitC
DatasetC_sample007	G070	0.545242	DatasetC	KitC
DatasetC_sample007	G071	0.413625	DatasetC	KitC
DatasetC_sample007	G072	0.872784	DatasetC	KitC
DatasetC_sample007	G073	0.607537	DatasetC	KitC
DatasetC_sample007	G074	0.381492	DatasetC	KitC
DatasetC_sample007	G075	0.357501	DatasetC	KitC
DatasetC_sample007	G076	0.548016	DatasetC	KitC
DatasetC_sample007	G077	0.641452	DatasetC	KitC
DatasetC_sample007	G078	0.767575	DatasetC	KitC
DatasetC_sample007	G079	0.777887	DatasetC	KitC
DatasetC_sample007	G080	0.911848	DatasetC	KitC
DatasetC_sample007	G081	0.191371	DatasetC	KitC
DatasetC_sample007	G082	0.604763	DatasetC	KitC
DatasetC_sample007	G083	0.464507	DatasetC	KitC
DatasetC_sample007	G084	0.434426	DatasetC	KitC
DatasetC_sample007	G085	0.909237	DatasetC	KitC
DatasetC_sample007	G086	0.399015	DatasetC	KitC
DatasetC_sample007	G087	0.88648	DatasetC	KitC
DatasetC_sample007	G088	0.479618	DatasetC	KitC
DatasetC_sample007	G089	0.506445	DatasetC	KitC
DatasetC_sample007	G090	0.636754	DatasetC	KitC
DatasetC_sample007	G091	0.562004	DatasetC	KitC
DatasetC_sample007	G092	0.53406	DatasetC	KitC
DatasetC_sample007	G093	0.746669	DatasetC	KitC
DatasetC_sample007	G094	0.449167	DatasetC	KitC
DatasetC_sample007	G095	0.848022	DatasetC	KitC
DatasetC_sample007	G096	0.780137	DatasetC	KitC
DatasetC_sample007	G097	0.552238	DatasetC	KitC
DatasetC_sample007	G098	0.726486	DatasetC	KitC
DatasetC_sample007	G099	0.686915	DatasetC	KitC
DatasetC_sample007	G100	0.581035	DatasetC	KitC
DatasetC_sample007	G101	0.697436	DatasetC	KitC
DatasetC_sample007	G102	0.586166	DatasetC	KitC
DatasetC_sample007	G103	0.616938	DatasetC	KitC
DatasetC_sample007	G104	0.546564	DatasetC	KitC
DatasetC_sample007	G105	0.796589	DatasetC	KitC
DatasetC_sample007	G106	0.644298	DatasetC	KitC
DatasetC_sample007	G107	0.745051	DatasetC	KitC
DatasetC_sample007	G108	0.496498	DatasetC	KitC
DatasetC_sample007	G109	0.49967	DatasetC	KitC
DatasetC_sample007	G110	0.68194	DatasetC	KitC
DatasetC_sample007	G143	0.40947	DatasetC	KitC
DatasetC_sample007	G144	0.506875	DatasetC	KitC
DatasetC_sample007	G145	0.623237	DatasetC	KitC
DatasetC_sample007	G146	0.609018	DatasetC	KitC
DatasetC_sample007	G147	0.362043	DatasetC	KitC
DatasetC_sample007	G148	0.381154	DatasetC	KitC
DatasetC_sample007	G149	0.488925	DatasetC	KitC
DatasetC_sample007	G152	0.614148	DatasetC	KitC
DatasetC_sample007	G154	0.730516	DatasetC	KitC
DatasetC_sample007	G155	0.480366	DatasetC	KitC
DatasetC_sample007	G156	0.571692	DatasetC	KitC
DatasetC_sample007	G159	0.268224	DatasetC	KitC
DatasetC_sample007	G160	0.623793	DatasetC	KitC
DatasetC_sample007	G162	0.209975	DatasetC	KitC
DatasetC_sample007	G163	0.473429	DatasetC	KitC
DatasetC_sample007	G165	0.580119	DatasetC	KitC
DatasetC_sample007	G167	0.697069	DatasetC	KitC
DatasetC_sample007	G169	0.795075	DatasetC	KitC
DatasetC_sample007	G170	0.381265	DatasetC	KitC
DatasetC_sample007	G171	0.153109	DatasetC	KitC
DatasetC_sample007	G173	0.648176	DatasetC	KitC
DatasetC_sample007	G174	0.745232	DatasetC	KitC
DatasetC_sample007	G177	0.505859	DatasetC	KitC
DatasetC_sample007	G191	0.39395	DatasetC	KitC
DatasetC_sample007	G194	0.411504	DatasetC	KitC
DatasetC_sample007	G195	0.243266	DatasetC	KitC
DatasetC_sample008	G001	0.433659	DatasetC	KitC
DatasetC_sample008	G002	0.451907	DatasetC	KitC
DatasetC_sample008	G003	0.643883	DatasetC	KitC
DatasetC_sample008	G004	0.720831	DatasetC	KitC
DatasetC_sample008	G005	0.711205	DatasetC	KitC
DatasetC_sample008	G006	0.727849	DatasetC	KitC
DatasetC_sample008	G007	0.703468	DatasetC	KitC
DatasetC_sample008	G008	0.368261	DatasetC	KitC
DatasetC_sample008	G009	0.50821	DatasetC	KitC
DatasetC_sample008	G010	0.911266	DatasetC	KitC
DatasetC_sample008	G011	0.73065	DatasetC	KitC
DatasetC_sample008	G012	0.890066	DatasetC	KitC
DatasetC_sample008	G013	0.834714	DatasetC	KitC
DatasetC_sample008	G014	0.610418	DatasetC	KitC
DatasetC_sample008	G015	0.73926	DatasetC	KitC
DatasetC_sample008	G016	0.595912	DatasetC	KitC
DatasetC_sample008	G017	0.758639	DatasetC	KitC
DatasetC_sample008	G018	0.75672	DatasetC	KitC
DatasetC_sample008	G019	0.668519	DatasetC	KitC
DatasetC_sample008	G020	0.921686	DatasetC	KitC
DatasetC_sample008	G021	0.863187	DatasetC	KitC
DatasetC_sample008	G022	0.92452	DatasetC	KitC
DatasetC_sample008	G023	0.856752	DatasetC	KitC
DatasetC_sample008	G024	0.564359	DatasetC	KitC
DatasetC_sample008	G025	0.617979	DatasetC	KitC
DatasetC_sample008	G026	0.714913	DatasetC	KitC
DatasetC_sample008	G027	0.846833	DatasetC	KitC
DatasetC_sample008	G028	0.55645	DatasetC	KitC
DatasetC_sample008	G029	0.638713	DatasetC	KitC
DatasetC_sample008	G030	0.759608	DatasetC	KitC
DatasetC_sample008	G031	0.489768	DatasetC	KitC
DatasetC_sample008	G032	0.845593	DatasetC	KitC
DatasetC_sample008	G033	0.852441	DatasetC	KitC
DatasetC_sample008	G034	0.584881	DatasetC	KitC
DatasetC_sample008	G035	0.895214	DatasetC	KitC
DatasetC_sample008	G036	0.862043	DatasetC	KitC
DatasetC_sample008	G037	0.937654	DatasetC	KitC
DatasetC_sample008	G038	0.842435	DatasetC	KitC
DatasetC_sample008	G039	0.872535	DatasetC	KitC
DatasetC_sample008	G040	0.405284	DatasetC	KitC
DatasetC_sample008	G041	0.751636	DatasetC	KitC
DatasetC_sample008	G042	0.727154	DatasetC	KitC
DatasetC_sample008	G043	0.747315	DatasetC	KitC
DatasetC_sample008	G044	0.825819	DatasetC	KitC
DatasetC_sample008	G045	0.440151	DatasetC	KitC
DatasetC_sample008	G046	0.402468	DatasetC	KitC
DatasetC_sample008	G047	0.784356	DatasetC	KitC
DatasetC_sample008	G048	0.714099	DatasetC	KitC
DatasetC_sample008	G049	0.517346	DatasetC	KitC
DatasetC_sample008	G050	0.75639	DatasetC	KitC
DatasetC_sample008	G051	0.588365	DatasetC	KitC
DatasetC_sample008	G052	0.789674	DatasetC	KitC
DatasetC_sample008	G053	0.312315	DatasetC	KitC
DatasetC_sample008	G054	0.615984	DatasetC	KitC
DatasetC_sample008	G055	0.441201	DatasetC	KitC
DatasetC_sample008	G056	0.570836	DatasetC	KitC
DatasetC_sample008	G057	0.581787	DatasetC	KitC
DatasetC_sample008	G058	0.709627	DatasetC	KitC
DatasetC_sample008	G059	0.475977	DatasetC	KitC
DatasetC_sample008	G060	0.557903	DatasetC	KitC
DatasetC_sample008	G061	0.560241	DatasetC	KitC
DatasetC_sample008	G062	0.349745	DatasetC	KitC
DatasetC_sample008	G063	0.696091	DatasetC	KitC
DatasetC_sample008	G064	0.399983	DatasetC	KitC
DatasetC_sample008	G065	0.334474	DatasetC	KitC
DatasetC_sample008	G066	0.766999	DatasetC	KitC
DatasetC_sample008	G067	0.822703	DatasetC	KitC
DatasetC_sample008	G068	0.608401	DatasetC	KitC
DatasetC_sample008	G069	0.354663	DatasetC	KitC
DatasetC_sample008	G070	0.655844	DatasetC	KitC
DatasetC_sample008	G071	0.558243	DatasetC	KitC
DatasetC_sample008	G072	0.298062	DatasetC	KitC
DatasetC_sample008	G073	0.314074	DatasetC	KitC
DatasetC_sample008	G074	0.859572	DatasetC	KitC
DatasetC_sample008	G075	0.392738	DatasetC	KitC
DatasetC_sample008	G076	0.611163	DatasetC	KitC
DatasetC_sample008	G077	0.811469	DatasetC	KitC
DatasetC_sample008	G078	0.815972	DatasetC	KitC
DatasetC_sample008	G079	0.447284	DatasetC	KitC
DatasetC_sample008	G080	0.510338	DatasetC	KitC
DatasetC_sample008	G081	0.706763	DatasetC	KitC
DatasetC_sample008	G082	0.695403	DatasetC	KitC
DatasetC_sample008	G083	0.120365	DatasetC	KitC
DatasetC_sample008	G085	0.628755	DatasetC	KitC
DatasetC_sample008	G086	0.496684	DatasetC	KitC
DatasetC_sample008	G087	0.269138	DatasetC	KitC
DatasetC_sample008	G088	0.630683	DatasetC	KitC
DatasetC_sample008	G089	0.386576	DatasetC	KitC
DatasetC_sample008	G090	0.798387	DatasetC	KitC
DatasetC_sample008	G091	0.752205	DatasetC	KitC
DatasetC_sample008	G092	0.556175	DatasetC	KitC
DatasetC_sample008	G093	0.652322	DatasetC	KitC
DatasetC_sample008	G094	0.551577	DatasetC	KitC
DatasetC_sample008	G095	0.826962	DatasetC	KitC
DatasetC_sample008	G096	0.580523	DatasetC	KitC
DatasetC_sample008	G097	0.572798	DatasetC	KitC
DatasetC_sample008	G098	0.698233	DatasetC	KitC
DatasetC_sample008	G099	0.732694	DatasetC	KitC
DatasetC_sample008	G100	0.407212	DatasetC	KitC
DatasetC_sample008	G101	0.538469	DatasetC	KitC
DatasetC_sample008	G102	0.855068	DatasetC	KitC
DatasetC_sample008	G103	0.741842	DatasetC	KitC
DatasetC_sample008	G104	0.347317	DatasetC	KitC
DatasetC_sample008	G106	0.298296	DatasetC	KitC
DatasetC_sample008	G107	0.33639	DatasetC	KitC
DatasetC_sample008	G108	0.532804	DatasetC	KitC
DatasetC_sample008	G109	0.318559	DatasetC	KitC
DatasetC_sample008	G110	0.524133	DatasetC	KitC
DatasetC_sample008	G141	0.482852	DatasetC	KitC
DatasetC_sample008	G142	0.245239	DatasetC	KitC
DatasetC_sample008	G143	0.539201	DatasetC	KitC
DatasetC_sample008	G144	0.205667	DatasetC	KitC
DatasetC_sample008	G146	0.454697	DatasetC	KitC
DatasetC_sample008	G148	0.519452	DatasetC	KitC
DatasetC_sample008	G149	0.511813	DatasetC	KitC
DatasetC_sample008	G150	0.105355	DatasetC	KitC
DatasetC_sample008	G151	0.208796	DatasetC	KitC
DatasetC_sample008	G152	0.387187	DatasetC	KitC
DatasetC_sample008	G153	0.661295	DatasetC	KitC
DatasetC_sample008	G154	0.715259	DatasetC	KitC
DatasetC_sample008	G155	0.63451	DatasetC	KitC
DatasetC_sample008	G157	0.4668	DatasetC	KitC
DatasetC_sample008	G158	0.14911	DatasetC	KitC
DatasetC_sample008	G159	0.349555	DatasetC	KitC
DatasetC_sample008	G162	0.241027	DatasetC	KitC
DatasetC_sample008	G163	0.295075	DatasetC	KitC
DatasetC_sample008	G168	0.80344	DatasetC	KitC
DatasetC_sample008	G169	0.220314	DatasetC	KitC
DatasetC_sample008	G175	0.350672	DatasetC	KitC
DatasetC_sample008	G181	0.008936	DatasetC	KitC
DatasetC_sample008	G183	0.260774	DatasetC	KitC
DatasetC_sample008	G189	0.167138	DatasetC	KitC
DatasetC_sample008	G194	0.214125	DatasetC	KitC
DatasetC_sample008	G198	0.178507	DatasetC	KitC
DatasetC_sample008	G199	0.264978	DatasetC	KitC
DatasetC_sample009	G001	0.908338	DatasetC	KitC
DatasetC_sample009	G002	0.878694	DatasetC	KitC
DatasetC_sample009	G003	0.697727	DatasetC	KitC
DatasetC_sample009	G004	0.823046	DatasetC	KitC
DatasetC_sample009	G005	0.77594	DatasetC	KitC
DatasetC_sample009	G006	0.77253	DatasetC	KitC
DatasetC_sample009	G007	0.882396	DatasetC	KitC
DatasetC_sample009	G008	0.7661	DatasetC	KitC
DatasetC_sample009	G009	0.653663	DatasetC	KitC
DatasetC_sample009	G010	0.564822	DatasetC	KitC
DatasetC_sample009	G011	0.909839	DatasetC	KitC
DatasetC_sample009	G012	0.840316	DatasetC	KitC
DatasetC_sample009	G013	0.735391	DatasetC	KitC
DatasetC_sample009	G014	0.856714	DatasetC	KitC
DatasetC_sample009	G015	0.868122	DatasetC	KitC
DatasetC_sample009	G016	0.546687	DatasetC	KitC
DatasetC_sample009	G017	0.847738	DatasetC	KitC
DatasetC_sample009	G018	0.657497	DatasetC	KitC
DatasetC_sample009	G019	0.818645	DatasetC	KitC
DatasetC_sample009	G020	0.787238	DatasetC	KitC
DatasetC_sample009	G021	0.675738	DatasetC	KitC
DatasetC_sample009	G022	0.631024	DatasetC	KitC
DatasetC_sample009	G023	0.681229	DatasetC	KitC
DatasetC_sample009	G024	0.87332	DatasetC	KitC
DatasetC_sample009	G025	0.854756	DatasetC	KitC
DatasetC_sample009	G026	0.902741	DatasetC	KitC
DatasetC_sample009	G027	0.762987	DatasetC	KitC
DatasetC_sample009	G028	0.853813	DatasetC	KitC
DatasetC_sample009	G029	0.882381	DatasetC	KitC
DatasetC_sample009	G030	0.554337	DatasetC	KitC
DatasetC_sample009	G031	0.788093	DatasetC	KitC
DatasetC_sample009	G032	0.804693	DatasetC	KitC
DatasetC_sample009	G033	0.313124	DatasetC	KitC
DatasetC_sample009	G034	0.292194	DatasetC	KitC
DatasetC_sample009	G035	0.900709	DatasetC	KitC
DatasetC_sample009	G036	0.467846	DatasetC	KitC
DatasetC_sample009	G037	0.902073	DatasetC	KitC
DatasetC_sample009	G038	0.838927	DatasetC	KitC
DatasetC_sample009	G039	0.899915	DatasetC	KitC
DatasetC_sample009	G040	0.663636	DatasetC	KitC
DatasetC_sample009	G041	0.572766	DatasetC	KitC
DatasetC_sample009	G042	0.953369	DatasetC	KitC
DatasetC_sample009	G043	0.775464	DatasetC	KitC
DatasetC_sample009	G044	0.837818	DatasetC	KitC
DatasetC_sample009	G045	0.483903	DatasetC	KitC
DatasetC_sample009	G046	0.665201	DatasetC	KitC
DatasetC_sample009	G047	0.816135	DatasetC	KitC
DatasetC_sample009	G048	0.560392	DatasetC	KitC
DatasetC_sample009	G049	0.771856	DatasetC	KitC
DatasetC_sample009	G050	0.543062	DatasetC	KitC
DatasetC_sample009	G051	0.790213	DatasetC	KitC
DatasetC_sample009	G052	0.457437	DatasetC	KitC
DatasetC_sample009	G053	0.669599	DatasetC	KitC
DatasetC_sample009	G054	0.618907	DatasetC	KitC
DatasetC_sample009	G055	0.495737	DatasetC	KitC
DatasetC_sample009	G056	0.819593	DatasetC	KitC
DatasetC_sample009	G057	0.633698	DatasetC	KitC
DatasetC_sample009	G058	0.745489	DatasetC	KitC
DatasetC_sample009	G059	0.717116	DatasetC	KitC
DatasetC_sample009	G060	0.803597	DatasetC	KitC
DatasetC_sample009	G061	0.378	DatasetC	KitC
DatasetC_sample009	G062	0.457279	DatasetC	KitC
DatasetC_sample009	G063	0.868651	DatasetC	KitC
DatasetC_sample009	G064	0.884701	DatasetC	KitC
DatasetC_sample009	G065	0.256736	DatasetC	KitC
DatasetC_sample009	G066	0.781338	DatasetC	KitC
DatasetC_sample009	G067	0.73241	DatasetC	KitC
DatasetC_sample009	G068	0.659856	DatasetC	KitC
DatasetC_sample009	G069	0.635708	DatasetC	KitC
DatasetC_sample009	G070	0.693945	DatasetC	KitC
DatasetC_sample009	G071	0.514026	DatasetC	KitC
DatasetC_sample009	G072	0.66196	DatasetC	KitC
DatasetC_sample009	G073	0.577547	DatasetC	KitC
DatasetC_sample009	G074	0.434445	DatasetC	KitC
DatasetC_sample009	G075	0.394193	DatasetC	KitC
DatasetC_sample009	G076	0.734175	DatasetC	KitC
DatasetC_sample009	G077	0.539885	DatasetC	KitC
DatasetC_sample009	G078	0.547736	DatasetC	KitC
DatasetC_sample009	G079	0.383079	DatasetC	KitC
DatasetC_sample009	G080	0.812715	DatasetC	KitC
DatasetC_sample009	G081	0.843964	DatasetC	KitC
DatasetC_sample009	G082	0.338919	DatasetC	KitC
DatasetC_sample009	G083	0.55082	DatasetC	KitC
DatasetC_sample009	G084	0.795217	DatasetC	KitC
DatasetC_sample009	G085	0.342881	DatasetC	KitC
DatasetC_sample009	G086	0.318544	DatasetC	KitC
DatasetC_sample009	G087	0.563805	DatasetC	KitC
DatasetC_sample009	G088	0.554967	DatasetC	KitC
DatasetC_sample009	G089	0.799186	DatasetC	KitC
DatasetC_sample009	G090	0.411338	DatasetC	KitC
DatasetC_sample009	G091	0.394285	DatasetC	KitC
DatasetC_sample009	G092	0.707214	DatasetC	KitC
DatasetC_sample009	G093	0.678161	DatasetC	KitC
DatasetC_sample009	G094	0.696428	DatasetC	KitC
DatasetC_sample009	G095	0.646172	DatasetC	KitC
DatasetC_sample009	G096	0.258437	DatasetC	KitC
DatasetC_sample009	G097	0.254145	DatasetC	KitC
DatasetC_sample009	G098	0.488714	DatasetC	KitC
DatasetC_sample009	G099	0.871068	DatasetC	KitC
DatasetC_sample009	G100	0.572502	DatasetC	KitC
DatasetC_sample009	G101	0.375136	DatasetC	KitC
DatasetC_sample009	G102	0.605994	DatasetC	KitC
DatasetC_sample009	G103	0.613884	DatasetC	KitC
DatasetC_sample009	G104	0.732069	DatasetC	KitC
DatasetC_sample009	G105	0.574826	DatasetC	KitC
DatasetC_sample009	G106	0.603781	DatasetC	KitC
DatasetC_sample009	G107	0.602144	DatasetC	KitC
DatasetC_sample009	G108	0.298804	DatasetC	KitC
DatasetC_sample009	G109	0.329631	DatasetC	KitC
DatasetC_sample009	G110	0.344536	DatasetC	KitC
DatasetC_sample009	G141	0.24314	DatasetC	KitC
DatasetC_sample009	G142	0.700803	DatasetC	KitC
DatasetC_sample009	G143	0.25904	DatasetC	KitC
DatasetC_sample009	G145	0.404653	DatasetC	KitC
DatasetC_sample009	G148	0.129274	DatasetC	KitC
DatasetC_sample009	G149	0.395047	DatasetC	KitC
DatasetC_sample009	G150	0.28189	DatasetC	KitC
DatasetC_sample009	G151	0.372008	DatasetC	KitC
DatasetC_sample009	G153	0.611287	DatasetC	KitC
DatasetC_sample009	G154	0.338994	DatasetC	KitC
DatasetC_sample009	G155	0.466533	DatasetC	KitC
DatasetC_sample009	G157	0.558734	DatasetC	KitC
DatasetC_sample009	G158	0.103585	DatasetC	KitC
DatasetC_sample009	G159	0.342569	DatasetC	KitC
DatasetC_sample009	G160	0.293253	DatasetC	KitC
DatasetC_sample009	G161	0.713603	DatasetC	KitC
DatasetC_sample009	G164	0.472941	DatasetC	KitC
DatasetC_sample009	G168	0.44698	DatasetC	KitC
DatasetC_sample009	G170	0.591325	DatasetC	KitC
DatasetC_sample009	G172	0.067964	DatasetC	KitC
DatasetC_sample009	G176	0.397498	DatasetC	KitC
DatasetC_sample009	G177	0.312811	DatasetC	KitC
DatasetC_sample009	G184	0.422307	DatasetC	KitC
DatasetC_sample009	G188	0.251054	DatasetC	KitC
DatasetC_sample009	G194	0.152741	DatasetC	KitC
DatasetC_sample009	G196	0.13455	DatasetC	KitC
DatasetC_sample009	G197	0.566226	DatasetC	KitC
DatasetC_sample009	G198	0.54843	DatasetC	KitC
DatasetC_sample010	G001	0.879718	DatasetC	KitC
DatasetC_sample010	G002	0.477407	DatasetC	KitC
DatasetC_sample010	G003	0.707847	DatasetC	KitC
DatasetC_sample010	G004	0.708043	DatasetC	KitC
DatasetC_sample010	G005	0.712588	DatasetC	KitC
DatasetC_sample010	G006	0.845589	DatasetC	KitC
DatasetC_sample010	G007	0.608802	DatasetC	KitC
DatasetC_sample010	G008	0.74299	DatasetC	KitC
DatasetC_sample010	G009	0.926314	DatasetC	KitC
DatasetC_sample010	G010	0.595665	DatasetC	KitC
DatasetC_sample010	G011	0.791527	DatasetC	KitC
DatasetC_sample010	G012	0.771097	DatasetC	KitC
DatasetC_sample010	G013	0.839684	DatasetC	KitC
DatasetC_sample010	G014	0.796829	DatasetC	KitC
DatasetC_sample010	G015	0.46465	DatasetC	KitC
DatasetC_sample010	G016	0.894301	DatasetC	KitC
DatasetC_sample010	G017	0.603816	DatasetC	KitC
DatasetC_sample010	G018	0.578167	DatasetC	KitC
DatasetC_sample010	G019	0.82561	DatasetC	KitC
DatasetC_sample010	G020	0.952482	DatasetC	KitC
DatasetC_sample010	G021	0.897985	DatasetC	KitC
DatasetC_sample010	G022	0.517309	DatasetC	KitC
DatasetC_sample010	G023	0.639569	DatasetC	KitC
DatasetC_sample010	G024	0.871715	DatasetC	KitC
DatasetC_sample010	G025	0.660076	DatasetC	KitC
DatasetC_sample010	G026	0.413654	DatasetC	KitC
DatasetC_sample010	G027	0.923611	DatasetC	KitC
DatasetC_sample010	G028	0.708087	DatasetC	KitC
DatasetC_sample010	G029	0.829755	DatasetC	KitC
DatasetC_sample010	G030	0.639101	DatasetC	KitC
DatasetC_sample010	G031	0.845539	DatasetC	KitC
DatasetC_sample010	G032	0.687672	DatasetC	KitC
DatasetC_sample010	G033	0.813324	DatasetC	KitC
DatasetC_sample010	G034	0.530036	DatasetC	KitC
DatasetC_sample010	G035	0.746853	DatasetC	KitC
DatasetC_sample010	G036	0.834614	DatasetC	KitC
DatasetC_sample010	G037	0.751411	DatasetC	KitC
DatasetC_sample010	G038	0.487915	DatasetC	KitC
DatasetC_sample010	G039	0.832111	DatasetC	KitC
DatasetC_sample010	G040	0.672139	DatasetC	KitC
DatasetC_sample010	G041	0.821137	DatasetC	KitC
DatasetC_sample010	G042	0.650478	DatasetC	KitC
DatasetC_sample010	G043	0.440703	DatasetC	KitC
DatasetC_sample010	G044	0.925813	DatasetC	KitC
DatasetC_sample010	G045	0.849508	DatasetC	KitC
DatasetC_sample010	G046	0.559503	DatasetC	KitC
DatasetC_sample010	G047	0.320007	DatasetC	KitC
DatasetC_sample010	G048	0.669578	DatasetC	KitC
DatasetC_sample010	G049	0.910868	DatasetC	KitC
DatasetC_sample010	G050	0.662457	DatasetC	KitC
DatasetC_sample010	G051	0.652101	DatasetC	KitC
DatasetC_sample010	G052	0.722384	DatasetC	KitC
DatasetC_sample010	G053	0.464863	DatasetC	KitC
DatasetC_sample010	G054	0.515724	DatasetC	KitC
DatasetC_sample010	G055	0.479586	DatasetC	KitC
DatasetC_sample010	G056	0.396732	DatasetC	KitC
DatasetC_sample010	G057	0.458846	DatasetC	KitC
DatasetC_sample010	G058	0.488067	DatasetC	KitC
DatasetC_sample010	G059	0.456447	DatasetC	KitC
DatasetC_sample010	G060	0.566504	DatasetC	KitC
DatasetC_sample010	G061	0.36803	DatasetC	KitC
DatasetC_sample010	G062	0.9086	DatasetC	KitC
DatasetC_sample010	G063	0.593088	DatasetC	KitC
DatasetC_sample010	G064	0.769889	DatasetC	KitC
DatasetC_sample010	G065	0.219715	DatasetC	KitC
DatasetC_sample010	G066	0.642009	DatasetC	KitC
DatasetC_sample010	G067	0.716094	DatasetC	KitC
DatasetC_sample010	G068	0.383512	DatasetC	KitC
DatasetC_sample010	G069	0.678669	DatasetC	KitC
DatasetC_sample010	G070	0.730221	DatasetC	KitC
DatasetC_sample010	G071	0.869053	DatasetC	KitC
DatasetC_sample010	G072	0.549908	DatasetC	KitC
DatasetC_sample010	G073	0.677358	DatasetC	KitC
DatasetC_sample010	G074	0.669159	DatasetC	KitC
DatasetC_sample010	G075	0.687739	DatasetC	KitC
DatasetC_sample010	G076	0.384827	DatasetC	KitC
DatasetC_sample010	G077	0.833139	DatasetC	KitC
DatasetC_sample010	G078	0.824296	DatasetC	KitC
DatasetC_sample010	G079	0.594042	DatasetC	KitC
DatasetC_sample010	G080	0.426603	DatasetC	KitC
DatasetC_sample010	G081	0.637091	DatasetC	KitC
DatasetC_sample010	G082	0.46027	DatasetC	KitC
DatasetC_sample010	G083	0.798785	DatasetC	KitC
DatasetC_sample010	G084	0.722935	DatasetC	KitC
DatasetC_sample010	G085	0.59967	DatasetC	KitC
DatasetC_sample010	G086	0.209269	DatasetC	KitC
DatasetC_sample010	G087	0.582133	DatasetC	KitC
DatasetC_sample010	G088	0.427086	DatasetC	KitC
DatasetC_sample010	G089	0.619083	DatasetC	KitC
DatasetC_sample010	G090	0.570017	DatasetC	KitC
DatasetC_sample010	G091	0.671058	DatasetC	KitC
DatasetC_sample010	G092	0.424924	DatasetC	KitC
DatasetC_sample010	G093	0.384209	DatasetC	KitC
DatasetC_sample010	G094	0.858544	DatasetC	KitC
DatasetC_sample010	G095	0.4124	DatasetC	KitC
DatasetC_sample010	G096	0.548659	DatasetC	KitC
DatasetC_sample010	G097	0.567749	DatasetC	KitC
DatasetC_sample010	G098	0.586179	DatasetC	KitC
DatasetC_sample010	G099	0.229277	DatasetC	KitC
DatasetC_sample010	G100	0.641758	DatasetC	KitC
DatasetC_sample010	G101	0.685908	DatasetC	KitC
DatasetC_sample010	G102	0.311172	DatasetC	KitC
DatasetC_sample010	G103	0.736491	DatasetC	KitC
DatasetC_sample010	G104	0.411074	DatasetC	KitC
DatasetC_sample010	G105	0.309034	DatasetC	KitC
DatasetC_sample010	G106	0.853481	DatasetC	KitC
DatasetC_sample010	G107	0.426432	DatasetC	KitC
DatasetC_sample010	G108	0.664559	DatasetC	KitC
DatasetC_sample010	G109	0.561755	DatasetC	KitC
DatasetC_sample010	G110	0.877203	DatasetC	KitC
DatasetC_sample010	G141	0.235557	DatasetC	KitC
DatasetC_sample010	G142	0.459832	DatasetC	KitC
DatasetC_sample010	G143	0.422235	DatasetC	KitC
DatasetC_sample010	G148	0.260893	DatasetC	KitC
DatasetC_sample010	G149	0.275107	DatasetC	KitC
DatasetC_sample010	G150	0.535323	DatasetC	KitC
DatasetC_sample010	G152	0.2498	DatasetC	KitC
DatasetC_sample010	G153	0.27914	DatasetC	KitC
DatasetC_sample010	G154	0.332505	DatasetC	KitC
DatasetC_sample010	G155	0.577924	DatasetC	KitC
DatasetC_sample010	G156	0.717878	DatasetC	KitC
DatasetC_sample010	G157	0.427422	DatasetC	KitC
DatasetC_sample010	G158	0.198303	DatasetC	KitC
DatasetC_sample010	G159	0.464994	DatasetC	KitC
DatasetC_sample010	G160	0.246624	DatasetC	KitC
DatasetC_sample010	G162	0.798833	DatasetC	KitC
DatasetC_sample010	G165	0.494111	DatasetC	KitC
DatasetC_sample010	G166	0.24138	DatasetC	KitC
DatasetC_sample010	G167	0.40198	DatasetC	KitC
DatasetC_sample010	G168	0.280695	DatasetC	KitC
DatasetC_sample010	G169	0.531786	DatasetC	KitC
DatasetC_sample010	G174	0.257152	DatasetC	KitC
DatasetC_sample010	G175	0.038134	DatasetC	KitC
DatasetC_sample010	G177	0.302201	DatasetC	KitC
DatasetC_sample010	G179	0.197715	DatasetC	KitC
DatasetC_sample010	G180	0.210962	DatasetC	KitC
DatasetC_sample010	G181	0.469375	DatasetC	KitC
DatasetC_sample010	G188	0.022362	DatasetC	KitC
DatasetC_sample010	G189	0.311333	DatasetC	KitC
DatasetC_sample010	G191	0.087657	DatasetC	KitC
DatasetC_sample010	G195	0.21694	DatasetC	KitC
DatasetC_sample010	G200	0.605268	DatasetC	KitC
DatasetC_sample011	G001	0.826489	DatasetC	KitC
DatasetC_sample011	G002	0.463185	DatasetC	KitC
DatasetC_sample011	G003	0.666136	DatasetC	KitC
DatasetC_sample011	G004	0.802234	DatasetC	KitC
DatasetC_sample011	G005	0.818719	DatasetC	KitC
DatasetC_sample011	G006	0.670438	DatasetC	KitC
DatasetC_sample011	G007	0.877195	DatasetC	KitC
DatasetC_sample011	G008	0.781453	DatasetC	KitC
DatasetC_sample011	G009	0.751474	DatasetC	KitC
DatasetC_sample011	G010	0.576368	DatasetC	KitC
DatasetC_sample011	G011	0.718975	DatasetC	KitC
DatasetC_sample011	G012	0.54104	DatasetC	KitC
DatasetC_sample011	G013	0.862341	DatasetC	KitC
DatasetC_sample011	G014	0.648285	DatasetC	KitC
DatasetC_sample011	G015	0.85125	DatasetC	KitC
DatasetC_sample011	G016	0.892825	DatasetC	KitC
DatasetC_sample011	G017	0.75305	DatasetC	KitC
DatasetC_sample011	G018	0.58439	DatasetC	KitC
DatasetC_sample011	G019	0.905249	DatasetC	KitC
DatasetC_sample011	G020	0.633951	DatasetC	KitC
DatasetC_sample011	G021	0.502107	DatasetC	KitC
DatasetC_sample011	G022	0.930569	DatasetC	KitC
DatasetC_sample011	G023	0.409352	DatasetC	KitC
DatasetC_sample011	G024	0.730626	DatasetC	KitC
DatasetC_sample011	G025	0.628485	DatasetC	KitC
DatasetC_sample011	G026	0.651939	DatasetC	KitC
DatasetC_sample011	G027	0.965852	DatasetC	KitC
DatasetC_sample011	G028	0.365827	DatasetC	KitC
DatasetC_sample011	G029	0.894019	DatasetC	KitC
DatasetC_sample011	G030	0.913239	DatasetC	KitC
DatasetC_sample011	G031	0.60163	DatasetC	KitC
DatasetC_sample011	G032	0.664161	DatasetC	KitC
DatasetC_sample011	G033	0.613974	DatasetC	KitC
DatasetC_sample011	G034	0.82017	DatasetC	KitC
DatasetC_sample011	G035	0.947486	DatasetC	KitC
DatasetC_sample011	G036	0.708977	DatasetC	KitC
DatasetC_sample011	G037	0.351646	DatasetC	KitC
DatasetC_sample011	G038	0.621505	DatasetC	KitC
DatasetC_sample011	G039	0.948302	DatasetC	KitC
DatasetC_sample011	G040	0.705905	DatasetC	KitC
DatasetC_sample011	G041	0.988765	DatasetC	KitC
DatasetC_sample011	G042	0.966379	DatasetC	KitC
DatasetC_sample011	G043	0.684689	DatasetC	KitC
DatasetC_sample011	G044	0.757389	DatasetC	KitC
DatasetC_sample011	G045	0.472513	DatasetC	KitC
DatasetC_sample011	G046	0.589373	DatasetC	KitC
DatasetC_sample011	G047	0.677777	DatasetC	KitC
DatasetC_sample011	G048	0.678219	DatasetC	KitC
DatasetC_sample011	G049	0.555141	DatasetC	KitC
DatasetC_sample011	G050	0.843371	DatasetC	KitC
DatasetC_sample011	G051	0.556101	DatasetC	KitC
DatasetC_sample011	G052	0.591936	DatasetC	KitC
DatasetC_sample011	G053	0.709567	DatasetC	KitC
DatasetC_sample011	G054	0.611783	DatasetC	KitC
DatasetC_sample011	G055	0.766041	DatasetC	KitC
DatasetC_sample011	G056	0.451516	DatasetC	KitC
DatasetC_sample011	G057	0.527648	DatasetC	KitC
DatasetC_sample011	G058	0.494887	DatasetC	KitC
DatasetC_sample011	G059	0.90836	DatasetC	KitC
DatasetC_sample011	G060	0.78281	DatasetC	KitC
DatasetC_sample011	G061	0.639838	DatasetC	KitC
DatasetC_sample011	G062	0.712335	DatasetC	KitC
DatasetC_sample011	G063	0.434072	DatasetC	KitC
DatasetC_sample011	G064	0.422989	DatasetC	KitC
DatasetC_sample011	G065	0.615954	DatasetC	KitC
DatasetC_sample011	G066	0.531065	DatasetC	KitC
DatasetC_sample011	G067	0.669029	DatasetC	KitC
DatasetC_sample011	G068	0.722955	DatasetC	KitC
DatasetC_sample011	G069	0.719174	DatasetC	KitC
DatasetC_sample011	G070	0.255969	DatasetC	KitC
DatasetC_sample011	G071	0.462918	DatasetC	KitC
DatasetC_sample011	G072	0.795793	DatasetC	KitC
DatasetC_sample011	G073	0.641241	DatasetC	KitC
DatasetC_sample011	G074	0.554364	DatasetC	KitC
DatasetC_sample011	G075	0.505092	DatasetC	KitC
DatasetC_sample011	G076	0.273561	DatasetC	KitC
DatasetC_sample011	G077	0.584766	DatasetC	KitC
DatasetC_sample011	G078	0.413373	DatasetC	KitC
DatasetC_sample011	G079	0.514401	DatasetC	KitC
DatasetC_sample011	G080	0.834759	DatasetC	KitC
DatasetC_sample011	G081	0.682775	DatasetC	KitC
DatasetC_sample011	G082	0.329392	DatasetC	KitC
DatasetC_sample011	G083	0.585448	DatasetC	KitC
DatasetC_sample011	G084	0.731074	DatasetC	KitC
DatasetC_sample011	G085	0.461009	DatasetC	KitC
DatasetC_sample011	G086	0.51885	DatasetC	KitC
DatasetC_sample011	G087	0.365458	DatasetC	KitC
DatasetC_sample011	G088	0.381132	DatasetC	KitC
DatasetC_sample011	G089	0.12482	DatasetC	KitC
DatasetC_sample011	G090	0.574747	DatasetC	KitC
DatasetC_sample011	G091	0.742328	DatasetC	KitC
DatasetC_sample011	G092	0.572592	DatasetC	KitC
DatasetC_sample011	G093	0.667896	DatasetC	KitC
DatasetC_sample011	G094	0.562951	DatasetC	KitC
DatasetC_sample011	G095	0.870599	DatasetC	KitC
DatasetC_sample011	G096	0.738621	DatasetC	KitC
DatasetC_sample011	G097	0.695945	DatasetC	KitC
DatasetC_sample011	G098	0.983035	DatasetC	KitC
DatasetC_sample011	G099	0.803632	DatasetC	KitC
DatasetC_sample011	G101	0.319648	DatasetC	KitC
DatasetC_sample011	G102	0.617817	DatasetC	KitC
DatasetC_sample011	G103	0.596247	DatasetC	KitC
DatasetC_sample011	G104	0.407049	DatasetC	KitC
DatasetC_sample011	G105	0.619847	DatasetC	KitC
DatasetC_sample011	G106	0.976749	DatasetC	KitC
DatasetC_sample011	G107	0.388616	DatasetC	KitC
DatasetC_sample011	G108	0.786972	DatasetC	KitC
DatasetC_sample011	G109	0.464702	DatasetC	KitC
DatasetC_sample011	G110	0.404532	DatasetC	KitC
DatasetC_sample011	G141	0.568611	DatasetC	KitC
DatasetC_sample011	G142	0.237033	DatasetC	KitC
DatasetC_sample011	G145	0.291263	DatasetC	KitC
DatasetC_sample011	G146	0.305574	DatasetC	KitC
DatasetC_sample011	G149	0.182089	DatasetC	KitC
DatasetC_sample011	G150	0.370108	DatasetC	KitC
DatasetC_sample011	G153	0.677837	DatasetC	KitC
DatasetC_sample011	G154	0.621898	DatasetC	KitC
DatasetC_sample011	G155	0.439976	DatasetC	KitC
DatasetC_sample011	G156	0.625431	DatasetC	KitC
DatasetC_sample011	G157	0.363829	DatasetC	KitC
DatasetC_sample011	G158	0.087784	DatasetC	KitC
DatasetC_sample011	G159	0.260609	DatasetC	KitC
DatasetC_sample011	G160	0.297987	DatasetC	KitC
DatasetC_sample011	G161	0.384822	DatasetC	KitC
DatasetC_sample011	G162	0.587137	DatasetC	KitC
DatasetC_sample011	G163	0.471783	DatasetC	KitC
DatasetC_sample011	G164	0.388408	DatasetC	KitC
DatasetC_sample011	G165	0.559278	DatasetC	KitC
DatasetC_sample011	G167	0.142276	DatasetC	KitC
DatasetC_sample011	G168	0.504514	DatasetC	KitC
DatasetC_sample011	G169	0.33437	DatasetC	KitC
DatasetC_sample011	G170	0.327121	DatasetC	KitC
DatasetC_sample011	G175	0.170049	DatasetC	KitC
DatasetC_sample011	G176	0.388217	DatasetC	KitC
DatasetC_sample011	G178	0.438291	DatasetC	KitC
DatasetC_sample011	G181	0.09585	DatasetC	KitC
DatasetC_sample011	G184	0.187311	DatasetC	KitC
DatasetC_sample011	G188	0.219252	DatasetC	KitC
DatasetC_sample011	G195	0.311617	DatasetC	KitC
DatasetC_sample011	G196	0.361559	DatasetC	KitC
DatasetC_sample012	G001	0.696704	DatasetC	KitC
DatasetC_sample012	G002	0.780171	DatasetC	KitC
DatasetC_sample012	G003	0.546796	DatasetC	KitC
DatasetC_sample012	G004	0.761438	DatasetC	KitC
DatasetC_sample012	G005	0.574751	DatasetC	KitC
DatasetC_sample012	G006	0.431659	DatasetC	KitC
DatasetC_sample012	G007	0.749004	DatasetC	KitC
DatasetC_sample012	G008	0.702467	DatasetC	KitC
DatasetC_sample012	G009	0.860166	DatasetC	KitC
DatasetC_sample012	G010	0.69322	DatasetC	KitC
DatasetC_sample012	G011	0.690264	DatasetC	KitC
DatasetC_sample012	G012	0.419652	DatasetC	KitC
DatasetC_sample012	G013	0.898568	DatasetC	KitC
DatasetC_sample012	G014	0.442318	DatasetC	KitC
DatasetC_sample012	G015	0.47796	DatasetC	KitC
DatasetC_sample012	G016	0.547289	DatasetC	KitC
DatasetC_sample012	G017	0.725711	DatasetC	KitC
DatasetC_sample012	G018	0.87909	DatasetC	KitC
DatasetC_sample012	G019	0.687934	DatasetC	KitC
DatasetC_sample012	G020	0.726989	DatasetC	KitC
DatasetC_sample012	G021	0.828092	DatasetC	KitC
DatasetC_sample012	G022	0.829548	DatasetC	KitC
DatasetC_sample012	G023	0.784564	DatasetC	KitC
DatasetC_sample012	G024	0.866465	DatasetC	KitC
DatasetC_sample012	G025	0.634958	DatasetC	KitC
DatasetC_sample012	G026	0.926585	DatasetC	KitC
DatasetC_sample012	G027	0.852238	DatasetC	KitC
DatasetC_sample012	G028	0.800492	DatasetC	KitC
DatasetC_sample012	G029	0.851926	DatasetC	KitC
DatasetC_sample012	G030	0.458579	DatasetC	KitC
DatasetC_sample012	G031	0.498546	DatasetC	KitC
DatasetC_sample012	G032	0.700198	DatasetC	KitC
DatasetC_sample012	G033	0.536928	DatasetC	KitC
DatasetC_sample012	G034	0.483817	DatasetC	KitC
DatasetC_sample012	G035	0.71942	DatasetC	KitC
DatasetC_sample012	G036	0.938949	DatasetC	KitC
DatasetC_sample012	G037	0.74101	DatasetC	KitC
DatasetC_sample012	G038	0.798654	DatasetC	KitC
DatasetC_sample012	G039	0.701051	DatasetC	KitC
DatasetC_sample012	G040	0.606677	DatasetC	KitC
DatasetC_sample012	G041	0.838182	DatasetC	KitC
DatasetC_sample012	G042	0.45176	DatasetC	KitC
DatasetC_sample012	G043	0.612612	DatasetC	KitC
DatasetC_sample012	G044	0.479236	DatasetC	KitC
DatasetC_sample012	G045	0.752233	DatasetC	KitC
DatasetC_sample012	G046	0.831802	DatasetC	KitC
DatasetC_sample012	G047	0.902143	DatasetC	KitC
DatasetC_sample012	G048	0.764657	DatasetC	KitC
DatasetC_sample012	G049	0.875509	DatasetC	KitC
DatasetC_sample012	G050	0.857734	DatasetC	KitC
DatasetC_sample012	G051	0.472543	DatasetC	KitC
DatasetC_sample012	G052	0.599314	DatasetC	KitC
DatasetC_sample012	G053	0.269409	DatasetC	KitC
DatasetC_sample012	G055	0.388307	DatasetC	KitC
DatasetC_sample012	G056	0.759508	DatasetC	KitC
DatasetC_sample012	G057	0.530696	DatasetC	KitC
DatasetC_sample012	G058	0.382433	DatasetC	KitC
DatasetC_sample012	G059	0.520103	DatasetC	KitC
DatasetC_sample012	G060	0.812777	DatasetC	KitC
DatasetC_sample012	G061	0.533261	DatasetC	KitC
DatasetC_sample012	G062	0.865731	DatasetC	KitC
DatasetC_sample012	G063	0.76351	DatasetC	KitC
DatasetC_sample012	G064	0.481304	DatasetC	KitC
DatasetC_sample012	G065	0.349492	DatasetC	KitC
DatasetC_sample012	G066	0.698806	DatasetC	KitC
DatasetC_sample012	G067	0.451239	DatasetC	KitC
DatasetC_sample012	G068	0.844378	DatasetC	KitC
DatasetC_sample012	G069	0.169443	DatasetC	KitC
DatasetC_sample012	G070	0.79156	DatasetC	KitC
DatasetC_sample012	G071	0.37525	DatasetC	KitC
DatasetC_sample012	G072	0.409312	DatasetC	KitC
DatasetC_sample012	G073	0.678394	DatasetC	KitC
DatasetC_sample012	G074	0.524916	DatasetC	KitC
DatasetC_sample012	G075	0.428398	DatasetC	KitC
DatasetC_sample012	G076	0.582393	DatasetC	KitC
DatasetC_sample012	G077	0.747905	DatasetC	KitC
DatasetC_sample012	G078	0.786771	DatasetC	KitC
DatasetC_sample012	G079	0.76213	DatasetC	KitC
DatasetC_sample012	G080	0.436712	DatasetC	KitC
DatasetC_sample012	G081	0.325586	DatasetC	KitC
DatasetC_sample012	G082	0.605034	DatasetC	KitC
DatasetC_sample012	G083	0.490597	DatasetC	KitC
DatasetC_sample012	G084	0.63169	DatasetC	KitC
DatasetC_sample012	G086	0.637102	DatasetC	KitC
DatasetC_sample012	G087	0.787567	DatasetC	KitC
DatasetC_sample012	G088	0.65332	DatasetC	KitC
DatasetC_sample012	G090	0.508079	DatasetC	KitC
DatasetC_sample012	G091	0.195233	DatasetC	KitC
DatasetC_sample012	G092	0.225946	DatasetC	KitC
DatasetC_sample012	G093	0.522479	DatasetC	KitC
DatasetC_sample012	G094	0.518478	DatasetC	KitC
DatasetC_sample012	G095	0.604546	DatasetC	KitC
DatasetC_sample012	G096	0.665199	DatasetC	KitC
DatasetC_sample012	G097	0.552453	DatasetC	KitC
DatasetC_sample012	G098	0.826842	DatasetC	KitC
DatasetC_sample012	G099	0.60498	DatasetC	KitC
DatasetC_sample012	G100	0.625439	DatasetC	KitC
DatasetC_sample012	G101	0.544721	DatasetC	KitC
DatasetC_sample012	G102	0.67295	DatasetC	KitC
DatasetC_sample012	G103	0.556764	DatasetC	KitC
DatasetC_sample012	G104	0.833075	DatasetC	KitC
DatasetC_sample012	G105	0.909	DatasetC	KitC
DatasetC_sample012	G106	0.81252	DatasetC	KitC
DatasetC_sample012	G107	0.899769	DatasetC	KitC
DatasetC_sample012	G108	0.618579	DatasetC	KitC
DatasetC_sample012	G109	0.413227	DatasetC	KitC
DatasetC_sample012	G110	0.642258	DatasetC	KitC
DatasetC_sample012	G141	0.602615	DatasetC	KitC
DatasetC_sample012	G143	0.280376	DatasetC	KitC
DatasetC_sample012	G144	0.425208	DatasetC	KitC
DatasetC_sample012	G145	0.791489	DatasetC	KitC
DatasetC_sample012	G146	0.306195	DatasetC	KitC
DatasetC_sample012	G147	0.291903	DatasetC	KitC
DatasetC_sample012	G148	0.164117	DatasetC	KitC
DatasetC_sample012	G150	0.487041	DatasetC	KitC
DatasetC_sample012	G151	0.029138	DatasetC	KitC
DatasetC_sample012	G153	0.147029	DatasetC	KitC
DatasetC_sample012	G155	0.764419	DatasetC	KitC
DatasetC_sample012	G157	0.590188	DatasetC	KitC
DatasetC_sample012	G159	0.542937	DatasetC	KitC
DatasetC_sample012	G160	0.307957	DatasetC	KitC
DatasetC_sample012	G162	0.353248	DatasetC	KitC
DatasetC_sample012	G163	0.503743	DatasetC	KitC
DatasetC_sample012	G164	0.529654	DatasetC	KitC
DatasetC_sample012	G165	0.682232	DatasetC	KitC
DatasetC_sample012	G167	0.450526	DatasetC	KitC
DatasetC_sample012	G169	0.215422	DatasetC	KitC
DatasetC_sample012	G170	0.417912	DatasetC	KitC
DatasetC_sample012	G173	0.289601	DatasetC	KitC
DatasetC_sample012	G178	0.3726	DatasetC	KitC
DatasetC_sample012	G183	0.163071	DatasetC	KitC
DatasetC_sample012	G186	0.215507	DatasetC	KitC
DatasetC_sample012	G190	0.411376	DatasetC	KitC
DatasetC_sample012	G192	0.293686	DatasetC	KitC
DatasetC_sample012	G198	0.108683	DatasetC	KitC
DatasetC_sample013	G001	0.451074	DatasetC	KitC
DatasetC_sample013	G002	0.679397	DatasetC	KitC
DatasetC_sample013	G003	0.619992	DatasetC	KitC
DatasetC_sample013	G004	0.680813	DatasetC	KitC
DatasetC_sample013	G005	0.632403	DatasetC	KitC
DatasetC_sample013	G006	0.843106	DatasetC	KitC
DatasetC_sample013	G007	0.8198	DatasetC	KitC
DatasetC_sample013	G008	0.911245	DatasetC	KitC
DatasetC_sample013	G009	0.288977	DatasetC	KitC
DatasetC_sample013	G010	0.963795	DatasetC	KitC
DatasetC_sample013	G011	0.437539	DatasetC	KitC
DatasetC_sample013	G012	0.92418	DatasetC	KitC
DatasetC_sample013	G013	0.864481	DatasetC	KitC
DatasetC_sample013	G014	0.598491	DatasetC	KitC
DatasetC_sample013	G015	0.693786	DatasetC	KitC
DatasetC_sample013	G016	0.883129	DatasetC	KitC
DatasetC_sample013	G017	0.913038	DatasetC	KitC
DatasetC_sample013	G018	0.529216	DatasetC	KitC
DatasetC_sample013	G019	0.575682	DatasetC	KitC
DatasetC_sample013	G020	0.832503	DatasetC	KitC
DatasetC_sample013	G021	0.707932	DatasetC	KitC
DatasetC_sample013	G022	0.479865	DatasetC	KitC
DatasetC_sample013	G023	0.62457	DatasetC	KitC
DatasetC_sample013	G024	0.311213	DatasetC	KitC
DatasetC_sample013	G025	0.545519	DatasetC	KitC
DatasetC_sample013	G026	0.697238	DatasetC	KitC
DatasetC_sample013	G027	0.707245	DatasetC	KitC
DatasetC_sample013	G028	0.805233	DatasetC	KitC
DatasetC_sample013	G029	0.505571	DatasetC	KitC
DatasetC_sample013	G030	0.572893	DatasetC	KitC
DatasetC_sample013	G031	0.928383	DatasetC	KitC
DatasetC_sample013	G032	0.62594	DatasetC	KitC
DatasetC_sample013	G033	0.708097	DatasetC	KitC
DatasetC_sample013	G034	0.803993	DatasetC	KitC
DatasetC_sample013	G035	0.852432	DatasetC	KitC
DatasetC_sample013	G036	0.921902	DatasetC	KitC
DatasetC_sample013	G037	0.379676	DatasetC	KitC
DatasetC_sample013	G038	0.849438	DatasetC	KitC
DatasetC_sample013	G039	0.692163	DatasetC	KitC
DatasetC_sample013	G040	0.672942	DatasetC	KitC
DatasetC_sample013	G041	0.66913	DatasetC	KitC
DatasetC_sample013	G042	0.609813	DatasetC	KitC
DatasetC_sample013	G043	0.938954	DatasetC	KitC
DatasetC_sample013	G044	0.954515	DatasetC	KitC
DatasetC_sample013	G045	0.70258	DatasetC	KitC
DatasetC_sample013	G046	0.683058	DatasetC	KitC
DatasetC_sample013	G047	0.64816	DatasetC	KitC
DatasetC_sample013	G048	0.602802	DatasetC	KitC
DatasetC_sample013	G049	0.579072	DatasetC	KitC
DatasetC_sample013	G050	0.496242	DatasetC	KitC
DatasetC_sample013	G051	0.542266	DatasetC	KitC
DatasetC_sample013	G052	0.369367	DatasetC	KitC
DatasetC_sample013	G053	0.313308	DatasetC	KitC
DatasetC_sample013	G054	0.782759	DatasetC	KitC
DatasetC_sample013	G055	0.496313	DatasetC	KitC
DatasetC_sample013	G056	0.394278	DatasetC	KitC
DatasetC_sample013	G057	0.367868	DatasetC	KitC
DatasetC_sample013	G058	0.83555	DatasetC	KitC
DatasetC_sample013	G059	0.827386	DatasetC	KitC
DatasetC_sample013	G060	0.620377	DatasetC	KitC
DatasetC_sample013	G062	0.335447	DatasetC	KitC
DatasetC_sample013	G063	0.622787	DatasetC	KitC
DatasetC_sample013	G064	0.770434	DatasetC	KitC
DatasetC_sample013	G065	0.55344	DatasetC	KitC
DatasetC_sample013	G066	0.585663	DatasetC	KitC
DatasetC_sample013	G067	0.696574	DatasetC	KitC
DatasetC_sample013	G068	0.597268	DatasetC	KitC
DatasetC_sample013	G069	0.82568	DatasetC	KitC
DatasetC_sample013	G070	0.723466	DatasetC	KitC
DatasetC_sample013	G071	0.429249	DatasetC	KitC
DatasetC_sample013	G072	0.483919	DatasetC	KitC
DatasetC_sample013	G073	0.632641	DatasetC	KitC
DatasetC_sample013	G074	0.707989	DatasetC	KitC
DatasetC_sample013	G075	0.939118	DatasetC	KitC
DatasetC_sample013	G076	0.701709	DatasetC	KitC
DatasetC_sample013	G077	0.568365	DatasetC	KitC
DatasetC_sample013	G078	0.678571	DatasetC	KitC
DatasetC_sample013	G079	0.319902	DatasetC	KitC
DatasetC_sample013	G080	0.636434	DatasetC	KitC
DatasetC_sample013	G081	0.43777	DatasetC	KitC
DatasetC_sample013	G082	0.678936	DatasetC	KitC
DatasetC_sample013	G083	0.654364	DatasetC	KitC
DatasetC_sample013	G084	0.314561	DatasetC	KitC
DatasetC_sample013	G085	0.35841	DatasetC	KitC
DatasetC_sample013	G086	0.576735	DatasetC	KitC
DatasetC_sample013	G087	0.702799	DatasetC	KitC
DatasetC_sample013	G088	0.537757	DatasetC	KitC
DatasetC_sample013	G089	0.695757	DatasetC	KitC
DatasetC_sample013	G090	0.318699	DatasetC	KitC
DatasetC_sample013	G091	0.899882	DatasetC	KitC
DatasetC_sample013	G092	0.617019	DatasetC	KitC
DatasetC_sample013	G093	0.770934	DatasetC	KitC
DatasetC_sample013	G094	0.452313	DatasetC	KitC
DatasetC_sample013	G095	0.59117	DatasetC	KitC
DatasetC_sample013	G097	0.482078	DatasetC	KitC
DatasetC_sample013	G099	0.854534	DatasetC	KitC
DatasetC_sample013	G100	0.783695	DatasetC	KitC
DatasetC_sample013	G101	0.72695	DatasetC	KitC
DatasetC_sample013	G102	0.251521	DatasetC	KitC
DatasetC_sample013	G103	0.452229	DatasetC	KitC
DatasetC_sample013	G104	0.387998	DatasetC	KitC
DatasetC_sample013	G105	0.758441	DatasetC	KitC
DatasetC_sample013	G106	0.580273	DatasetC	KitC
DatasetC_sample013	G107	0.722296	DatasetC	KitC
DatasetC_sample013	G108	0.6837	DatasetC	KitC
DatasetC_sample013	G109	0.407469	DatasetC	KitC
DatasetC_sample013	G142	0.706837	DatasetC	KitC
DatasetC_sample013	G143	0.206119	DatasetC	KitC
DatasetC_sample013	G144	0.327726	DatasetC	KitC
DatasetC_sample013	G145	0.531297	DatasetC	KitC
DatasetC_sample013	G147	0.214839	DatasetC	KitC
DatasetC_sample013	G148	0.206909	DatasetC	KitC
DatasetC_sample013	G149	0.182556	DatasetC	KitC
DatasetC_sample013	G150	0.467825	DatasetC	KitC
DatasetC_sample013	G152	0.328501	DatasetC	KitC
DatasetC_sample013	G153	0.753272	DatasetC	KitC
DatasetC_sample013	G155	0.211661	DatasetC	KitC
DatasetC_sample013	G156	0.6714	DatasetC	KitC
DatasetC_sample013	G157	0.487168	DatasetC	KitC
DatasetC_sample013	G158	0.23702	DatasetC	KitC
DatasetC_sample013	G159	0.363748	DatasetC	KitC
DatasetC_sample013	G160	0.333341	DatasetC	KitC
DatasetC_sample013	G161	0.730065	DatasetC	KitC
DatasetC_sample013	G162	0.111719	DatasetC	KitC
DatasetC_sample013	G163	0.56546	DatasetC	KitC
DatasetC_sample013	G164	0.600163	DatasetC	KitC
DatasetC_sample013	G168	0.584085	DatasetC	KitC
DatasetC_sample013	G169	0.114188	DatasetC	KitC
DatasetC_sample013	G170	0.482159	DatasetC	KitC
DatasetC_sample013	G173	0.119596	DatasetC	KitC
DatasetC_sample013	G175	0.399141	DatasetC	KitC
DatasetC_sample013	G176	0.191106	DatasetC	KitC
DatasetC_sample013	G177	0.574918	DatasetC	KitC
DatasetC_sample013	G179	0.329116	DatasetC	KitC
DatasetC_sample013	G180	0.397457	DatasetC	KitC
DatasetC_sample013	G193	0.408364	DatasetC	KitC
DatasetC_sample013	G194	0.687251	DatasetC	KitC
DatasetC_sample014	G001	0.680494	DatasetC	KitC
DatasetC_sample014	G002	0.889913	DatasetC	KitC
DatasetC_sample014	G003	0.758487	DatasetC	KitC
DatasetC_sample014	G004	0.57801	DatasetC	KitC
DatasetC_sample014	G005	0.584933	DatasetC	KitC
DatasetC_sample014	G006	0.822762	DatasetC	KitC
DatasetC_sample014	G007	0.714398	DatasetC	KitC
DatasetC_sample014	G008	0.700171	DatasetC	KitC
DatasetC_sample014	G009	0.692651	DatasetC	KitC
DatasetC_sample014	G010	0.778873	DatasetC	KitC
DatasetC_sample014	G011	0.412886	DatasetC	KitC
DatasetC_sample014	G012	0.638748	DatasetC	KitC
DatasetC_sample014	G013	0.322532	DatasetC	KitC
DatasetC_sample014	G014	0.774268	DatasetC	KitC
DatasetC_sample014	G015	0.876321	DatasetC	KitC
DatasetC_sample014	G016	0.946923	DatasetC	KitC
DatasetC_sample014	G017	0.862945	DatasetC	KitC
DatasetC_sample014	G018	0.718375	DatasetC	KitC
DatasetC_sample014	G019	0.685065	DatasetC	KitC
DatasetC_sample014	G020	0.743981	DatasetC	KitC
DatasetC_sample014	G021	0.495275	DatasetC	KitC
DatasetC_sample014	G022	0.86837	DatasetC	KitC
DatasetC_sample014	G023	0.617256	DatasetC	KitC
DatasetC_sample014	G024	0.672057	DatasetC	KitC
DatasetC_sample014	G025	0.862473	DatasetC	KitC
DatasetC_sample014	G026	0.788408	DatasetC	KitC
DatasetC_sample014	G027	0.782912	DatasetC	KitC
DatasetC_sample014	G028	0.986178	DatasetC	KitC
DatasetC_sample014	G029	0.839076	DatasetC	KitC
DatasetC_sample014	G030	0.686756	DatasetC	KitC
DatasetC_sample014	G031	0.792281	DatasetC	KitC
DatasetC_sample014	G032	0.650984	DatasetC	KitC
DatasetC_sample014	G033	0.846336	DatasetC	KitC
DatasetC_sample014	G034	0.651864	DatasetC	KitC
DatasetC_sample014	G035	0.52422	DatasetC	KitC
DatasetC_sample014	G036	0.794499	DatasetC	KitC
DatasetC_sample014	G037	0.856345	DatasetC	KitC
DatasetC_sample014	G038	0.716432	DatasetC	KitC
DatasetC_sample014	G039	0.669049	DatasetC	KitC
DatasetC_sample014	G040	0.582963	DatasetC	KitC
DatasetC_sample014	G041	0.925108	DatasetC	KitC
DatasetC_sample014	G042	0.882253	DatasetC	KitC
DatasetC_sample014	G043	0.478931	DatasetC	KitC
DatasetC_sample014	G044	0.798248	DatasetC	KitC
DatasetC_sample014	G045	0.868351	DatasetC	KitC
DatasetC_sample014	G046	0.854239	DatasetC	KitC
DatasetC_sample014	G047	0.560684	DatasetC	KitC
DatasetC_sample014	G048	0.82296	DatasetC	KitC
DatasetC_sample014	G049	0.674294	DatasetC	KitC
DatasetC_sample014	G050	0.428656	DatasetC	KitC
DatasetC_sample014	G051	0.674067	DatasetC	KitC
DatasetC_sample014	G052	0.382322	DatasetC	KitC
DatasetC_sample014	G053	0.660272	DatasetC	KitC
DatasetC_sample014	G054	0.830359	DatasetC	KitC
DatasetC_sample014	G055	0.430142	DatasetC	KitC
DatasetC_sample014	G056	0.500939	DatasetC	KitC
DatasetC_sample014	G057	0.419785	DatasetC	KitC
DatasetC_sample014	G058	0.843834	DatasetC	KitC
DatasetC_sample014	G059	0.8379	DatasetC	KitC
DatasetC_sample014	G060	0.603272	DatasetC	KitC
DatasetC_sample014	G061	0.406033	DatasetC	KitC
DatasetC_sample014	G062	0.483451	DatasetC	KitC
DatasetC_sample014	G063	0.59473	DatasetC	KitC
DatasetC_sample014	G064	0.609741	DatasetC	KitC
DatasetC_sample014	G065	0.666249	DatasetC	KitC
DatasetC_sample014	G066	0.838702	DatasetC	KitC
DatasetC_sample014	G067	0.812491	DatasetC	KitC
DatasetC_sample014	G069	0.794945	DatasetC	KitC
DatasetC_sample014	G070	0.441183	DatasetC	KitC
DatasetC_sample014	G071	0.493518	DatasetC	KitC
DatasetC_sample014	G072	0.661877	DatasetC	KitC
DatasetC_sample014	G074	0.452019	DatasetC	KitC
DatasetC_sample014	G075	0.35888	DatasetC	KitC
DatasetC_sample014	G076	0.835037	DatasetC	KitC
DatasetC_sample014	G077	0.796836	DatasetC	KitC
DatasetC_sample014	G078	0.518067	DatasetC	KitC
DatasetC_sample014	G079	0.711348	DatasetC	KitC
DatasetC_sample014	G080	0.413285	DatasetC	KitC
DatasetC_sample014	G081	0.640817	DatasetC	KitC
DatasetC_sample014	G082	0.707896	DatasetC	KitC
DatasetC_sample014	G083	0.521892	DatasetC	KitC
DatasetC_sample014	G084	0.501847	DatasetC	KitC
DatasetC_sample014	G085	0.721876	DatasetC	KitC
DatasetC_sample014	G086	0.219341	DatasetC	KitC
DatasetC_sample014	G087	0.373673	DatasetC	KitC
DatasetC_sample014	G088	0.504528	DatasetC	KitC
DatasetC_sample014	G089	0.668135	DatasetC	KitC
DatasetC_sample014	G090	0.702028	DatasetC	KitC
DatasetC_sample014	G091	0.699548	DatasetC	KitC
DatasetC_sample014	G092	0.859961	DatasetC	KitC
DatasetC_sample014	G093	0.20551	DatasetC	KitC
DatasetC_sample014	G094	0.668136	DatasetC	KitC
DatasetC_sample014	G095	0.483223	DatasetC	KitC
DatasetC_sample014	G096	0.713487	DatasetC	KitC
DatasetC_sample014	G097	0.553855	DatasetC	KitC
DatasetC_sample014	G098	0.525315	DatasetC	KitC
DatasetC_sample014	G099	0.846021	DatasetC	KitC
DatasetC_sample014	G100	0.496633	DatasetC	KitC
DatasetC_sample014	G101	0.734422	DatasetC	KitC
DatasetC_sample014	G102	0.885769	DatasetC	KitC
DatasetC_sample014	G103	0.567519	DatasetC	KitC
DatasetC_sample014	G104	0.514264	DatasetC	KitC
DatasetC_sample014	G105	0.263031	DatasetC	KitC
DatasetC_sample014	G106	0.829313	DatasetC	KitC
DatasetC_sample014	G107	0.865342	DatasetC	KitC
DatasetC_sample014	G108	0.946635	DatasetC	KitC
DatasetC_sample014	G109	0.442013	DatasetC	KitC
DatasetC_sample014	G110	0.81343	DatasetC	KitC
DatasetC_sample014	G141	0.347956	DatasetC	KitC
DatasetC_sample014	G142	0.68017	DatasetC	KitC
DatasetC_sample014	G143	0.462593	DatasetC	KitC
DatasetC_sample014	G144	0.271031	DatasetC	KitC
DatasetC_sample014	G145	0.380629	DatasetC	KitC
DatasetC_sample014	G146	0.701167	DatasetC	KitC
DatasetC_sample014	G147	0.679411	DatasetC	KitC
DatasetC_sample014	G148	0.788524	DatasetC	KitC
DatasetC_sample014	G149	0.400247	DatasetC	KitC
DatasetC_sample014	G150	0.66366	DatasetC	KitC
DatasetC_sample014	G154	0.550294	DatasetC	KitC
DatasetC_sample014	G155	0.129681	DatasetC	KitC
DatasetC_sample014	G157	0.537393	DatasetC	KitC
DatasetC_sample014	G158	0.271922	DatasetC	KitC
DatasetC_sample014	G161	0.143121	DatasetC	KitC
DatasetC_sample014	G163	0.359218	DatasetC	KitC
DatasetC_sample014	G164	0.348389	DatasetC	KitC
DatasetC_sample014	G165	0.406989	DatasetC	KitC
DatasetC_sample014	G166	0.512691	DatasetC	KitC
DatasetC_sample014	G167	0.56679	DatasetC	KitC
DatasetC_sample014	G168	0.430339	DatasetC	KitC
DatasetC_sample014	G169	0.17599	DatasetC	KitC
DatasetC_sample014	G170	0.298356	DatasetC	KitC
DatasetC_sample014	G173	0.321202	DatasetC	KitC
DatasetC_sample014	G179	0.105337	DatasetC	KitC
DatasetC_sample014	G183	0.173297	DatasetC	KitC
DatasetC_sample014	G190	0.287269	DatasetC	KitC
DatasetC_sample014	G193	0.626538	DatasetC	KitC
DatasetC_sample014	G195	0.22011	DatasetC	KitC
DatasetC_sample014	G199	0.458545	DatasetC	KitC
DatasetC_sample014	G200	0.467638	DatasetC	KitC
DatasetC_sample015	G001	0.725541	DatasetC	KitC
DatasetC_sample015	G002	0.48555	DatasetC	KitC
DatasetC_sample015	G003	0.401329	DatasetC	KitC
DatasetC_sample015	G004	0.905175	DatasetC	KitC
DatasetC_sample015	G005	0.711713	DatasetC	KitC
DatasetC_sample015	G006	0.727974	DatasetC	KitC
DatasetC_sample015	G007	0.3552	DatasetC	KitC
DatasetC_sample015	G008	0.797198	DatasetC	KitC
DatasetC_sample015	G009	0.456253	DatasetC	KitC
DatasetC_sample015	G010	0.577885	DatasetC	KitC
DatasetC_sample015	G011	0.406109	DatasetC	KitC
DatasetC_sample015	G012	0.741189	DatasetC	KitC
DatasetC_sample015	G013	0.947476	DatasetC	KitC
DatasetC_sample015	G014	0.814816	DatasetC	KitC
DatasetC_sample015	G015	0.570755	DatasetC	KitC
DatasetC_sample015	G016	0.773032	DatasetC	KitC
DatasetC_sample015	G017	0.694208	DatasetC	KitC
DatasetC_sample015	G018	0.761791	DatasetC	KitC
DatasetC_sample015	G019	0.787146	DatasetC	KitC
DatasetC_sample015	G020	0.797992	DatasetC	KitC
DatasetC_sample015	G021	0.668666	DatasetC	KitC
DatasetC_sample015	G022	0.48038	DatasetC	KitC
DatasetC_sample015	G023	0.650601	DatasetC	KitC
DatasetC_sample015	G024	0.854046	DatasetC	KitC
DatasetC_sample015	G025	0.400086	DatasetC	KitC
DatasetC_sample015	G026	0.968905	DatasetC	KitC
DatasetC_sample015	G027	0.683692	DatasetC	KitC
DatasetC_sample015	G028	0.794929	DatasetC	KitC
DatasetC_sample015	G029	0.269494	DatasetC	KitC
DatasetC_sample015	G030	0.741271	DatasetC	KitC
DatasetC_sample015	G031	0.68878	DatasetC	KitC
DatasetC_sample015	G032	0.5552	DatasetC	KitC
DatasetC_sample015	G033	0.881545	DatasetC	KitC
DatasetC_sample015	G034	0.879961	DatasetC	KitC
DatasetC_sample015	G035	0.901604	DatasetC	KitC
DatasetC_sample015	G036	0.832507	DatasetC	KitC
DatasetC_sample015	G037	0.92795	DatasetC	KitC
DatasetC_sample015	G038	0.874874	DatasetC	KitC
DatasetC_sample015	G039	0.750439	DatasetC	KitC
DatasetC_sample015	G040	0.556948	DatasetC	KitC
DatasetC_sample015	G041	0.684889	DatasetC	KitC
DatasetC_sample015	G042	0.75679	DatasetC	KitC
DatasetC_sample015	G043	0.926899	DatasetC	KitC
DatasetC_sample015	G044	0.437904	DatasetC	KitC
DatasetC_sample015	G045	0.414874	DatasetC	KitC
DatasetC_sample015	G046	0.781225	DatasetC	KitC
DatasetC_sample015	G047	0.906268	DatasetC	KitC
DatasetC_sample015	G048	0.77069	DatasetC	KitC
DatasetC_sample015	G049	0.827632	DatasetC	KitC
DatasetC_sample015	G050	0.856932	DatasetC	KitC
DatasetC_sample015	G051	0.561104	DatasetC	KitC
DatasetC_sample015	G052	0.714401	DatasetC	KitC
DatasetC_sample015	G053	0.492259	DatasetC	KitC
DatasetC_sample015	G054	0.643875	DatasetC	KitC
DatasetC_sample015	G055	0.329149	DatasetC	KitC
DatasetC_sample015	G056	0.355254	DatasetC	KitC
DatasetC_sample015	G057	0.585945	DatasetC	KitC
DatasetC_sample015	G058	0.596021	DatasetC	KitC
DatasetC_sample015	G059	0.415266	DatasetC	KitC
DatasetC_sample015	G060	0.487423	DatasetC	KitC
DatasetC_sample015	G061	0.432729	DatasetC	KitC
DatasetC_sample015	G062	0.624648	DatasetC	KitC
DatasetC_sample015	G063	0.584864	DatasetC	KitC
DatasetC_sample015	G064	0.268381	DatasetC	KitC
DatasetC_sample015	G065	0.358996	DatasetC	KitC
DatasetC_sample015	G066	0.609298	DatasetC	KitC
DatasetC_sample015	G067	0.751449	DatasetC	KitC
DatasetC_sample015	G068	0.461221	DatasetC	KitC
DatasetC_sample015	G069	0.628082	DatasetC	KitC
DatasetC_sample015	G070	0.24538	DatasetC	KitC
DatasetC_sample015	G071	0.898068	DatasetC	KitC
DatasetC_sample015	G072	0.628116	DatasetC	KitC
DatasetC_sample015	G073	0.546994	DatasetC	KitC
DatasetC_sample015	G074	0.801227	DatasetC	KitC
DatasetC_sample015	G075	0.681016	DatasetC	KitC
DatasetC_sample015	G076	0.289249	DatasetC	KitC
DatasetC_sample015	G077	0.62428	DatasetC	KitC
DatasetC_sample015	G078	0.456761	DatasetC	KitC
DatasetC_sample015	G079	0.523756	DatasetC	KitC
DatasetC_sample015	G080	0.614073	DatasetC	KitC
DatasetC_sample015	G081	0.683929	DatasetC	KitC
DatasetC_sample015	G082	0.880456	DatasetC	KitC
DatasetC_sample015	G084	0.955456	DatasetC	KitC
DatasetC_sample015	G085	0.657733	DatasetC	KitC
DatasetC_sample015	G086	0.505085	DatasetC	KitC
DatasetC_sample015	G087	0.564059	DatasetC	KitC
DatasetC_sample015	G088	0.69863	DatasetC	KitC
DatasetC_sample015	G089	0.722235	DatasetC	KitC
DatasetC_sample015	G090	0.549411	DatasetC	KitC
DatasetC_sample015	G091	0.620161	DatasetC	KitC
DatasetC_sample015	G092	0.541132	DatasetC	KitC
DatasetC_sample015	G093	0.569404	DatasetC	KitC
DatasetC_sample015	G094	0.453535	DatasetC	KitC
DatasetC_sample015	G095	0.284852	DatasetC	KitC
DatasetC_sample015	G096	0.283734	DatasetC	KitC
DatasetC_sample015	G097	0.58969	DatasetC	KitC
DatasetC_sample015	G098	0.426539	DatasetC	KitC
DatasetC_sample015	G099	0.64079	DatasetC	KitC
DatasetC_sample015	G100	0.598897	DatasetC	KitC
DatasetC_sample015	G101	0.752833	DatasetC	KitC
DatasetC_sample015	G102	0.639567	DatasetC	KitC
DatasetC_sample015	G103	0.715434	DatasetC	KitC
DatasetC_sample015	G104	0.628777	DatasetC	KitC
DatasetC_sample015	G105	0.575951	DatasetC	KitC
DatasetC_sample015	G106	0.541529	DatasetC	KitC
DatasetC_sample015	G107	0.252858	DatasetC	KitC
DatasetC_sample015	G108	0.648546	DatasetC	KitC
DatasetC_sample015	G109	0.28243	DatasetC	KitC
DatasetC_sample015	G110	0.909728	DatasetC	KitC
DatasetC_sample015	G141	0.412413	DatasetC	KitC
DatasetC_sample015	G143	0.323285	DatasetC	KitC
DatasetC_sample015	G146	0.471178	DatasetC	KitC
DatasetC_sample015	G148	0.846424	DatasetC	KitC
DatasetC_sample015	G149	0.599909	DatasetC	KitC
DatasetC_sample015	G150	0.219556	DatasetC	KitC
DatasetC_sample015	G151	0.580226	DatasetC	KitC
DatasetC_sample015	G152	0.589271	DatasetC	KitC
DatasetC_sample015	G153	0.338188	DatasetC	KitC
DatasetC_sample015	G155	0.450963	DatasetC	KitC
DatasetC_sample015	G158	0.427556	DatasetC	KitC
DatasetC_sample015	G159	0.657601	DatasetC	KitC
DatasetC_sample015	G161	0.578594	DatasetC	KitC
DatasetC_sample015	G164	0.182148	DatasetC	KitC
DatasetC_sample015	G165	0.423008	DatasetC	KitC
DatasetC_sample015	G166	0.182991	DatasetC	KitC
DatasetC_sample015	G173	0.429209	DatasetC	KitC
DatasetC_sample015	G174	0.104491	DatasetC	KitC
DatasetC_sample015	G176	0.625414	DatasetC	KitC
DatasetC_sample015	G181	0.092362	DatasetC	KitC
DatasetC_sample015	G182	0.138799	DatasetC	KitC
DatasetC_sample015	G185	0.353002	DatasetC	KitC
DatasetC_sample015	G187	0.145373	DatasetC	KitC
DatasetC_sample015	G195	0.660434	DatasetC	KitC
DatasetC_sample015	G198	0.709206	DatasetC	KitC
DatasetC_sample016	G001	0.704383	DatasetC	KitC
DatasetC_sample016	G002	0.938249	DatasetC	KitC
DatasetC_sample016	G003	0.608511	DatasetC	KitC
DatasetC_sample016	G004	0.426974	DatasetC	KitC
DatasetC_sample016	G005	0.915427	DatasetC	KitC
DatasetC_sample016	G006	0.829203	DatasetC	KitC
DatasetC_sample016	G007	0.707713	DatasetC	KitC
DatasetC_sample016	G008	0.809411	DatasetC	KitC
DatasetC_sample016	G009	0.819407	DatasetC	KitC
DatasetC_sample016	G010	0.619791	DatasetC	KitC
DatasetC_sample016	G011	0.816078	DatasetC	KitC
DatasetC_sample016	G012	0.438214	DatasetC	KitC
DatasetC_sample016	G013	0.755086	DatasetC	KitC
DatasetC_sample016	G014	0.748673	DatasetC	KitC
DatasetC_sample016	G015	0.790015	DatasetC	KitC
DatasetC_sample016	G016	0.955562	DatasetC	KitC
DatasetC_sample016	G017	0.738955	DatasetC	KitC
DatasetC_sample016	G018	0.842683	DatasetC	KitC
DatasetC_sample016	G019	0.943668	DatasetC	KitC
DatasetC_sample016	G020	0.960758	DatasetC	KitC
DatasetC_sample016	G021	0.621839	DatasetC	KitC
DatasetC_sample016	G022	0.476049	DatasetC	KitC
DatasetC_sample016	G023	0.737901	DatasetC	KitC
DatasetC_sample016	G024	0.875297	DatasetC	KitC
DatasetC_sample016	G025	0.900857	DatasetC	KitC
DatasetC_sample016	G026	0.849531	DatasetC	KitC
DatasetC_sample016	G027	0.70946	DatasetC	KitC
DatasetC_sample016	G028	0.699563	DatasetC	KitC
DatasetC_sample016	G029	0.968845	DatasetC	KitC
DatasetC_sample016	G030	0.931703	DatasetC	KitC
DatasetC_sample016	G031	0.697598	DatasetC	KitC
DatasetC_sample016	G032	0.459934	DatasetC	KitC
DatasetC_sample016	G033	0.780617	DatasetC	KitC
DatasetC_sample016	G034	0.901205	DatasetC	KitC
DatasetC_sample016	G035	0.770196	DatasetC	KitC
DatasetC_sample016	G036	0.635415	DatasetC	KitC
DatasetC_sample016	G037	0.464358	DatasetC	KitC
DatasetC_sample016	G038	0.899059	DatasetC	KitC
DatasetC_sample016	G039	0.953228	DatasetC	KitC
DatasetC_sample016	G040	0.797458	DatasetC	KitC
DatasetC_sample016	G041	0.446676	DatasetC	KitC
DatasetC_sample016	G042	0.686438	DatasetC	KitC
DatasetC_sample016	G043	0.355114	DatasetC	KitC
DatasetC_sample016	G044	0.815607	DatasetC	KitC
DatasetC_sample016	G045	0.687168	DatasetC	KitC
DatasetC_sample016	G046	0.828604	DatasetC	KitC
DatasetC_sample016	G047	0.756525	DatasetC	KitC
DatasetC_sample016	G048	0.298712	DatasetC	KitC
DatasetC_sample016	G049	0.668835	DatasetC	KitC
DatasetC_sample016	G050	0.666724	DatasetC	KitC
DatasetC_sample016	G051	0.478733	DatasetC	KitC
DatasetC_sample016	G052	0.751153	DatasetC	KitC
DatasetC_sample016	G053	0.826925	DatasetC	KitC
DatasetC_sample016	G054	0.805588	DatasetC	KitC
DatasetC_sample016	G055	0.394208	DatasetC	KitC
DatasetC_sample016	G056	0.790429	DatasetC	KitC
DatasetC_sample016	G057	0.496309	DatasetC	KitC
DatasetC_sample016	G058	0.392134	DatasetC	KitC
DatasetC_sample016	G059	0.570574	DatasetC	KitC
DatasetC_sample016	G060	0.819737	DatasetC	KitC
DatasetC_sample016	G061	0.411788	DatasetC	KitC
DatasetC_sample016	G062	0.266455	DatasetC	KitC
DatasetC_sample016	G063	0.462698	DatasetC	KitC
DatasetC_sample016	G064	0.708718	DatasetC	KitC
DatasetC_sample016	G065	0.615025	DatasetC	KitC
DatasetC_sample016	G066	0.486385	DatasetC	KitC
DatasetC_sample016	G067	0.312429	DatasetC	KitC
DatasetC_sample016	G068	0.403479	DatasetC	KitC
DatasetC_sample016	G069	0.748092	DatasetC	KitC
DatasetC_sample016	G070	0.822487	DatasetC	KitC
DatasetC_sample016	G071	0.331281	DatasetC	KitC
DatasetC_sample016	G072	0.769301	DatasetC	KitC
DatasetC_sample016	G073	0.483514	DatasetC	KitC
DatasetC_sample016	G074	0.284378	DatasetC	KitC
DatasetC_sample016	G075	0.417215	DatasetC	KitC
DatasetC_sample016	G076	0.224172	DatasetC	KitC
DatasetC_sample016	G077	0.595381	DatasetC	KitC
DatasetC_sample016	G078	0.849019	DatasetC	KitC
DatasetC_sample016	G079	0.683673	DatasetC	KitC
DatasetC_sample016	G080	0.332278	DatasetC	KitC
DatasetC_sample016	G081	0.729704	DatasetC	KitC
DatasetC_sample016	G082	0.860929	DatasetC	KitC
DatasetC_sample016	G083	0.494757	DatasetC	KitC
DatasetC_sample016	G084	0.806162	DatasetC	KitC
DatasetC_sample016	G085	0.259628	DatasetC	KitC
DatasetC_sample016	G086	0.76498	DatasetC	KitC
DatasetC_sample016	G087	0.413905	DatasetC	KitC
DatasetC_sample016	G088	0.529846	DatasetC	KitC
DatasetC_sample016	G089	0.76609	DatasetC	KitC
DatasetC_sample016	G090	0.733201	DatasetC	KitC
DatasetC_sample016	G091	0.794187	DatasetC	KitC
DatasetC_sample016	G092	0.662315	DatasetC	KitC
DatasetC_sample016	G093	0.667938	DatasetC	KitC
DatasetC_sample016	G094	0.934831	DatasetC	KitC
DatasetC_sample016	G095	0.585111	DatasetC	KitC
DatasetC_sample016	G096	0.631887	DatasetC	KitC
DatasetC_sample016	G097	0.739962	DatasetC	KitC
DatasetC_sample016	G098	0.43944	DatasetC	KitC
DatasetC_sample016	G099	0.715593	DatasetC	KitC
DatasetC_sample016	G100	0.427213	DatasetC	KitC
DatasetC_sample016	G101	0.561637	DatasetC	KitC
DatasetC_sample016	G102	0.733871	DatasetC	KitC
DatasetC_sample016	G103	0.342876	DatasetC	KitC
DatasetC_sample016	G104	0.8463	DatasetC	KitC
DatasetC_sample016	G105	0.702841	DatasetC	KitC
DatasetC_sample016	G106	0.935668	DatasetC	KitC
DatasetC_sample016	G107	0.473948	DatasetC	KitC
DatasetC_sample016	G108	0.396845	DatasetC	KitC
DatasetC_sample016	G109	0.215896	DatasetC	KitC
DatasetC_sample016	G110	0.75302	DatasetC	KitC
DatasetC_sample016	G142	0.573233	DatasetC	KitC
DatasetC_sample016	G143	0.258355	DatasetC	KitC
DatasetC_sample016	G144	0.141482	DatasetC	KitC
DatasetC_sample016	G146	0.467338	DatasetC	KitC
DatasetC_sample016	G147	0.525663	DatasetC	KitC
DatasetC_sample016	G149	0.230858	DatasetC	KitC
DatasetC_sample016	G151	0.508658	DatasetC	KitC
DatasetC_sample016	G157	0.872702	DatasetC	KitC
DatasetC_sample016	G161	0.495252	DatasetC	KitC
DatasetC_sample016	G162	0.64152	DatasetC	KitC
DatasetC_sample016	G163	0.55615	DatasetC	KitC
DatasetC_sample016	G164	0.356918	DatasetC	KitC
DatasetC_sample016	G165	0.261451	DatasetC	KitC
DatasetC_sample016	G167	0.41339	DatasetC	KitC
DatasetC_sample016	G168	0.277452	DatasetC	KitC
DatasetC_sample016	G170	0.687493	DatasetC	KitC
DatasetC_sample016	G176	0.180653	DatasetC	KitC
DatasetC_sample016	G179	0.339482	DatasetC	KitC
DatasetC_sample016	G182	0.125034	DatasetC	KitC
DatasetC_sample016	G184	0.271079	DatasetC	KitC
DatasetC_sample016	G186	0.348363	DatasetC	KitC
DatasetC_sample016	G191	0.168308	DatasetC	KitC
DatasetC_sample016	G197	0.614324	DatasetC	KitC
DatasetC_sample016	G199	0.407549	DatasetC	KitC
DatasetC_sample017	G001	0.848548	DatasetC	KitC
DatasetC_sample017	G002	0.438835	DatasetC	KitC
DatasetC_sample017	G003	0.514038	DatasetC	KitC
DatasetC_sample017	G004	0.838443	DatasetC	KitC
DatasetC_sample017	G005	0.6597	DatasetC	KitC
DatasetC_sample017	G006	0.721812	DatasetC	KitC
DatasetC_sample017	G007	0.863663	DatasetC	KitC
DatasetC_sample017	G008	0.965489	DatasetC	KitC
DatasetC_sample017	G009	0.762379	DatasetC	KitC
DatasetC_sample017	G010	0.733553	DatasetC	KitC
DatasetC_sample017	G011	0.572374	DatasetC	KitC
DatasetC_sample017	G012	0.660994	DatasetC	KitC
DatasetC_sample017	G013	0.728153	DatasetC	KitC
DatasetC_sample017	G014	0.807761	DatasetC	KitC
DatasetC_sample017	G015	0.64744	DatasetC	KitC
DatasetC_sample017	G016	0.894605	DatasetC	KitC
DatasetC_sample017	G017	0.598385	DatasetC	KitC
DatasetC_sample017	G018	0.39341	DatasetC	KitC
DatasetC_sample017	G019	0.703973	DatasetC	KitC
DatasetC_sample017	G020	0.876571	DatasetC	KitC
DatasetC_sample017	G021	0.778219	DatasetC	KitC
DatasetC_sample017	G022	0.827635	DatasetC	KitC
DatasetC_sample017	G023	0.468398	DatasetC	KitC
DatasetC_sample017	G024	0.516638	DatasetC	KitC
DatasetC_sample017	G025	0.703315	DatasetC	KitC
DatasetC_sample017	G026	0.662377	DatasetC	KitC
DatasetC_sample017	G027	0.800676	DatasetC	KitC
DatasetC_sample017	G028	0.794019	DatasetC	KitC
DatasetC_sample017	G029	0.5091	DatasetC	KitC
DatasetC_sample017	G030	0.873984	DatasetC	KitC
DatasetC_sample017	G031	0.969981	DatasetC	KitC
DatasetC_sample017	G032	0.883174	DatasetC	KitC
DatasetC_sample017	G033	0.918771	DatasetC	KitC
DatasetC_sample017	G034	0.624592	DatasetC	KitC
DatasetC_sample017	G035	0.649458	DatasetC	KitC
DatasetC_sample017	G036	0.601273	DatasetC	KitC
DatasetC_sample017	G037	0.930521	DatasetC	KitC
DatasetC_sample017	G038	0.893634	DatasetC	KitC
DatasetC_sample017	G039	0.951882	DatasetC	KitC
DatasetC_sample017	G040	0.789331	DatasetC	KitC
DatasetC_sample017	G041	0.880304	DatasetC	KitC
DatasetC_sample017	G042	0.649218	DatasetC	KitC
DatasetC_sample017	G043	0.728895	DatasetC	KitC
DatasetC_sample017	G044	0.756255	DatasetC	KitC
DatasetC_sample017	G045	0.629608	DatasetC	KitC
DatasetC_sample017	G046	0.850867	DatasetC	KitC
DatasetC_sample017	G047	0.920982	DatasetC	KitC
DatasetC_sample017	G048	0.771279	DatasetC	KitC
DatasetC_sample017	G049	0.908052	DatasetC	KitC
DatasetC_sample017	G050	0.770757	DatasetC	KitC
DatasetC_sample017	G051	0.459099	DatasetC	KitC
DatasetC_sample017	G052	0.460505	DatasetC	KitC
DatasetC_sample017	G053	0.667857	DatasetC	KitC
DatasetC_sample017	G054	0.46341	DatasetC	KitC
DatasetC_sample017	G055	0.506684	DatasetC	KitC
DatasetC_sample017	G056	0.384827	DatasetC	KitC
DatasetC_sample017	G057	0.586245	DatasetC	KitC
DatasetC_sample017	G058	0.569786	DatasetC	KitC
DatasetC_sample017	G059	0.534857	DatasetC	KitC
DatasetC_sample017	G060	0.724022	DatasetC	KitC
DatasetC_sample017	G061	0.49324	DatasetC	KitC
DatasetC_sample017	G062	0.611588	DatasetC	KitC
DatasetC_sample017	G063	0.581814	DatasetC	KitC
DatasetC_sample017	G064	0.649109	DatasetC	KitC
DatasetC_sample017	G065	0.580322	DatasetC	KitC
DatasetC_sample017	G066	0.728291	DatasetC	KitC
DatasetC_sample017	G067	0.63546	DatasetC	KitC
DatasetC_sample017	G068	0.642009	DatasetC	KitC
DatasetC_sample017	G069	0.500589	DatasetC	KitC
DatasetC_sample017	G070	0.558478	DatasetC	KitC
DatasetC_sample017	G071	0.574938	DatasetC	KitC
DatasetC_sample017	G072	0.675041	DatasetC	KitC
DatasetC_sample017	G073	0.257493	DatasetC	KitC
DatasetC_sample017	G074	0.50632	DatasetC	KitC
DatasetC_sample017	G075	0.483538	DatasetC	KitC
DatasetC_sample017	G076	0.795455	DatasetC	KitC
DatasetC_sample017	G077	0.501259	DatasetC	KitC
DatasetC_sample017	G078	0.189511	DatasetC	KitC
DatasetC_sample017	G079	0.439662	DatasetC	KitC
DatasetC_sample017	G080	0.414779	DatasetC	KitC
DatasetC_sample017	G081	0.323079	DatasetC	KitC
DatasetC_sample017	G082	0.663328	DatasetC	KitC
DatasetC_sample017	G083	0.782876	DatasetC	KitC
DatasetC_sample017	G084	0.617137	DatasetC	KitC
DatasetC_sample017	G085	0.73139	DatasetC	KitC
DatasetC_sample017	G086	0.352906	DatasetC	KitC
DatasetC_sample017	G087	0.338599	DatasetC	KitC
DatasetC_sample017	G088	0.770154	DatasetC	KitC
DatasetC_sample017	G089	0.563473	DatasetC	KitC
DatasetC_sample017	G090	0.764566	DatasetC	KitC
DatasetC_sample017	G091	0.495055	DatasetC	KitC
DatasetC_sample017	G094	0.634147	DatasetC	KitC
DatasetC_sample017	G095	0.332353	DatasetC	KitC
DatasetC_sample017	G096	0.577843	DatasetC	KitC
DatasetC_sample017	G097	0.734726	DatasetC	KitC
DatasetC_sample017	G098	0.702882	DatasetC	KitC
DatasetC_sample017	G099	0.698537	DatasetC	KitC
DatasetC_sample017	G100	0.521741	DatasetC	KitC
DatasetC_sample017	G101	0.520888	DatasetC	KitC
DatasetC_sample017	G102	0.906064	DatasetC	KitC
DatasetC_sample017	G103	0.640864	DatasetC	KitC
DatasetC_sample017	G104	0.470064	DatasetC	KitC
DatasetC_sample017	G105	0.887684	DatasetC	KitC
DatasetC_sample017	G106	0.625975	DatasetC	KitC
DatasetC_sample017	G107	0.722079	DatasetC	KitC
DatasetC_sample017	G108	0.614027	DatasetC	KitC
DatasetC_sample017	G109	0.68365	DatasetC	KitC
DatasetC_sample017	G110	0.09605	DatasetC	KitC
DatasetC_sample017	G144	0.342447	DatasetC	KitC
DatasetC_sample017	G145	0.244598	DatasetC	KitC
DatasetC_sample017	G146	0.219261	DatasetC	KitC
DatasetC_sample017	G147	0.376704	DatasetC	KitC
DatasetC_sample017	G148	0.559668	DatasetC	KitC
DatasetC_sample017	G155	0.516283	DatasetC	KitC
DatasetC_sample017	G156	0.225399	DatasetC	KitC
DatasetC_sample017	G159	0.501671	DatasetC	KitC
DatasetC_sample017	G161	0.298704	DatasetC	KitC
DatasetC_sample017	G162	0.37557	DatasetC	KitC
DatasetC_sample017	G164	0.365294	DatasetC	KitC
DatasetC_sample017	G165	0.506295	DatasetC	KitC
DatasetC_sample017	G166	0.472967	DatasetC	KitC
DatasetC_sample017	G167	0.473506	DatasetC	KitC
DatasetC_sample017	G169	0.022906	DatasetC	KitC
DatasetC_sample017	G170	0.569369	DatasetC	KitC
DatasetC_sample017	G176	0.031946	DatasetC	KitC
DatasetC_sample017	G177	0.313915	DatasetC	KitC
DatasetC_sample017	G181	0.396362	DatasetC	KitC
DatasetC_sample017	G182	0.146887	DatasetC	KitC
DatasetC_sample017	G185	0.328871	DatasetC	KitC
DatasetC_sample017	G187	0.313679	DatasetC	KitC
DatasetC_sample017	G191	0.353397	DatasetC	KitC
DatasetC_sample017	G193	0.176736	DatasetC	KitC
DatasetC_sample017	G194	0.095385	DatasetC	KitC
DatasetC_sample018	G001	0.536948	DatasetC	KitC
DatasetC_sample018	G002	0.339156	DatasetC	KitC
DatasetC_sample018	G003	0.271703	DatasetC	KitC
DatasetC_sample018	G004	0.715806	DatasetC	KitC
DatasetC_sample018	G005	0.74072	DatasetC	KitC
DatasetC_sample018	G006	0.933897	DatasetC	KitC
DatasetC_sample018	G007	0.911795	DatasetC	KitC
DatasetC_sample018	G008	0.391228	DatasetC	KitC
DatasetC_sample018	G009	0.562396	DatasetC	KitC
DatasetC_sample018	G010	0.835242	DatasetC	KitC
DatasetC_sample018	G011	0.542936	DatasetC	KitC
DatasetC_sample018	G012	0.704333	DatasetC	KitC
DatasetC_sample018	G013	0.542189	DatasetC	KitC
DatasetC_sample018	G014	0.91367	DatasetC	KitC
DatasetC_sample018	G015	0.826489	DatasetC	KitC
DatasetC_sample018	G016	0.946522	DatasetC	KitC
DatasetC_sample018	G017	0.544465	DatasetC	KitC
DatasetC_sample018	G018	0.719624	DatasetC	KitC
DatasetC_sample018	G019	0.592271	DatasetC	KitC
DatasetC_sample018	G020	0.423521	DatasetC	KitC
DatasetC_sample018	G021	0.769227	DatasetC	KitC
DatasetC_sample018	G022	0.69294	DatasetC	KitC
DatasetC_sample018	G023	0.904732	DatasetC	KitC
DatasetC_sample018	G024	0.806216	DatasetC	KitC
DatasetC_sample018	G025	0.865561	DatasetC	KitC
DatasetC_sample018	G026	0.735523	DatasetC	KitC
DatasetC_sample018	G027	0.448785	DatasetC	KitC
DatasetC_sample018	G028	0.841412	DatasetC	KitC
DatasetC_sample018	G029	0.546811	DatasetC	KitC
DatasetC_sample018	G030	0.703316	DatasetC	KitC
DatasetC_sample018	G031	0.729806	DatasetC	KitC
DatasetC_sample018	G032	0.897043	DatasetC	KitC
DatasetC_sample018	G033	0.674581	DatasetC	KitC
DatasetC_sample018	G034	0.717772	DatasetC	KitC
DatasetC_sample018	G035	0.78185	DatasetC	KitC
DatasetC_sample018	G036	0.701388	DatasetC	KitC
DatasetC_sample018	G037	0.749719	DatasetC	KitC
DatasetC_sample018	G038	0.225678	DatasetC	KitC
DatasetC_sample018	G039	0.649501	DatasetC	KitC
DatasetC_sample018	G040	0.969659	DatasetC	KitC
DatasetC_sample018	G041	0.771608	DatasetC	KitC
DatasetC_sample018	G042	0.870551	DatasetC	KitC
DatasetC_sample018	G043	0.814564	DatasetC	KitC
DatasetC_sample018	G044	0.646133	DatasetC	KitC
DatasetC_sample018	G045	0.512539	DatasetC	KitC
DatasetC_sample018	G046	0.601492	DatasetC	KitC
DatasetC_sample018	G047	0.659194	DatasetC	KitC
DatasetC_sample018	G048	0.809007	DatasetC	KitC
DatasetC_sample018	G049	0.826886	DatasetC	KitC
DatasetC_sample018	G050	0.915256	DatasetC	KitC
DatasetC_sample018	G051	0.55434	DatasetC	KitC
DatasetC_sample018	G052	0.284651	DatasetC	KitC
DatasetC_sample018	G053	0.357081	DatasetC	KitC
DatasetC_sample018	G054	0.615255	DatasetC	KitC
DatasetC_sample018	G055	0.412501	DatasetC	KitC
DatasetC_sample018	G056	0.628992	DatasetC	KitC
DatasetC_sample018	G057	0.763407	DatasetC	KitC
DatasetC_sample018	G058	0.558521	DatasetC	KitC
DatasetC_sample018	G059	0.757648	DatasetC	KitC
DatasetC_sample018	G060	0.313738	DatasetC	KitC
DatasetC_sample018	G061	0.619495	DatasetC	KitC
DatasetC_sample018	G062	0.305942	DatasetC	KitC
DatasetC_sample018	G063	0.520965	DatasetC	KitC
DatasetC_sample018	G064	0.569297	DatasetC	KitC
DatasetC_sample018	G065	0.485405	DatasetC	KitC
DatasetC_sample018	G066	0.75089	DatasetC	KitC
DatasetC_sample018	G067	0.82013	DatasetC	KitC
DatasetC_sample018	G068	0.505157	DatasetC	KitC
DatasetC_sample018	G069	0.86391	DatasetC	KitC
DatasetC_sample018	G070	0.783663	DatasetC	KitC
DatasetC_sample018	G071	0.617333	DatasetC	KitC
DatasetC_sample018	G072	0.711053	DatasetC	KitC
DatasetC_sample018	G073	0.656382	DatasetC	KitC
DatasetC_sample018	G074	0.559698	DatasetC	KitC
DatasetC_sample018	G075	0.451762	DatasetC	KitC
DatasetC_sample018	G076	0.559968	DatasetC	KitC
DatasetC_sample018	G077	0.613922	DatasetC	KitC
DatasetC_sample018	G078	0.369114	DatasetC	KitC
DatasetC_sample018	G080	0.22535	DatasetC	KitC
DatasetC_sample018	G081	0.474271	DatasetC	KitC
DatasetC_sample018	G082	0.633886	DatasetC	KitC
DatasetC_sample018	G083	0.785609	DatasetC	KitC
DatasetC_sample018	G084	0.731505	DatasetC	KitC
DatasetC_sample018	G085	0.624183	DatasetC	KitC
DatasetC_sample018	G086	0.327579	DatasetC	KitC
DatasetC_sample018	G088	0.198997	DatasetC	KitC
DatasetC_sample018	G089	0.466599	DatasetC	KitC
DatasetC_sample018	G090	0.638191	DatasetC	KitC
DatasetC_sample018	G091	0.692146	DatasetC	KitC
DatasetC_sample018	G092	0.352821	DatasetC	KitC
DatasetC_sample018	G093	0.543533	DatasetC	KitC
DatasetC_sample018	G094	0.504973	DatasetC	KitC
DatasetC_sample018	G095	0.484146	DatasetC	KitC
DatasetC_sample018	G096	0.251085	DatasetC	KitC
DatasetC_sample018	G097	0.53967	DatasetC	KitC
DatasetC_sample018	G098	0.704736	DatasetC	KitC
DatasetC_sample018	G099	0.53071	DatasetC	KitC
DatasetC_sample018	G100	0.423559	DatasetC	KitC
DatasetC_sample018	G101	0.472454	DatasetC	KitC
DatasetC_sample018	G102	0.511467	DatasetC	KitC
DatasetC_sample018	G103	0.499625	DatasetC	KitC
DatasetC_sample018	G104	0.850049	DatasetC	KitC
DatasetC_sample018	G105	0.459443	DatasetC	KitC
DatasetC_sample018	G106	0.648143	DatasetC	KitC
DatasetC_sample018	G107	0.443354	DatasetC	KitC
DatasetC_sample018	G108	0.549017	DatasetC	KitC
DatasetC_sample018	G109	0.552501	DatasetC	KitC
DatasetC_sample018	G110	0.794075	DatasetC	KitC
DatasetC_sample018	G141	0.459912	DatasetC	KitC
DatasetC_sample018	G142	0.411642	DatasetC	KitC
DatasetC_sample018	G143	0.411446	DatasetC	KitC
DatasetC_sample018	G149	0.330369	DatasetC	KitC
DatasetC_sample018	G150	0.409859	DatasetC	KitC
DatasetC_sample018	G151	0.454751	DatasetC	KitC
DatasetC_sample018	G152	0.294416	DatasetC	KitC
DatasetC_sample018	G155	0.34057	DatasetC	KitC
DatasetC_sample018	G156	0.376919	DatasetC	KitC
DatasetC_sample018	G157	0.24532	DatasetC	KitC
DatasetC_sample018	G158	0.30637	DatasetC	KitC
DatasetC_sample018	G159	0.305263	DatasetC	KitC
DatasetC_sample018	G160	0.530727	DatasetC	KitC
DatasetC_sample018	G161	0.358909	DatasetC	KitC
DatasetC_sample018	G162	0.497087	DatasetC	KitC
DatasetC_sample018	G163	0.332366	DatasetC	KitC
DatasetC_sample018	G164	0.523259	DatasetC	KitC
DatasetC_sample018	G165	0.521813	DatasetC	KitC
DatasetC_sample018	G167	0.613078	DatasetC	KitC
DatasetC_sample018	G168	0.19856	DatasetC	KitC
DatasetC_sample018	G169	0.667453	DatasetC	KitC
DatasetC_sample018	G185	0.162263	DatasetC	KitC
DatasetC_sample018	G186	0.234492	DatasetC	KitC
DatasetC_sample018	G189	0.160338	DatasetC	KitC
DatasetC_sample018	G191	0.563541	DatasetC	KitC
DatasetC_sample018	G198	0.068911	DatasetC	KitC
DatasetC_sample018	G199	0.211817	DatasetC	KitC
DatasetC_sample019	G001	0.739486	DatasetC	KitC
DatasetC_sample019	G002	0.698237	DatasetC	KitC
DatasetC_sample019	G003	0.845267	DatasetC	KitC
DatasetC_sample019	G004	0.479169	DatasetC	KitC
DatasetC_sample019	G005	0.690202	DatasetC	KitC
DatasetC_sample019	G006	0.812637	DatasetC	KitC
DatasetC_sample019	G007	0.461847	DatasetC	KitC
DatasetC_sample019	G008	0.764943	DatasetC	KitC
DatasetC_sample019	G009	0.961827	DatasetC	KitC
DatasetC_sample019	G010	0.69189	DatasetC	KitC
DatasetC_sample019	G011	0.921911	DatasetC	KitC
DatasetC_sample019	G012	0.681669	DatasetC	KitC
DatasetC_sample019	G013	0.420698	DatasetC	KitC
DatasetC_sample019	G014	0.827045	DatasetC	KitC
DatasetC_sample019	G015	0.366861	DatasetC	KitC
DatasetC_sample019	G016	0.471172	DatasetC	KitC
DatasetC_sample019	G017	0.731658	DatasetC	KitC
DatasetC_sample019	G018	0.463851	DatasetC	KitC
DatasetC_sample019	G019	0.186673	DatasetC	KitC
DatasetC_sample019	G020	0.744109	DatasetC	KitC
DatasetC_sample019	G021	0.487727	DatasetC	KitC
DatasetC_sample019	G022	0.706107	DatasetC	KitC
DatasetC_sample019	G023	0.394005	DatasetC	KitC
DatasetC_sample019	G024	0.722879	DatasetC	KitC
DatasetC_sample019	G025	0.845585	DatasetC	KitC
DatasetC_sample019	G026	0.770004	DatasetC	KitC
DatasetC_sample019	G027	0.956642	DatasetC	KitC
DatasetC_sample019	G028	0.907699	DatasetC	KitC
DatasetC_sample019	G029	0.78323	DatasetC	KitC
DatasetC_sample019	G030	0.733669	DatasetC	KitC
DatasetC_sample019	G031	0.763613	DatasetC	KitC
DatasetC_sample019	G032	0.709949	DatasetC	KitC
DatasetC_sample019	G033	0.683022	DatasetC	KitC
DatasetC_sample019	G034	0.346305	DatasetC	KitC
DatasetC_sample019	G035	0.875303	DatasetC	KitC
DatasetC_sample019	G036	0.818226	DatasetC	KitC
DatasetC_sample019	G037	0.881759	DatasetC	KitC
DatasetC_sample019	G038	0.778493	DatasetC	KitC
DatasetC_sample019	G039	0.55335	DatasetC	KitC
DatasetC_sample019	G040	0.942378	DatasetC	KitC
DatasetC_sample019	G041	0.42665	DatasetC	KitC
DatasetC_sample019	G042	0.639896	DatasetC	KitC
DatasetC_sample019	G043	0.793124	DatasetC	KitC
DatasetC_sample019	G044	0.656193	DatasetC	KitC
DatasetC_sample019	G045	0.863088	DatasetC	KitC
DatasetC_sample019	G046	0.810641	DatasetC	KitC
DatasetC_sample019	G047	0.948082	DatasetC	KitC
DatasetC_sample019	G048	0.775113	DatasetC	KitC
DatasetC_sample019	G049	0.725324	DatasetC	KitC
DatasetC_sample019	G050	0.501644	DatasetC	KitC
DatasetC_sample019	G051	0.822013	DatasetC	KitC
DatasetC_sample019	G052	0.407414	DatasetC	KitC
DatasetC_sample019	G053	0.704208	DatasetC	KitC
DatasetC_sample019	G054	0.433128	DatasetC	KitC
DatasetC_sample019	G055	0.591293	DatasetC	KitC
DatasetC_sample019	G056	0.582686	DatasetC	KitC
DatasetC_sample019	G057	0.774102	DatasetC	KitC
DatasetC_sample019	G058	0.480058	DatasetC	KitC
DatasetC_sample019	G059	0.354352	DatasetC	KitC
DatasetC_sample019	G060	0.539759	DatasetC	KitC
DatasetC_sample019	G061	0.669189	DatasetC	KitC
DatasetC_sample019	G062	0.458005	DatasetC	KitC
DatasetC_sample019	G063	0.530689	DatasetC	KitC
DatasetC_sample019	G064	0.724438	DatasetC	KitC
DatasetC_sample019	G065	0.411248	DatasetC	KitC
DatasetC_sample019	G066	0.41397	DatasetC	KitC
DatasetC_sample019	G067	0.636097	DatasetC	KitC
DatasetC_sample019	G068	0.638131	DatasetC	KitC
DatasetC_sample019	G069	0.750679	DatasetC	KitC
DatasetC_sample019	G070	0.63012	DatasetC	KitC
DatasetC_sample019	G071	0.64768	DatasetC	KitC
DatasetC_sample019	G072	0.563172	DatasetC	KitC
DatasetC_sample019	G073	0.728613	DatasetC	KitC
DatasetC_sample019	G074	0.629138	DatasetC	KitC
DatasetC_sample019	G075	0.374443	DatasetC	KitC
DatasetC_sample019	G076	0.760121	DatasetC	KitC
DatasetC_sample019	G077	0.640548	DatasetC	KitC
DatasetC_sample019	G078	0.608448	DatasetC	KitC
DatasetC_sample019	G080	0.326239	DatasetC	KitC
DatasetC_sample019	G081	0.477287	DatasetC	KitC
DatasetC_sample019	G082	0.483609	DatasetC	KitC
DatasetC_sample019	G083	0.365994	DatasetC	KitC
DatasetC_sample019	G084	0.537705	DatasetC	KitC
DatasetC_sample019	G085	0.715037	DatasetC	KitC
DatasetC_sample019	G086	0.861423	DatasetC	KitC
DatasetC_sample019	G087	0.588785	DatasetC	KitC
DatasetC_sample019	G088	0.718906	DatasetC	KitC
DatasetC_sample019	G089	0.662548	DatasetC	KitC
DatasetC_sample019	G090	0.712062	DatasetC	KitC
DatasetC_sample019	G091	0.438556	DatasetC	KitC
DatasetC_sample019	G092	0.414755	DatasetC	KitC
DatasetC_sample019	G093	0.5005	DatasetC	KitC
DatasetC_sample019	G094	0.533013	DatasetC	KitC
DatasetC_sample019	G095	0.424844	DatasetC	KitC
DatasetC_sample019	G096	0.405439	DatasetC	KitC
DatasetC_sample019	G097	0.644312	DatasetC	KitC
DatasetC_sample019	G098	0.647321	DatasetC	KitC
DatasetC_sample019	G099	0.594529	DatasetC	KitC
DatasetC_sample019	G100	0.541986	DatasetC	KitC
DatasetC_sample019	G101	0.739217	DatasetC	KitC
DatasetC_sample019	G102	0.786782	DatasetC	KitC
DatasetC_sample019	G103	0.68191	DatasetC	KitC
DatasetC_sample019	G104	0.825586	DatasetC	KitC
DatasetC_sample019	G105	0.646204	DatasetC	KitC
DatasetC_sample019	G106	0.511567	DatasetC	KitC
DatasetC_sample019	G107	0.570038	DatasetC	KitC
DatasetC_sample019	G108	0.653209	DatasetC	KitC
DatasetC_sample019	G109	0.534423	DatasetC	KitC
DatasetC_sample019	G110	0.770169	DatasetC	KitC
DatasetC_sample019	G142	0.467026	DatasetC	KitC
DatasetC_sample019	G143	0.502091	DatasetC	KitC
DatasetC_sample019	G144	0.619674	DatasetC	KitC
DatasetC_sample019	G145	0.207303	DatasetC	KitC
DatasetC_sample019	G146	0.296148	DatasetC	KitC
DatasetC_sample019	G147	0.374482	DatasetC	KitC
DatasetC_sample019	G148	0.262944	DatasetC	KitC
DatasetC_sample019	G150	0.56466	DatasetC	KitC
DatasetC_sample019	G151	0.746857	DatasetC	KitC
DatasetC_sample019	G153	0.553944	DatasetC	KitC
DatasetC_sample019	G155	0.576459	DatasetC	KitC
DatasetC_sample019	G157	0.316449	DatasetC	KitC
DatasetC_sample019	G158	0.440516	DatasetC	KitC
DatasetC_sample019	G159	0.156752	DatasetC	KitC
DatasetC_sample019	G161	0.24638	DatasetC	KitC
DatasetC_sample019	G162	0.395561	DatasetC	KitC
DatasetC_sample019	G165	0.614306	DatasetC	KitC
DatasetC_sample019	G166	0.679172	DatasetC	KitC
DatasetC_sample019	G167	0.194246	DatasetC	KitC
DatasetC_sample019	G170	0.19178	DatasetC	KitC
DatasetC_sample019	G179	0.200417	DatasetC	KitC
DatasetC_sample019	G180	0.15163	DatasetC	KitC
DatasetC_sample019	G181	0.164894	DatasetC	KitC
DatasetC_sample019	G184	0.41657	DatasetC	KitC
DatasetC_sample019	G186	0.591879	DatasetC	KitC
DatasetC_sample019	G191	0.423747	DatasetC	KitC
DatasetC_sample019	G200	0.408509	DatasetC	KitC
DatasetC_sample020	G001	0.796167	DatasetC	KitC
DatasetC_sample020	G002	0.870604	DatasetC	KitC
DatasetC_sample020	G003	0.667559	DatasetC	KitC
DatasetC_sample020	G004	0.527117	DatasetC	KitC
DatasetC_sample020	G005	0.74739	DatasetC	KitC
DatasetC_sample020	G006	0.74608	DatasetC	KitC
DatasetC_sample020	G007	0.904407	DatasetC	KitC
DatasetC_sample020	G008	0.769279	DatasetC	KitC
DatasetC_sample020	G009	0.695749	DatasetC	KitC
DatasetC_sample020	G010	0.731029	DatasetC	KitC
DatasetC_sample020	G011	0.819846	DatasetC	KitC
DatasetC_sample020	G012	0.818465	DatasetC	KitC
DatasetC_sample020	G013	0.724678	DatasetC	KitC
DatasetC_sample020	G014	0.888008	DatasetC	KitC
DatasetC_sample020	G015	0.770474	DatasetC	KitC
DatasetC_sample020	G016	0.885908	DatasetC	KitC
DatasetC_sample020	G017	0.880615	DatasetC	KitC
DatasetC_sample020	G018	0.753011	DatasetC	KitC
DatasetC_sample020	G019	0.839505	DatasetC	KitC
DatasetC_sample020	G020	0.740174	DatasetC	KitC
DatasetC_sample020	G021	0.807417	DatasetC	KitC
DatasetC_sample020	G022	0.412096	DatasetC	KitC
DatasetC_sample020	G023	0.956562	DatasetC	KitC
DatasetC_sample020	G024	0.939313	DatasetC	KitC
DatasetC_sample020	G025	0.813701	DatasetC	KitC
DatasetC_sample020	G026	0.59064	DatasetC	KitC
DatasetC_sample020	G027	0.894422	DatasetC	KitC
DatasetC_sample020	G028	0.46455	DatasetC	KitC
DatasetC_sample020	G029	0.910916	DatasetC	KitC
DatasetC_sample020	G030	0.758359	DatasetC	KitC
DatasetC_sample020	G031	0.541269	DatasetC	KitC
DatasetC_sample020	G032	0.60225	DatasetC	KitC
DatasetC_sample020	G033	0.751015	DatasetC	KitC
DatasetC_sample020	G034	0.755035	DatasetC	KitC
DatasetC_sample020	G035	0.772614	DatasetC	KitC
DatasetC_sample020	G036	0.79508	DatasetC	KitC
DatasetC_sample020	G037	0.587282	DatasetC	KitC
DatasetC_sample020	G038	0.858884	DatasetC	KitC
DatasetC_sample020	G039	0.701253	DatasetC	KitC
DatasetC_sample020	G040	0.875386	DatasetC	KitC
DatasetC_sample020	G041	0.968334	DatasetC	KitC
DatasetC_sample020	G042	0.723483	DatasetC	KitC
DatasetC_sample020	G043	0.83364	DatasetC	KitC
DatasetC_sample020	G044	0.84599	DatasetC	KitC
DatasetC_sample020	G045	0.39978	DatasetC	KitC
DatasetC_sample020	G046	0.730809	DatasetC	KitC
DatasetC_sample020	G047	0.791435	DatasetC	KitC
DatasetC_sample020	G048	0.779793	DatasetC	KitC
DatasetC_sample020	G049	0.771953	DatasetC	KitC
DatasetC_sample020	G050	0.942016	DatasetC	KitC
DatasetC_sample020	G051	0.234657	DatasetC	KitC
DatasetC_sample020	G052	0.514908	DatasetC	KitC
DatasetC_sample020	G053	0.518792	DatasetC	KitC
DatasetC_sample020	G054	0.730615	DatasetC	KitC
DatasetC_sample020	G055	0.697963	DatasetC	KitC
DatasetC_sample020	G056	0.797053	DatasetC	KitC
DatasetC_sample020	G057	0.619279	DatasetC	KitC
DatasetC_sample020	G058	0.71575	DatasetC	KitC
DatasetC_sample020	G059	0.621554	DatasetC	KitC
DatasetC_sample020	G060	0.707796	DatasetC	KitC
DatasetC_sample020	G061	0.668358	DatasetC	KitC
DatasetC_sample020	G062	0.721085	DatasetC	KitC
DatasetC_sample020	G063	0.904379	DatasetC	KitC
DatasetC_sample020	G064	0.547349	DatasetC	KitC
DatasetC_sample020	G065	0.211444	DatasetC	KitC
DatasetC_sample020	G066	0.419942	DatasetC	KitC
DatasetC_sample020	G067	0.75502	DatasetC	KitC
DatasetC_sample020	G068	0.32119	DatasetC	KitC
DatasetC_sample020	G069	0.46541	DatasetC	KitC
DatasetC_sample020	G070	0.547097	DatasetC	KitC
DatasetC_sample020	G071	0.570365	DatasetC	KitC
DatasetC_sample020	G072	0.238365	DatasetC	KitC
DatasetC_sample020	G073	0.635204	DatasetC	KitC
DatasetC_sample020	G074	0.632838	DatasetC	KitC
DatasetC_sample020	G075	0.396258	DatasetC	KitC
DatasetC_sample020	G076	0.823088	DatasetC	KitC
DatasetC_sample020	G077	0.229134	DatasetC	KitC
DatasetC_sample020	G078	0.571305	DatasetC	KitC
DatasetC_sample020	G079	0.795728	DatasetC	KitC
DatasetC_sample020	G080	0.623666	DatasetC	KitC
DatasetC_sample020	G081	0.807681	DatasetC	KitC
DatasetC_sample020	G082	0.503475	DatasetC	KitC
DatasetC_sample020	G083	0.254017	DatasetC	KitC
DatasetC_sample020	G084	0.470187	DatasetC	KitC
DatasetC_sample020	G085	0.652649	DatasetC	KitC
DatasetC_sample020	G086	0.572753	DatasetC	KitC
DatasetC_sample020	G087	0.627213	DatasetC	KitC
DatasetC_sample020	G088	0.679997	DatasetC	KitC
DatasetC_sample020	G089	0.606932	DatasetC	KitC
DatasetC_sample020	G090	0.700902	DatasetC	KitC
DatasetC_sample020	G091	0.424976	DatasetC	KitC
DatasetC_sample020	G092	0.633595	DatasetC	KitC
DatasetC_sample020	G093	0.613016	DatasetC	KitC
DatasetC_sample020	G094	0.212419	DatasetC	KitC
DatasetC_sample020	G095	0.46732	DatasetC	KitC
DatasetC_sample020	G096	0.699745	DatasetC	KitC
DatasetC_sample020	G097	0.937367	DatasetC	KitC
DatasetC_sample020	G098	0.687397	DatasetC	KitC
DatasetC_sample020	G099	0.883626	DatasetC	KitC
DatasetC_sample020	G100	0.856122	DatasetC	KitC
DatasetC_sample020	G101	0.375609	DatasetC	KitC
DatasetC_sample020	G102	0.674753	DatasetC	KitC
DatasetC_sample020	G103	0.603426	DatasetC	KitC
DatasetC_sample020	G104	0.239462	DatasetC	KitC
DatasetC_sample020	G105	0.708704	DatasetC	KitC
DatasetC_sample020	G106	0.762779	DatasetC	KitC
DatasetC_sample020	G107	0.648883	DatasetC	KitC
DatasetC_sample020	G108	0.756531	DatasetC	KitC
DatasetC_sample020	G109	0.519177	DatasetC	KitC
DatasetC_sample020	G110	0.719323	DatasetC	KitC
DatasetC_sample020	G141	0.59977	DatasetC	KitC
DatasetC_sample020	G143	0.467626	DatasetC	KitC
DatasetC_sample020	G146	0.271707	DatasetC	KitC
DatasetC_sample020	G147	0.356049	DatasetC	KitC
DatasetC_sample020	G148	0.401246	DatasetC	KitC
DatasetC_sample020	G150	0.418698	DatasetC	KitC
DatasetC_sample020	G151	0.584103	DatasetC	KitC
DatasetC_sample020	G152	0.262897	DatasetC	KitC
DatasetC_sample020	G155	0.419459	DatasetC	KitC
DatasetC_sample020	G156	0.433829	DatasetC	KitC
DatasetC_sample020	G158	0.872173	DatasetC	KitC
DatasetC_sample020	G159	0.239042	DatasetC	KitC
DatasetC_sample020	G160	0.331022	DatasetC	KitC
DatasetC_sample020	G161	0.378535	DatasetC	KitC
DatasetC_sample020	G162	0.615606	DatasetC	KitC
DatasetC_sample020	G163	0.478876	DatasetC	KitC
DatasetC_sample020	G165	0.533398	DatasetC	KitC
DatasetC_sample020	G167	0.10659	DatasetC	KitC
DatasetC_sample020	G169	0.418934	DatasetC	KitC
DatasetC_sample020	G172	0.41423	DatasetC	KitC
DatasetC_sample020	G175	0.454821	DatasetC	KitC
DatasetC_sample020	G187	0.489505	DatasetC	KitC
DatasetC_sample020	G189	0.156923	DatasetC	KitC
DatasetC_sample020	G197	0.156287	DatasetC	KitC
DatasetC_sample020	G198	0.099581	DatasetC	KitC
DatasetC_sample021	G001	0.947122	DatasetC	KitC
DatasetC_sample021	G002	0.964426	DatasetC	KitC
DatasetC_sample021	G003	0.711462	DatasetC	KitC
DatasetC_sample021	G004	0.412196	DatasetC	KitC
DatasetC_sample021	G005	0.9498	DatasetC	KitC
DatasetC_sample021	G006	0.585752	DatasetC	KitC
DatasetC_sample021	G007	0.532982	DatasetC	KitC
DatasetC_sample021	G008	0.646309	DatasetC	KitC
DatasetC_sample021	G009	0.734588	DatasetC	KitC
DatasetC_sample021	G010	0.772536	DatasetC	KitC
DatasetC_sample021	G011	0.757568	DatasetC	KitC
DatasetC_sample021	G012	0.939909	DatasetC	KitC
DatasetC_sample021	G013	0.825809	DatasetC	KitC
DatasetC_sample021	G014	0.573882	DatasetC	KitC
DatasetC_sample021	G015	0.82506	DatasetC	KitC
DatasetC_sample021	G016	0.838696	DatasetC	KitC
DatasetC_sample021	G017	0.911222	DatasetC	KitC
DatasetC_sample021	G018	0.562317	DatasetC	KitC
DatasetC_sample021	G019	0.534734	DatasetC	KitC
DatasetC_sample021	G020	0.923779	DatasetC	KitC
DatasetC_sample021	G021	0.46454	DatasetC	KitC
DatasetC_sample021	G022	0.861087	DatasetC	KitC
DatasetC_sample021	G023	0.713675	DatasetC	KitC
DatasetC_sample021	G024	0.835906	DatasetC	KitC
DatasetC_sample021	G025	0.765827	DatasetC	KitC
DatasetC_sample021	G026	0.551794	DatasetC	KitC
DatasetC_sample021	G027	0.798559	DatasetC	KitC
DatasetC_sample021	G028	0.665612	DatasetC	KitC
DatasetC_sample021	G029	0.71493	DatasetC	KitC
DatasetC_sample021	G030	0.524388	DatasetC	KitC
DatasetC_sample021	G031	0.554074	DatasetC	KitC
DatasetC_sample021	G032	0.76624	DatasetC	KitC
DatasetC_sample021	G033	0.927748	DatasetC	KitC
DatasetC_sample021	G034	0.84163	DatasetC	KitC
DatasetC_sample021	G035	0.606537	DatasetC	KitC
DatasetC_sample021	G036	0.557587	DatasetC	KitC
DatasetC_sample021	G037	0.430179	DatasetC	KitC
DatasetC_sample021	G038	0.834699	DatasetC	KitC
DatasetC_sample021	G039	0.445892	DatasetC	KitC
DatasetC_sample021	G040	0.861589	DatasetC	KitC
DatasetC_sample021	G041	0.880681	DatasetC	KitC
DatasetC_sample021	G042	0.787472	DatasetC	KitC
DatasetC_sample021	G043	0.948197	DatasetC	KitC
DatasetC_sample021	G044	0.839449	DatasetC	KitC
DatasetC_sample021	G045	0.852732	DatasetC	KitC
DatasetC_sample021	G046	0.840444	DatasetC	KitC
DatasetC_sample021	G047	0.890601	DatasetC	KitC
DatasetC_sample021	G048	0.80121	DatasetC	KitC
DatasetC_sample021	G049	0.959922	DatasetC	KitC
DatasetC_sample021	G050	0.867311	DatasetC	KitC
DatasetC_sample021	G051	0.587747	DatasetC	KitC
DatasetC_sample021	G052	0.369353	DatasetC	KitC
DatasetC_sample021	G053	0.465907	DatasetC	KitC
DatasetC_sample021	G054	0.449338	DatasetC	KitC
DatasetC_sample021	G055	0.519301	DatasetC	KitC
DatasetC_sample021	G056	0.663243	DatasetC	KitC
DatasetC_sample021	G057	0.57601	DatasetC	KitC
DatasetC_sample021	G058	0.719234	DatasetC	KitC
DatasetC_sample021	G059	0.975576	DatasetC	KitC
DatasetC_sample021	G060	0.704949	DatasetC	KitC
DatasetC_sample021	G061	0.425724	DatasetC	KitC
DatasetC_sample021	G062	0.491301	DatasetC	KitC
DatasetC_sample021	G063	0.725118	DatasetC	KitC
DatasetC_sample021	G064	0.41306	DatasetC	KitC
DatasetC_sample021	G065	0.58293	DatasetC	KitC
DatasetC_sample021	G066	0.521198	DatasetC	KitC
DatasetC_sample021	G067	0.630476	DatasetC	KitC
DatasetC_sample021	G068	0.204191	DatasetC	KitC
DatasetC_sample021	G069	0.530436	DatasetC	KitC
DatasetC_sample021	G070	0.754792	DatasetC	KitC
DatasetC_sample021	G071	0.525383	DatasetC	KitC
DatasetC_sample021	G072	0.630555	DatasetC	KitC
DatasetC_sample021	G073	0.468536	DatasetC	KitC
DatasetC_sample021	G074	0.66734	DatasetC	KitC
DatasetC_sample021	G075	0.324833	DatasetC	KitC
DatasetC_sample021	G076	0.169014	DatasetC	KitC
DatasetC_sample021	G077	0.556412	DatasetC	KitC
DatasetC_sample021	G078	0.607565	DatasetC	KitC
DatasetC_sample021	G079	0.423134	DatasetC	KitC
DatasetC_sample021	G080	0.507005	DatasetC	KitC
DatasetC_sample021	G081	0.726688	DatasetC	KitC
DatasetC_sample021	G082	0.312935	DatasetC	KitC
DatasetC_sample021	G083	0.480504	DatasetC	KitC
DatasetC_sample021	G084	0.834533	DatasetC	KitC
DatasetC_sample021	G085	0.730661	DatasetC	KitC
DatasetC_sample021	G086	0.313743	DatasetC	KitC
DatasetC_sample021	G087	0.416225	DatasetC	KitC
DatasetC_sample021	G088	0.922173	DatasetC	KitC
DatasetC_sample021	G089	0.821714	DatasetC	KitC
DatasetC_sample021	G090	0.818093	DatasetC	KitC
DatasetC_sample021	G091	0.280081	DatasetC	KitC
DatasetC_sample021	G092	0.342214	DatasetC	KitC
DatasetC_sample021	G093	0.634967	DatasetC	KitC
DatasetC_sample021	G094	0.869959	DatasetC	KitC
DatasetC_sample021	G095	0.592857	DatasetC	KitC
DatasetC_sample021	G096	0.728471	DatasetC	KitC
DatasetC_sample021	G097	0.404017	DatasetC	KitC
DatasetC_sample021	G098	0.828977	DatasetC	KitC
DatasetC_sample021	G099	0.402088	DatasetC	KitC
DatasetC_sample021	G100	0.56852	DatasetC	KitC
DatasetC_sample021	G101	0.198983	DatasetC	KitC
DatasetC_sample021	G102	0.82731	DatasetC	KitC
DatasetC_sample021	G104	0.664217	DatasetC	KitC
DatasetC_sample021	G105	0.515031	DatasetC	KitC
DatasetC_sample021	G106	0.586888	DatasetC	KitC
DatasetC_sample021	G107	0.617916	DatasetC	KitC
DatasetC_sample021	G108	0.488747	DatasetC	KitC
DatasetC_sample021	G109	0.802172	DatasetC	KitC
DatasetC_sample021	G110	0.362637	DatasetC	KitC
DatasetC_sample021	G141	0.575874	DatasetC	KitC
DatasetC_sample021	G142	0.248428	DatasetC	KitC
DatasetC_sample021	G143	0.287306	DatasetC	KitC
DatasetC_sample021	G144	0.234714	DatasetC	KitC
DatasetC_sample021	G146	0.708336	DatasetC	KitC
DatasetC_sample021	G149	0.458601	DatasetC	KitC
DatasetC_sample021	G150	0.127353	DatasetC	KitC
DatasetC_sample021	G151	0.658411	DatasetC	KitC
DatasetC_sample021	G152	0.131535	DatasetC	KitC
DatasetC_sample021	G154	0.151106	DatasetC	KitC
DatasetC_sample021	G156	0.488828	DatasetC	KitC
DatasetC_sample021	G159	0.237851	DatasetC	KitC
DatasetC_sample021	G161	0.722811	DatasetC	KitC
DatasetC_sample021	G162	0.662359	DatasetC	KitC
DatasetC_sample021	G163	0.26566	DatasetC	KitC
DatasetC_sample021	G165	0.441426	DatasetC	KitC
DatasetC_sample021	G166	0.481698	DatasetC	KitC
DatasetC_sample021	G167	0.472128	DatasetC	KitC
DatasetC_sample021	G168	0.278362	DatasetC	KitC
DatasetC_sample021	G169	0.547163	DatasetC	KitC
DatasetC_sample021	G170	0.670341	DatasetC	KitC
DatasetC_sample021	G173	0.237054	DatasetC	KitC
DatasetC_sample021	G186	0.250308	DatasetC	KitC
DatasetC_sample021	G187	0.184219	DatasetC	KitC
DatasetC_sample021	G196	0.417682	DatasetC	KitC
DatasetC_sample022	G001	0.754396	DatasetC	KitC
DatasetC_sample022	G002	0.558025	DatasetC	KitC
DatasetC_sample022	G003	0.713237	DatasetC	KitC
DatasetC_sample022	G004	0.537165	DatasetC	KitC
DatasetC_sample022	G005	0.540053	DatasetC	KitC
DatasetC_sample022	G006	0.743856	DatasetC	KitC
DatasetC_sample022	G007	0.664845	DatasetC	KitC
DatasetC_sample022	G008	0.626233	DatasetC	KitC
DatasetC_sample022	G009	0.722319	DatasetC	KitC
DatasetC_sample022	G010	0.705047	DatasetC	KitC
DatasetC_sample022	G011	0.748229	DatasetC	KitC
DatasetC_sample022	G012	0.819447	DatasetC	KitC
DatasetC_sample022	G013	0.608462	DatasetC	KitC
DatasetC_sample022	G014	0.905248	DatasetC	KitC
DatasetC_sample022	G015	0.822305	DatasetC	KitC
DatasetC_sample022	G016	0.442269	DatasetC	KitC
DatasetC_sample022	G017	0.531254	DatasetC	KitC
DatasetC_sample022	G018	0.922095	DatasetC	KitC
DatasetC_sample022	G019	0.658619	DatasetC	KitC
DatasetC_sample022	G020	0.609206	DatasetC	KitC
DatasetC_sample022	G021	0.730503	DatasetC	KitC
DatasetC_sample022	G022	0.548536	DatasetC	KitC
DatasetC_sample022	G023	0.277392	DatasetC	KitC
DatasetC_sample022	G024	0.701257	DatasetC	KitC
DatasetC_sample022	G025	0.716001	DatasetC	KitC
DatasetC_sample022	G026	0.705999	DatasetC	KitC
DatasetC_sample022	G027	0.762047	DatasetC	KitC
DatasetC_sample022	G028	0.613209	DatasetC	KitC
DatasetC_sample022	G029	0.812276	DatasetC	KitC
DatasetC_sample022	G030	0.832054	DatasetC	KitC
DatasetC_sample022	G031	0.560566	DatasetC	KitC
DatasetC_sample022	G032	0.597451	DatasetC	KitC
DatasetC_sample022	G033	0.561022	DatasetC	KitC
DatasetC_sample022	G034	0.767594	DatasetC	KitC
DatasetC_sample022	G035	0.592786	DatasetC	KitC
DatasetC_sample022	G036	0.806395	DatasetC	KitC
DatasetC_sample022	G037	0.538028	DatasetC	KitC
DatasetC_sample022	G038	0.771405	DatasetC	KitC
DatasetC_sample022	G039	0.477518	DatasetC	KitC
DatasetC_sample022	G040	0.910971	DatasetC	KitC
DatasetC_sample022	G041	0.678127	DatasetC	KitC
DatasetC_sample022	G042	0.545567	DatasetC	KitC
DatasetC_sample022	G043	0.536486	DatasetC	KitC
DatasetC_sample022	G044	0.603117	DatasetC	KitC
DatasetC_sample022	G045	0.61349	DatasetC	KitC
DatasetC_sample022	G046	0.876437	DatasetC	KitC
DatasetC_sample022	G047	0.779132	DatasetC	KitC
DatasetC_sample022	G048	0.653794	DatasetC	KitC
DatasetC_sample022	G049	0.555622	DatasetC	KitC
DatasetC_sample022	G050	0.688763	DatasetC	KitC
DatasetC_sample022	G051	0.676911	DatasetC	KitC
DatasetC_sample022	G052	0.52441	DatasetC	KitC
DatasetC_sample022	G053	0.852813	DatasetC	KitC
DatasetC_sample022	G054	0.601512	DatasetC	KitC
DatasetC_sample022	G055	0.473655	DatasetC	KitC
DatasetC_sample022	G056	0.634271	DatasetC	KitC
DatasetC_sample022	G057	0.662722	DatasetC	KitC
DatasetC_sample022	G058	0.501107	DatasetC	KitC
DatasetC_sample022	G059	0.731061	DatasetC	KitC
DatasetC_sample022	G060	0.533454	DatasetC	KitC
DatasetC_sample022	G061	0.430205	DatasetC	KitC
DatasetC_sample022	G062	0.848219	DatasetC	KitC
DatasetC_sample022	G063	0.506837	DatasetC	KitC
DatasetC_sample022	G064	0.843967	DatasetC	KitC
DatasetC_sample022	G065	0.356875	DatasetC	KitC
DatasetC_sample022	G066	0.613483	DatasetC	KitC
DatasetC_sample022	G067	0.555463	DatasetC	KitC
DatasetC_sample022	G068	0.128852	DatasetC	KitC
DatasetC_sample022	G069	0.52746	DatasetC	KitC
DatasetC_sample022	G070	0.721685	DatasetC	KitC
DatasetC_sample022	G071	0.474479	DatasetC	KitC
DatasetC_sample022	G072	0.656593	DatasetC	KitC
DatasetC_sample022	G073	0.528759	DatasetC	KitC
DatasetC_sample022	G074	0.354436	DatasetC	KitC
DatasetC_sample022	G075	0.433881	DatasetC	KitC
DatasetC_sample022	G076	0.376525	DatasetC	KitC
DatasetC_sample022	G077	0.691847	DatasetC	KitC
DatasetC_sample022	G078	0.387099	DatasetC	KitC
DatasetC_sample022	G079	0.358459	DatasetC	KitC
DatasetC_sample022	G080	0.721843	DatasetC	KitC
DatasetC_sample022	G081	0.705817	DatasetC	KitC
DatasetC_sample022	G082	0.765005	DatasetC	KitC
DatasetC_sample022	G083	0.718777	DatasetC	KitC
DatasetC_sample022	G084	0.580911	DatasetC	KitC
DatasetC_sample022	G085	0.469689	DatasetC	KitC
DatasetC_sample022	G086	0.580867	DatasetC	KitC
DatasetC_sample022	G087	0.655458	DatasetC	KitC
DatasetC_sample022	G088	0.80811	DatasetC	KitC
DatasetC_sample022	G089	0.233631	DatasetC	KitC
DatasetC_sample022	G090	0.596148	DatasetC	KitC
DatasetC_sample022	G091	0.511716	DatasetC	KitC
DatasetC_sample022	G092	0.85161	DatasetC	KitC
DatasetC_sample022	G093	0.545835	DatasetC	KitC
DatasetC_sample022	G094	0.524046	DatasetC	KitC
DatasetC_sample022	G095	0.660664	DatasetC	KitC
DatasetC_sample022	G096	0.596586	DatasetC	KitC
DatasetC_sample022	G097	0.703151	DatasetC	KitC
DatasetC_sample022	G098	0.809992	DatasetC	KitC
DatasetC_sample022	G099	0.364408	DatasetC	KitC
DatasetC_sample022	G100	0.593734	DatasetC	KitC
DatasetC_sample022	G101	0.739847	DatasetC	KitC
DatasetC_sample022	G102	0.756527	DatasetC	KitC
DatasetC_sample022	G103	0.810079	DatasetC	KitC
DatasetC_sample022	G104	0.583992	DatasetC	KitC
DatasetC_sample022	G105	0.620716	DatasetC	KitC
DatasetC_sample022	G106	0.399395	DatasetC	KitC
DatasetC_sample022	G107	0.387736	DatasetC	KitC
DatasetC_sample022	G108	0.50868	DatasetC	KitC
DatasetC_sample022	G109	0.787603	DatasetC	KitC
DatasetC_sample022	G110	0.550055	DatasetC	KitC
DatasetC_sample022	G143	0.603706	DatasetC	KitC
DatasetC_sample022	G145	0.414533	DatasetC	KitC
DatasetC_sample022	G147	0.529254	DatasetC	KitC
DatasetC_sample022	G148	0.569136	DatasetC	KitC
DatasetC_sample022	G149	0.665201	DatasetC	KitC
DatasetC_sample022	G150	0.180108	DatasetC	KitC
DatasetC_sample022	G151	0.425125	DatasetC	KitC
DatasetC_sample022	G152	0.702244	DatasetC	KitC
DatasetC_sample022	G154	0.55851	DatasetC	KitC
DatasetC_sample022	G155	0.256044	DatasetC	KitC
DatasetC_sample022	G157	0.282759	DatasetC	KitC
DatasetC_sample022	G160	0.627745	DatasetC	KitC
DatasetC_sample022	G162	0.65184	DatasetC	KitC
DatasetC_sample022	G163	0.500665	DatasetC	KitC
DatasetC_sample022	G165	0.081272	DatasetC	KitC
DatasetC_sample022	G166	0.358481	DatasetC	KitC
DatasetC_sample022	G167	0.530945	DatasetC	KitC
DatasetC_sample022	G170	0.495276	DatasetC	KitC
DatasetC_sample022	G174	0.263512	DatasetC	KitC
DatasetC_sample022	G190	0.052313	DatasetC	KitC
DatasetC_sample022	G196	0.123522	DatasetC	KitC
DatasetC_sample022	G197	0.375509	DatasetC	KitC
DatasetC_sample022	G200	0.011458	DatasetC	KitC
DatasetC_sample023	G001	0.678747	DatasetC	KitC
DatasetC_sample023	G002	0.942979	DatasetC	KitC
DatasetC_sample023	G003	0.785273	DatasetC	KitC
DatasetC_sample023	G004	0.781547	DatasetC	KitC
DatasetC_sample023	G005	0.85668	DatasetC	KitC
DatasetC_sample023	G006	0.528067	DatasetC	KitC
DatasetC_sample023	G007	0.395241	DatasetC	KitC
DatasetC_sample023	G008	0.7602	DatasetC	KitC
DatasetC_sample023	G009	0.601459	DatasetC	KitC
DatasetC_sample023	G010	0.639944	DatasetC	KitC
DatasetC_sample023	G011	0.452584	DatasetC	KitC
DatasetC_sample023	G012	0.734643	DatasetC	KitC
DatasetC_sample023	G013	0.71653	DatasetC	KitC
DatasetC_sample023	G014	0.583393	DatasetC	KitC
DatasetC_sample023	G015	0.828299	DatasetC	KitC
DatasetC_sample023	G016	0.764098	DatasetC	KitC
DatasetC_sample023	G017	0.844514	DatasetC	KitC
DatasetC_sample023	G018	0.943532	DatasetC	KitC
DatasetC_sample023	G019	0.934182	DatasetC	KitC
DatasetC_sample023	G020	0.730783	DatasetC	KitC
DatasetC_sample023	G021	0.644753	DatasetC	KitC
DatasetC_sample023	G022	0.86049	DatasetC	KitC
DatasetC_sample023	G023	0.682674	DatasetC	KitC
DatasetC_sample023	G024	0.673073	DatasetC	KitC
DatasetC_sample023	G025	0.806385	DatasetC	KitC
DatasetC_sample023	G026	0.200656	DatasetC	KitC
DatasetC_sample023	G027	0.703088	DatasetC	KitC
DatasetC_sample023	G028	0.944333	DatasetC	KitC
DatasetC_sample023	G029	0.802045	DatasetC	KitC
DatasetC_sample023	G030	0.897733	DatasetC	KitC
DatasetC_sample023	G031	0.579516	DatasetC	KitC
DatasetC_sample023	G032	0.531354	DatasetC	KitC
DatasetC_sample023	G033	0.683468	DatasetC	KitC
DatasetC_sample023	G034	0.773596	DatasetC	KitC
DatasetC_sample023	G035	0.676919	DatasetC	KitC
DatasetC_sample023	G036	0.866099	DatasetC	KitC
DatasetC_sample023	G037	0.736918	DatasetC	KitC
DatasetC_sample023	G038	0.915163	DatasetC	KitC
DatasetC_sample023	G039	0.949326	DatasetC	KitC
DatasetC_sample023	G040	0.343	DatasetC	KitC
DatasetC_sample023	G041	0.86794	DatasetC	KitC
DatasetC_sample023	G042	0.600066	DatasetC	KitC
DatasetC_sample023	G043	0.558408	DatasetC	KitC
DatasetC_sample023	G044	0.516871	DatasetC	KitC
DatasetC_sample023	G045	0.822756	DatasetC	KitC
DatasetC_sample023	G046	0.79514	DatasetC	KitC
DatasetC_sample023	G047	0.782222	DatasetC	KitC
DatasetC_sample023	G048	0.787959	DatasetC	KitC
DatasetC_sample023	G049	0.529017	DatasetC	KitC
DatasetC_sample023	G050	0.526432	DatasetC	KitC
DatasetC_sample023	G051	0.703818	DatasetC	KitC
DatasetC_sample023	G052	0.788067	DatasetC	KitC
DatasetC_sample023	G053	0.328836	DatasetC	KitC
DatasetC_sample023	G054	0.67898	DatasetC	KitC
DatasetC_sample023	G055	0.57579	DatasetC	KitC
DatasetC_sample023	G056	0.483846	DatasetC	KitC
DatasetC_sample023	G057	0.723108	DatasetC	KitC
DatasetC_sample023	G058	0.585072	DatasetC	KitC
DatasetC_sample023	G059	0.685192	DatasetC	KitC
DatasetC_sample023	G060	0.678593	DatasetC	KitC
DatasetC_sample023	G061	0.491041	DatasetC	KitC
DatasetC_sample023	G062	0.327691	DatasetC	KitC
DatasetC_sample023	G063	0.536087	DatasetC	KitC
DatasetC_sample023	G064	0.447239	DatasetC	KitC
DatasetC_sample023	G065	0.748442	DatasetC	KitC
DatasetC_sample023	G066	0.780058	DatasetC	KitC
DatasetC_sample023	G067	0.855641	DatasetC	KitC
DatasetC_sample023	G068	0.749699	DatasetC	KitC
DatasetC_sample023	G069	0.747	DatasetC	KitC
DatasetC_sample023	G070	0.73036	DatasetC	KitC
DatasetC_sample023	G071	0.469211	DatasetC	KitC
DatasetC_sample023	G072	0.714002	DatasetC	KitC
DatasetC_sample023	G073	0.778267	DatasetC	KitC
DatasetC_sample023	G074	0.628495	DatasetC	KitC
DatasetC_sample023	G075	0.714467	DatasetC	KitC
DatasetC_sample023	G076	0.350346	DatasetC	KitC
DatasetC_sample023	G077	0.33431	DatasetC	KitC
DatasetC_sample023	G078	0.480446	DatasetC	KitC
DatasetC_sample023	G079	0.597838	DatasetC	KitC
DatasetC_sample023	G081	0.643431	DatasetC	KitC
DatasetC_sample023	G082	0.765044	DatasetC	KitC
DatasetC_sample023	G083	0.635781	DatasetC	KitC
DatasetC_sample023	G084	0.632724	DatasetC	KitC
DatasetC_sample023	G085	0.774002	DatasetC	KitC
DatasetC_sample023	G086	0.34943	DatasetC	KitC
DatasetC_sample023	G087	0.681865	DatasetC	KitC
DatasetC_sample023	G088	0.768114	DatasetC	KitC
DatasetC_sample023	G089	0.856633	DatasetC	KitC
DatasetC_sample023	G090	0.49495	DatasetC	KitC
DatasetC_sample023	G091	0.668388	DatasetC	KitC
DatasetC_sample023	G092	0.268033	DatasetC	KitC
DatasetC_sample023	G093	0.637763	DatasetC	KitC
DatasetC_sample023	G094	0.637877	DatasetC	KitC
DatasetC_sample023	G095	0.47502	DatasetC	KitC
DatasetC_sample023	G096	0.828229	DatasetC	KitC
DatasetC_sample023	G097	0.732679	DatasetC	KitC
DatasetC_sample023	G098	0.6074	DatasetC	KitC
DatasetC_sample023	G099	0.64061	DatasetC	KitC
DatasetC_sample023	G100	0.62333	DatasetC	KitC
DatasetC_sample023	G101	0.582667	DatasetC	KitC
DatasetC_sample023	G102	0.563962	DatasetC	KitC
DatasetC_sample023	G103	0.264052	DatasetC	KitC
DatasetC_sample023	G104	0.580193	DatasetC	KitC
DatasetC_sample023	G105	0.537253	DatasetC	KitC
DatasetC_sample023	G106	0.368887	DatasetC	KitC
DatasetC_sample023	G107	0.610518	DatasetC	KitC
DatasetC_sample023	G108	0.593789	DatasetC	KitC
DatasetC_sample023	G109	0.525135	DatasetC	KitC
DatasetC_sample023	G110	0.595527	DatasetC	KitC
DatasetC_sample023	G141	0.478596	DatasetC	KitC
DatasetC_sample023	G142	0.468384	DatasetC	KitC
DatasetC_sample023	G143	0.248734	DatasetC	KitC
DatasetC_sample023	G144	0.637302	DatasetC	KitC
DatasetC_sample023	G145	0.38978	DatasetC	KitC
DatasetC_sample023	G146	0.589999	DatasetC	KitC
DatasetC_sample023	G147	0.479382	DatasetC	KitC
DatasetC_sample023	G148	0.070277	DatasetC	KitC
DatasetC_sample023	G149	0.661742	DatasetC	KitC
DatasetC_sample023	G151	0.254357	DatasetC	KitC
DatasetC_sample023	G152	0.239881	DatasetC	KitC
DatasetC_sample023	G154	0.365633	DatasetC	KitC
DatasetC_sample023	G155	0.307653	DatasetC	KitC
DatasetC_sample023	G157	0.205791	DatasetC	KitC
DatasetC_sample023	G158	0.566343	DatasetC	KitC
DatasetC_sample023	G162	0.3253	DatasetC	KitC
DatasetC_sample023	G163	0.440512	DatasetC	KitC
DatasetC_sample023	G164	0.530196	DatasetC	KitC
DatasetC_sample023	G165	0.561974	DatasetC	KitC
DatasetC_sample023	G166	0.536931	DatasetC	KitC
DatasetC_sample023	G167	0.444766	DatasetC	KitC
DatasetC_sample023	G169	0.493711	DatasetC	KitC
DatasetC_sample023	G170	0.806294	DatasetC	KitC
DatasetC_sample023	G175	0.321191	DatasetC	KitC
DatasetC_sample023	G181	0.318484	DatasetC	KitC
DatasetC_sample023	G184	0.422107	DatasetC	KitC
DatasetC_sample023	G196	0.209259	DatasetC	KitC
DatasetC_sample023	G197	0.231208	DatasetC	KitC
DatasetC_sample023	G199	0.211523	DatasetC	KitC
DatasetC_sample024	G001	0.361424	DatasetC	KitC
DatasetC_sample024	G002	0.753838	DatasetC	KitC
DatasetC_sample024	G003	0.80849	DatasetC	KitC
DatasetC_sample024	G004	0.948697	DatasetC	KitC
DatasetC_sample024	G005	0.864446	DatasetC	KitC
DatasetC_sample024	G006	0.740496	DatasetC	KitC
DatasetC_sample024	G007	0.521231	DatasetC	KitC
DatasetC_sample024	G008	0.815244	DatasetC	KitC
DatasetC_sample024	G009	0.674929	DatasetC	KitC
DatasetC_sample024	G010	0.808441	DatasetC	KitC
DatasetC_sample024	G011	0.899463	DatasetC	KitC
DatasetC_sample024	G012	0.911107	DatasetC	KitC
DatasetC_sample024	G013	0.720913	DatasetC	KitC
DatasetC_sample024	G014	0.852332	DatasetC	KitC
DatasetC_sample024	G015	0.842752	DatasetC	KitC
DatasetC_sample024	G016	0.547095	DatasetC	KitC
DatasetC_sample024	G017	0.610682	DatasetC	KitC
DatasetC_sample024	G018	0.870388	DatasetC	KitC
DatasetC_sample024	G019	0.53547	DatasetC	KitC
DatasetC_sample024	G020	0.751259	DatasetC	KitC
DatasetC_sample024	G021	0.388494	DatasetC	KitC
DatasetC_sample024	G022	0.886394	DatasetC	KitC
DatasetC_sample024	G023	0.612754	DatasetC	KitC
DatasetC_sample024	G024	0.615302	DatasetC	KitC
DatasetC_sample024	G025	0.596952	DatasetC	KitC
DatasetC_sample024	G026	0.482354	DatasetC	KitC
DatasetC_sample024	G027	0.689767	DatasetC	KitC
DatasetC_sample024	G028	0.737441	DatasetC	KitC
DatasetC_sample024	G029	0.802522	DatasetC	KitC
DatasetC_sample024	G030	0.812725	DatasetC	KitC
DatasetC_sample024	G031	0.8325	DatasetC	KitC
DatasetC_sample024	G032	0.828465	DatasetC	KitC
DatasetC_sample024	G033	0.815031	DatasetC	KitC
DatasetC_sample024	G034	0.810961	DatasetC	KitC
DatasetC_sample024	G035	0.823523	DatasetC	KitC
DatasetC_sample024	G036	0.933825	DatasetC	KitC
DatasetC_sample024	G037	0.724826	DatasetC	KitC
DatasetC_sample024	G038	0.312819	DatasetC	KitC
DatasetC_sample024	G039	0.394855	DatasetC	KitC
DatasetC_sample024	G040	0.714721	DatasetC	KitC
DatasetC_sample024	G041	0.921732	DatasetC	KitC
DatasetC_sample024	G042	0.374666	DatasetC	KitC
DatasetC_sample024	G043	0.676074	DatasetC	KitC
DatasetC_sample024	G044	0.591994	DatasetC	KitC
DatasetC_sample024	G045	0.855294	DatasetC	KitC
DatasetC_sample024	G046	0.585211	DatasetC	KitC
DatasetC_sample024	G047	0.647392	DatasetC	KitC
DatasetC_sample024	G048	0.63535	DatasetC	KitC
DatasetC_sample024	G049	0.568623	DatasetC	KitC
DatasetC_sample024	G050	0.929262	DatasetC	KitC
DatasetC_sample024	G051	0.612867	DatasetC	KitC
DatasetC_sample024	G052	0.610278	DatasetC	KitC
DatasetC_sample024	G053	0.617011	DatasetC	KitC
DatasetC_sample024	G054	0.287301	DatasetC	KitC
DatasetC_sample024	G055	0.712303	DatasetC	KitC
DatasetC_sample024	G056	0.576096	DatasetC	KitC
DatasetC_sample024	G057	0.874762	DatasetC	KitC
DatasetC_sample024	G058	0.143595	DatasetC	KitC
DatasetC_sample024	G059	0.805377	DatasetC	KitC
DatasetC_sample024	G060	0.833103	DatasetC	KitC
DatasetC_sample024	G061	0.677352	DatasetC	KitC
DatasetC_sample024	G062	0.39647	DatasetC	KitC
DatasetC_sample024	G063	0.450774	DatasetC	KitC
DatasetC_sample024	G064	0.505898	DatasetC	KitC
DatasetC_sample024	G065	0.361089	DatasetC	KitC
DatasetC_sample024	G066	0.694346	DatasetC	KitC
DatasetC_sample024	G067	0.369196	DatasetC	KitC
DatasetC_sample024	G068	0.872371	DatasetC	KitC
DatasetC_sample024	G069	0.759747	DatasetC	KitC
DatasetC_sample024	G070	0.544046	DatasetC	KitC
DatasetC_sample024	G071	0.813334	DatasetC	KitC
DatasetC_sample024	G072	0.729175	DatasetC	KitC
DatasetC_sample024	G073	0.826772	DatasetC	KitC
DatasetC_sample024	G074	0.411782	DatasetC	KitC
DatasetC_sample024	G075	0.665017	DatasetC	KitC
DatasetC_sample024	G076	0.615525	DatasetC	KitC
DatasetC_sample024	G077	0.504643	DatasetC	KitC
DatasetC_sample024	G078	0.754822	DatasetC	KitC
DatasetC_sample024	G079	0.555928	DatasetC	KitC
DatasetC_sample024	G080	0.328246	DatasetC	KitC
DatasetC_sample024	G081	0.853177	DatasetC	KitC
DatasetC_sample024	G082	0.350673	DatasetC	KitC
DatasetC_sample024	G083	0.704174	DatasetC	KitC
DatasetC_sample024	G084	0.754735	DatasetC	KitC
DatasetC_sample024	G085	0.150006	DatasetC	KitC
DatasetC_sample024	G086	0.471612	DatasetC	KitC
DatasetC_sample024	G087	0.481102	DatasetC	KitC
DatasetC_sample024	G088	0.812821	DatasetC	KitC
DatasetC_sample024	G089	0.738736	DatasetC	KitC
DatasetC_sample024	G090	0.719508	DatasetC	KitC
DatasetC_sample024	G091	0.684557	DatasetC	KitC
DatasetC_sample024	G092	0.844891	DatasetC	KitC
DatasetC_sample024	G093	0.343374	DatasetC	KitC
DatasetC_sample024	G094	0.731937	DatasetC	KitC
DatasetC_sample024	G095	0.692293	DatasetC	KitC
DatasetC_sample024	G096	0.645751	DatasetC	KitC
DatasetC_sample024	G097	0.326757	DatasetC	KitC
DatasetC_sample024	G098	0.573566	DatasetC	KitC
DatasetC_sample024	G099	0.501611	DatasetC	KitC
DatasetC_sample024	G100	0.524159	DatasetC	KitC
DatasetC_sample024	G101	0.330926	DatasetC	KitC
DatasetC_sample024	G102	0.429471	DatasetC	KitC
DatasetC_sample024	G103	0.553856	DatasetC	KitC
DatasetC_sample024	G104	0.3795	DatasetC	KitC
DatasetC_sample024	G105	0.429378	DatasetC	KitC
DatasetC_sample024	G106	0.694713	DatasetC	KitC
DatasetC_sample024	G107	0.507519	DatasetC	KitC
DatasetC_sample024	G108	0.608393	DatasetC	KitC
DatasetC_sample024	G109	0.358829	DatasetC	KitC
DatasetC_sample024	G110	0.569245	DatasetC	KitC
DatasetC_sample024	G141	0.218665	DatasetC	KitC
DatasetC_sample024	G143	0.142991	DatasetC	KitC
DatasetC_sample024	G144	0.181391	DatasetC	KitC
DatasetC_sample024	G146	0.754152	DatasetC	KitC
DatasetC_sample024	G147	0.333034	DatasetC	KitC
DatasetC_sample024	G148	0.665323	DatasetC	KitC
DatasetC_sample024	G149	0.663709	DatasetC	KitC
DatasetC_sample024	G150	0.637837	DatasetC	KitC
DatasetC_sample024	G156	0.334753	DatasetC	KitC
DatasetC_sample024	G157	0.398798	DatasetC	KitC
DatasetC_sample024	G158	0.353785	DatasetC	KitC
DatasetC_sample024	G161	0.301208	DatasetC	KitC
DatasetC_sample024	G162	0.720242	DatasetC	KitC
DatasetC_sample024	G163	0.604465	DatasetC	KitC
DatasetC_sample024	G165	0.325868	DatasetC	KitC
DatasetC_sample024	G166	0.247971	DatasetC	KitC
DatasetC_sample024	G167	0.429189	DatasetC	KitC
DatasetC_sample024	G168	0.607672	DatasetC	KitC
DatasetC_sample024	G170	0.4948	DatasetC	KitC
DatasetC_sample024	G173	0.140211	DatasetC	KitC
DatasetC_sample024	G174	0.067853	DatasetC	KitC
DatasetC_sample024	G175	0.233089	DatasetC	KitC
DatasetC_sample024	G179	0.224444	DatasetC	KitC
DatasetC_sample024	G186	0.433287	DatasetC	KitC
DatasetC_sample024	G200	0.337106	DatasetC	KitC
DatasetC_sample025	G001	0.718838	DatasetC	KitC
DatasetC_sample025	G002	0.458375	DatasetC	KitC
DatasetC_sample025	G003	0.47129	DatasetC	KitC
DatasetC_sample025	G004	0.767619	DatasetC	KitC
DatasetC_sample025	G005	0.387107	DatasetC	KitC
DatasetC_sample025	G006	0.645768	DatasetC	KitC
DatasetC_sample025	G007	0.754904	DatasetC	KitC
DatasetC_sample025	G008	0.833793	DatasetC	KitC
DatasetC_sample025	G009	0.871622	DatasetC	KitC
DatasetC_sample025	G010	0.743206	DatasetC	KitC
DatasetC_sample025	G011	0.961818	DatasetC	KitC
DatasetC_sample025	G012	0.631631	DatasetC	KitC
DatasetC_sample025	G013	0.838749	DatasetC	KitC
DatasetC_sample025	G014	0.905496	DatasetC	KitC
DatasetC_sample025	G015	0.872337	DatasetC	KitC
DatasetC_sample025	G016	0.787253	DatasetC	KitC
DatasetC_sample025	G017	0.559611	DatasetC	KitC
DatasetC_sample025	G018	0.858353	DatasetC	KitC
DatasetC_sample025	G019	0.361658	DatasetC	KitC
DatasetC_sample025	G020	0.895511	DatasetC	KitC
DatasetC_sample025	G021	0.686187	DatasetC	KitC
DatasetC_sample025	G022	0.855989	DatasetC	KitC
DatasetC_sample025	G023	0.88173	DatasetC	KitC
DatasetC_sample025	G024	0.60493	DatasetC	KitC
DatasetC_sample025	G025	0.675793	DatasetC	KitC
DatasetC_sample025	G026	0.68238	DatasetC	KitC
DatasetC_sample025	G027	0.373264	DatasetC	KitC
DatasetC_sample025	G028	0.769538	DatasetC	KitC
DatasetC_sample025	G029	0.782908	DatasetC	KitC
DatasetC_sample025	G030	0.735136	DatasetC	KitC
DatasetC_sample025	G031	0.656672	DatasetC	KitC
DatasetC_sample025	G032	0.456474	DatasetC	KitC
DatasetC_sample025	G033	0.970695	DatasetC	KitC
DatasetC_sample025	G034	0.583234	DatasetC	KitC
DatasetC_sample025	G035	0.705956	DatasetC	KitC
DatasetC_sample025	G036	0.660409	DatasetC	KitC
DatasetC_sample025	G037	0.71365	DatasetC	KitC
DatasetC_sample025	G038	0.884696	DatasetC	KitC
DatasetC_sample025	G039	0.739326	DatasetC	KitC
DatasetC_sample025	G040	0.750843	DatasetC	KitC
DatasetC_sample025	G041	0.655288	DatasetC	KitC
DatasetC_sample025	G042	0.483391	DatasetC	KitC
DatasetC_sample025	G043	0.790097	DatasetC	KitC
DatasetC_sample025	G044	0.831932	DatasetC	KitC
DatasetC_sample025	G045	0.440074	DatasetC	KitC
DatasetC_sample025	G046	0.570491	DatasetC	KitC
DatasetC_sample025	G047	0.789313	DatasetC	KitC
DatasetC_sample025	G048	0.864016	DatasetC	KitC
DatasetC_sample025	G049	0.653453	DatasetC	KitC
DatasetC_sample025	G050	0.826669	DatasetC	KitC
DatasetC_sample025	G051	0.265788	DatasetC	KitC
DatasetC_sample025	G052	0.670685	DatasetC	KitC
DatasetC_sample025	G053	0.754341	DatasetC	KitC
DatasetC_sample025	G054	0.783578	DatasetC	KitC
DatasetC_sample025	G055	0.447158	DatasetC	KitC
DatasetC_sample025	G056	0.786885	DatasetC	KitC
DatasetC_sample025	G057	0.795835	DatasetC	KitC
DatasetC_sample025	G058	0.696855	DatasetC	KitC
DatasetC_sample025	G059	0.746645	DatasetC	KitC
DatasetC_sample025	G060	0.281303	DatasetC	KitC
DatasetC_sample025	G061	0.562845	DatasetC	KitC
DatasetC_sample025	G062	0.678466	DatasetC	KitC
DatasetC_sample025	G063	0.55946	DatasetC	KitC
DatasetC_sample025	G064	0.589337	DatasetC	KitC
DatasetC_sample025	G065	0.594018	DatasetC	KitC
DatasetC_sample025	G067	0.553086	DatasetC	KitC
DatasetC_sample025	G068	0.7009	DatasetC	KitC
DatasetC_sample025	G069	0.473971	DatasetC	KitC
DatasetC_sample025	G070	0.368832	DatasetC	KitC
DatasetC_sample025	G071	0.469149	DatasetC	KitC
DatasetC_sample025	G072	0.43327	DatasetC	KitC
DatasetC_sample025	G073	0.398722	DatasetC	KitC
DatasetC_sample025	G074	0.531921	DatasetC	KitC
DatasetC_sample025	G075	0.708613	DatasetC	KitC
DatasetC_sample025	G076	0.537318	DatasetC	KitC
DatasetC_sample025	G077	0.436219	DatasetC	KitC
DatasetC_sample025	G078	0.394713	DatasetC	KitC
DatasetC_sample025	G079	0.478416	DatasetC	KitC
DatasetC_sample025	G080	0.539394	DatasetC	KitC
DatasetC_sample025	G081	0.318012	DatasetC	KitC
DatasetC_sample025	G082	0.443928	DatasetC	KitC
DatasetC_sample025	G083	0.781648	DatasetC	KitC
DatasetC_sample025	G084	0.538418	DatasetC	KitC
DatasetC_sample025	G085	0.487683	DatasetC	KitC
DatasetC_sample025	G086	0.771799	DatasetC	KitC
DatasetC_sample025	G087	0.67352	DatasetC	KitC
DatasetC_sample025	G088	0.667977	DatasetC	KitC
DatasetC_sample025	G089	0.495892	DatasetC	KitC
DatasetC_sample025	G090	0.807226	DatasetC	KitC
DatasetC_sample025	G091	0.361708	DatasetC	KitC
DatasetC_sample025	G092	0.420861	DatasetC	KitC
DatasetC_sample025	G093	0.747453	DatasetC	KitC
DatasetC_sample025	G094	0.642664	DatasetC	KitC
DatasetC_sample025	G095	0.8251	DatasetC	KitC
DatasetC_sample025	G096	0.41099	DatasetC	KitC
DatasetC_sample025	G097	0.669642	DatasetC	KitC
DatasetC_sample025	G098	0.791185	DatasetC	KitC
DatasetC_sample025	G099	0.799102	DatasetC	KitC
DatasetC_sample025	G100	0.471404	DatasetC	KitC
DatasetC_sample025	G101	0.325973	DatasetC	KitC
DatasetC_sample025	G102	0.528668	DatasetC	KitC
DatasetC_sample025	G103	0.542828	DatasetC	KitC
DatasetC_sample025	G104	0.762293	DatasetC	KitC
DatasetC_sample025	G105	0.234542	DatasetC	KitC
DatasetC_sample025	G106	0.754001	DatasetC	KitC
DatasetC_sample025	G107	0.549823	DatasetC	KitC
DatasetC_sample025	G108	0.474846	DatasetC	KitC
DatasetC_sample025	G109	0.329804	DatasetC	KitC
DatasetC_sample025	G110	0.446388	DatasetC	KitC
DatasetC_sample025	G141	0.502689	DatasetC	KitC
DatasetC_sample025	G142	0.438255	DatasetC	KitC
DatasetC_sample025	G143	0.232285	DatasetC	KitC
DatasetC_sample025	G144	0.294926	DatasetC	KitC
DatasetC_sample025	G148	0.39386	DatasetC	KitC
DatasetC_sample025	G149	0.287563	DatasetC	KitC
DatasetC_sample025	G152	0.454193	DatasetC	KitC
DatasetC_sample025	G154	0.217835	DatasetC	KitC
DatasetC_sample025	G156	0.555718	DatasetC	KitC
DatasetC_sample025	G159	0.675384	DatasetC	KitC
DatasetC_sample025	G161	0.242734	DatasetC	KitC
DatasetC_sample025	G163	0.198612	DatasetC	KitC
DatasetC_sample025	G166	0.157027	DatasetC	KitC
DatasetC_sample025	G167	0.605972	DatasetC	KitC
DatasetC_sample025	G170	0.151625	DatasetC	KitC
DatasetC_sample025	G171	0.316162	DatasetC	KitC
DatasetC_sample025	G173	0.651964	DatasetC	KitC
DatasetC_sample025	G175	0.306281	DatasetC	KitC
DatasetC_sample025	G177	0.106189	DatasetC	KitC
DatasetC_sample025	G178	0.248678	DatasetC	KitC
DatasetC_sample025	G180	0.151013	DatasetC	KitC
DatasetC_sample025	G184	0.560979	DatasetC	KitC
DatasetC_sample025	G187	0.144877	DatasetC	KitC
DatasetC_sample025	G189	0.124237	DatasetC	KitC
DatasetC_sample025	G196	0.279241	DatasetC	KitC
DatasetC_sample025	G199	0.06313	DatasetC	KitC
DatasetC_sample026	G001	0.860598	DatasetC	KitC
DatasetC_sample026	G002	0.98265	DatasetC	KitC
DatasetC_sample026	G003	0.728933	DatasetC	KitC
DatasetC_sample026	G004	0.549887	DatasetC	KitC
DatasetC_sample026	G005	0.598632	DatasetC	KitC
DatasetC_sample026	G006	0.470787	DatasetC	KitC
DatasetC_sample026	G007	0.725603	DatasetC	KitC
DatasetC_sample026	G008	0.428955	DatasetC	KitC
DatasetC_sample026	G009	0.731521	DatasetC	KitC
DatasetC_sample026	G010	0.403317	DatasetC	KitC
DatasetC_sample026	G011	0.881705	DatasetC	KitC
DatasetC_sample026	G012	0.843161	DatasetC	KitC
DatasetC_sample026	G013	0.807329	DatasetC	KitC
DatasetC_sample026	G014	0.621034	DatasetC	KitC
DatasetC_sample026	G015	0.782152	DatasetC	KitC
DatasetC_sample026	G016	0.739645	DatasetC	KitC
DatasetC_sample026	G017	0.626819	DatasetC	KitC
DatasetC_sample026	G018	0.694635	DatasetC	KitC
DatasetC_sample026	G019	0.681654	DatasetC	KitC
DatasetC_sample026	G020	0.695352	DatasetC	KitC
DatasetC_sample026	G021	0.71701	DatasetC	KitC
DatasetC_sample026	G022	0.886839	DatasetC	KitC
DatasetC_sample026	G023	0.502847	DatasetC	KitC
DatasetC_sample026	G024	0.61713	DatasetC	KitC
DatasetC_sample026	G025	0.567655	DatasetC	KitC
DatasetC_sample026	G026	0.875225	DatasetC	KitC
DatasetC_sample026	G027	0.637617	DatasetC	KitC
DatasetC_sample026	G028	0.551579	DatasetC	KitC
DatasetC_sample026	G029	0.920612	DatasetC	KitC
DatasetC_sample026	G030	0.821341	DatasetC	KitC
DatasetC_sample026	G031	0.856699	DatasetC	KitC
DatasetC_sample026	G032	0.829192	DatasetC	KitC
DatasetC_sample026	G033	0.743585	DatasetC	KitC
DatasetC_sample026	G034	0.742947	DatasetC	KitC
DatasetC_sample026	G035	0.703841	DatasetC	KitC
DatasetC_sample026	G036	0.633362	DatasetC	KitC
DatasetC_sample026	G037	0.83518	DatasetC	KitC
DatasetC_sample026	G038	0.715564	DatasetC	KitC
DatasetC_sample026	G039	0.794959	DatasetC	KitC
DatasetC_sample026	G040	0.807546	DatasetC	KitC
DatasetC_sample026	G041	0.868294	DatasetC	KitC
DatasetC_sample026	G042	0.600237	DatasetC	KitC
DatasetC_sample026	G043	0.743292	DatasetC	KitC
DatasetC_sample026	G044	0.730487	DatasetC	KitC
DatasetC_sample026	G045	0.530974	DatasetC	KitC
DatasetC_sample026	G046	0.867718	DatasetC	KitC
DatasetC_sample026	G047	0.823908	DatasetC	KitC
DatasetC_sample026	G048	0.759429	DatasetC	KitC
DatasetC_sample026	G049	0.869248	DatasetC	KitC
DatasetC_sample026	G050	0.576876	DatasetC	KitC
DatasetC_sample026	G051	0.79743	DatasetC	KitC
DatasetC_sample026	G052	0.77422	DatasetC	KitC
DatasetC_sample026	G053	0.389609	DatasetC	KitC
DatasetC_sample026	G054	0.433021	DatasetC	KitC
DatasetC_sample026	G055	0.295503	DatasetC	KitC
DatasetC_sample026	G056	0.535816	DatasetC	KitC
DatasetC_sample026	G057	0.644046	DatasetC	KitC
DatasetC_sample026	G058	0.550734	DatasetC	KitC
DatasetC_sample026	G059	0.448773	DatasetC	KitC
DatasetC_sample026	G060	0.570128	DatasetC	KitC
DatasetC_sample026	G061	0.317987	DatasetC	KitC
DatasetC_sample026	G062	0.438103	DatasetC	KitC
DatasetC_sample026	G063	0.577384	DatasetC	KitC
DatasetC_sample026	G064	0.633329	DatasetC	KitC
DatasetC_sample026	G065	0.575293	DatasetC	KitC
DatasetC_sample026	G066	0.591091	DatasetC	KitC
DatasetC_sample026	G067	0.857392	DatasetC	KitC
DatasetC_sample026	G068	0.907624	DatasetC	KitC
DatasetC_sample026	G069	0.375532	DatasetC	KitC
DatasetC_sample026	G070	0.775729	DatasetC	KitC
DatasetC_sample026	G071	0.444226	DatasetC	KitC
DatasetC_sample026	G072	0.744729	DatasetC	KitC
DatasetC_sample026	G073	0.724464	DatasetC	KitC
DatasetC_sample026	G074	0.574219	DatasetC	KitC
DatasetC_sample026	G075	0.603437	DatasetC	KitC
DatasetC_sample026	G076	0.564707	DatasetC	KitC
DatasetC_sample026	G077	0.445656	DatasetC	KitC
DatasetC_sample026	G078	0.385492	DatasetC	KitC
DatasetC_sample026	G079	0.4916	DatasetC	KitC
DatasetC_sample026	G080	0.811789	DatasetC	KitC
DatasetC_sample026	G081	0.574528	DatasetC	KitC
DatasetC_sample026	G083	0.612942	DatasetC	KitC
DatasetC_sample026	G084	0.258897	DatasetC	KitC
DatasetC_sample026	G085	0.344978	DatasetC	KitC
DatasetC_sample026	G086	0.641978	DatasetC	KitC
DatasetC_sample026	G087	0.815197	DatasetC	KitC
DatasetC_sample026	G088	0.415422	DatasetC	KitC
DatasetC_sample026	G090	0.829301	DatasetC	KitC
DatasetC_sample026	G091	0.931444	DatasetC	KitC
DatasetC_sample026	G092	0.620085	DatasetC	KitC
DatasetC_sample026	G093	0.643619	DatasetC	KitC
DatasetC_sample026	G094	0.800138	DatasetC	KitC
DatasetC_sample026	G095	0.775571	DatasetC	KitC
DatasetC_sample026	G096	0.54678	DatasetC	KitC
DatasetC_sample026	G097	0.751539	DatasetC	KitC
DatasetC_sample026	G098	0.60669	DatasetC	KitC
DatasetC_sample026	G099	0.628894	DatasetC	KitC
DatasetC_sample026	G100	0.587325	DatasetC	KitC
DatasetC_sample026	G101	0.654839	DatasetC	KitC
DatasetC_sample026	G102	0.589708	DatasetC	KitC
DatasetC_sample026	G103	0.592712	DatasetC	KitC
DatasetC_sample026	G104	0.688513	DatasetC	KitC
DatasetC_sample026	G105	0.843351	DatasetC	KitC
DatasetC_sample026	G106	0.770013	DatasetC	KitC
DatasetC_sample026	G107	0.89106	DatasetC	KitC
DatasetC_sample026	G108	0.39343	DatasetC	KitC
DatasetC_sample026	G109	0.674962	DatasetC	KitC
DatasetC_sample026	G110	0.805707	DatasetC	KitC
DatasetC_sample026	G141	0.414378	DatasetC	KitC
DatasetC_sample026	G142	0.421709	DatasetC	KitC
DatasetC_sample026	G145	0.623882	DatasetC	KitC
DatasetC_sample026	G146	0.184213	DatasetC	KitC
DatasetC_sample026	G147	0.190643	DatasetC	KitC
DatasetC_sample026	G149	0.130701	DatasetC	KitC
DatasetC_sample026	G151	0.582084	DatasetC	KitC
DatasetC_sample026	G152	0.494092	DatasetC	KitC
DatasetC_sample026	G153	0.205831	DatasetC	KitC
DatasetC_sample026	G154	0.115044	DatasetC	KitC
DatasetC_sample026	G156	0.336861	DatasetC	KitC
DatasetC_sample026	G157	0.614649	DatasetC	KitC
DatasetC_sample026	G158	0.441868	DatasetC	KitC
DatasetC_sample026	G161	0.520593	DatasetC	KitC
DatasetC_sample026	G162	0.711616	DatasetC	KitC
DatasetC_sample026	G163	0.404076	DatasetC	KitC
DatasetC_sample026	G165	0.374942	DatasetC	KitC
DatasetC_sample026	G166	0.394056	DatasetC	KitC
DatasetC_sample026	G167	0.315731	DatasetC	KitC
DatasetC_sample026	G168	0.097905	DatasetC	KitC
DatasetC_sample026	G169	0.485874	DatasetC	KitC
DatasetC_sample026	G170	0.313859	DatasetC	KitC
DatasetC_sample026	G174	0.52727	DatasetC	KitC
DatasetC_sample026	G188	0.228717	DatasetC	KitC
DatasetC_sample026	G189	0.22169	DatasetC	KitC
DatasetC_sample026	G200	0.40027	DatasetC	KitC
DatasetC_sample027	G001	0.473653	DatasetC	KitC
DatasetC_sample027	G002	0.613668	DatasetC	KitC
DatasetC_sample027	G003	0.783371	DatasetC	KitC
DatasetC_sample027	G004	0.869081	DatasetC	KitC
DatasetC_sample027	G005	0.734214	DatasetC	KitC
DatasetC_sample027	G006	0.527916	DatasetC	KitC
DatasetC_sample027	G007	0.834225	DatasetC	KitC
DatasetC_sample027	G008	0.335568	DatasetC	KitC
DatasetC_sample027	G009	0.64113	DatasetC	KitC
DatasetC_sample027	G010	0.300903	DatasetC	KitC
DatasetC_sample027	G011	0.397677	DatasetC	KitC
DatasetC_sample027	G012	0.36442	DatasetC	KitC
DatasetC_sample027	G013	0.802317	DatasetC	KitC
DatasetC_sample027	G014	0.732268	DatasetC	KitC
DatasetC_sample027	G015	0.887683	DatasetC	KitC
DatasetC_sample027	G016	0.863042	DatasetC	KitC
DatasetC_sample027	G017	0.965559	DatasetC	KitC
DatasetC_sample027	G018	0.911331	DatasetC	KitC
DatasetC_sample027	G019	0.537369	DatasetC	KitC
DatasetC_sample027	G020	0.768954	DatasetC	KitC
DatasetC_sample027	G021	0.898093	DatasetC	KitC
DatasetC_sample027	G022	0.86844	DatasetC	KitC
DatasetC_sample027	G023	0.865266	DatasetC	KitC
DatasetC_sample027	G024	0.569112	DatasetC	KitC
DatasetC_sample027	G025	0.781357	DatasetC	KitC
DatasetC_sample027	G026	0.900458	DatasetC	KitC
DatasetC_sample027	G027	0.676109	DatasetC	KitC
DatasetC_sample027	G028	0.877822	DatasetC	KitC
DatasetC_sample027	G029	0.891757	DatasetC	KitC
DatasetC_sample027	G030	0.65701	DatasetC	KitC
DatasetC_sample027	G031	0.510202	DatasetC	KitC
DatasetC_sample027	G032	0.932003	DatasetC	KitC
DatasetC_sample027	G033	0.457356	DatasetC	KitC
DatasetC_sample027	G034	0.824564	DatasetC	KitC
DatasetC_sample027	G035	0.459142	DatasetC	KitC
DatasetC_sample027	G036	0.657729	DatasetC	KitC
DatasetC_sample027	G037	0.392728	DatasetC	KitC
DatasetC_sample027	G038	0.583895	DatasetC	KitC
DatasetC_sample027	G039	0.908542	DatasetC	KitC
DatasetC_sample027	G040	0.783419	DatasetC	KitC
DatasetC_sample027	G041	0.833304	DatasetC	KitC
DatasetC_sample027	G042	0.424967	DatasetC	KitC
DatasetC_sample027	G043	0.684673	DatasetC	KitC
DatasetC_sample027	G044	0.614223	DatasetC	KitC
DatasetC_sample027	G045	0.852164	DatasetC	KitC
DatasetC_sample027	G046	0.672225	DatasetC	KitC
DatasetC_sample027	G047	0.66074	DatasetC	KitC
DatasetC_sample027	G048	0.537647	DatasetC	KitC
DatasetC_sample027	G049	0.907113	DatasetC	KitC
DatasetC_sample027	G050	0.747915	DatasetC	KitC
DatasetC_sample027	G051	0.33574	DatasetC	KitC
DatasetC_sample027	G052	0.458687	DatasetC	KitC
DatasetC_sample027	G053	0.556844	DatasetC	KitC
DatasetC_sample027	G054	0.6076	DatasetC	KitC
DatasetC_sample027	G055	0.279469	DatasetC	KitC
DatasetC_sample027	G056	0.288202	DatasetC	KitC
DatasetC_sample027	G057	0.59684	DatasetC	KitC
DatasetC_sample027	G058	0.752448	DatasetC	KitC
DatasetC_sample027	G059	0.59072	DatasetC	KitC
DatasetC_sample027	G060	0.501424	DatasetC	KitC
DatasetC_sample027	G061	0.927585	DatasetC	KitC
DatasetC_sample027	G063	0.369449	DatasetC	KitC
DatasetC_sample027	G064	0.932003	DatasetC	KitC
DatasetC_sample027	G065	0.471676	DatasetC	KitC
DatasetC_sample027	G066	0.595191	DatasetC	KitC
DatasetC_sample027	G067	0.613993	DatasetC	KitC
DatasetC_sample027	G068	0.591546	DatasetC	KitC
DatasetC_sample027	G069	0.447703	DatasetC	KitC
DatasetC_sample027	G070	0.365801	DatasetC	KitC
DatasetC_sample027	G071	0.471041	DatasetC	KitC
DatasetC_sample027	G072	0.847163	DatasetC	KitC
DatasetC_sample027	G073	0.512183	DatasetC	KitC
DatasetC_sample027	G074	0.553338	DatasetC	KitC
DatasetC_sample027	G075	0.814395	DatasetC	KitC
DatasetC_sample027	G076	0.580632	DatasetC	KitC
DatasetC_sample027	G077	0.733757	DatasetC	KitC
DatasetC_sample027	G078	0.454255	DatasetC	KitC
DatasetC_sample027	G079	0.428466	DatasetC	KitC
DatasetC_sample027	G080	0.463283	DatasetC	KitC
DatasetC_sample027	G081	0.406871	DatasetC	KitC
DatasetC_sample027	G082	0.606557	DatasetC	KitC
DatasetC_sample027	G083	0.593479	DatasetC	KitC
DatasetC_sample027	G084	0.73744	DatasetC	KitC
DatasetC_sample027	G085	0.526006	DatasetC	KitC
DatasetC_sample027	G086	0.809654	DatasetC	KitC
DatasetC_sample027	G087	0.674402	DatasetC	KitC
DatasetC_sample027	G088	0.742419	DatasetC	KitC
DatasetC_sample027	G089	0.375041	DatasetC	KitC
DatasetC_sample027	G090	0.633868	DatasetC	KitC
DatasetC_sample027	G091	0.334234	DatasetC	KitC
DatasetC_sample027	G092	0.677736	DatasetC	KitC
DatasetC_sample027	G093	0.609368	DatasetC	KitC
DatasetC_sample027	G094	0.383282	DatasetC	KitC
DatasetC_sample027	G095	0.630509	DatasetC	KitC
DatasetC_sample027	G096	0.803316	DatasetC	KitC
DatasetC_sample027	G097	0.732879	DatasetC	KitC
DatasetC_sample027	G098	0.751865	DatasetC	KitC
DatasetC_sample027	G099	0.925684	DatasetC	KitC
DatasetC_sample027	G100	0.750992	DatasetC	KitC
DatasetC_sample027	G101	0.6582	DatasetC	KitC
DatasetC_sample027	G102	0.590501	DatasetC	KitC
DatasetC_sample027	G103	0.583933	DatasetC	KitC
DatasetC_sample027	G104	0.840963	DatasetC	KitC
DatasetC_sample027	G105	0.422686	DatasetC	KitC
DatasetC_sample027	G106	0.491698	DatasetC	KitC
DatasetC_sample027	G107	0.653838	DatasetC	KitC
DatasetC_sample027	G108	0.722403	DatasetC	KitC
DatasetC_sample027	G109	0.474932	DatasetC	KitC
DatasetC_sample027	G110	0.668761	DatasetC	KitC
DatasetC_sample027	G141	0.319357	DatasetC	KitC
DatasetC_sample027	G142	0.574604	DatasetC	KitC
DatasetC_sample027	G144	0.457918	DatasetC	KitC
DatasetC_sample027	G145	0.701562	DatasetC	KitC
DatasetC_sample027	G146	0.282058	DatasetC	KitC
DatasetC_sample027	G147	0.400029	DatasetC	KitC
DatasetC_sample027	G151	0.327863	DatasetC	KitC
DatasetC_sample027	G152	0.266857	DatasetC	KitC
DatasetC_sample027	G153	0.314447	DatasetC	KitC
DatasetC_sample027	G155	0.23357	DatasetC	KitC
DatasetC_sample027	G156	0.275111	DatasetC	KitC
DatasetC_sample027	G157	0.575437	DatasetC	KitC
DatasetC_sample027	G158	0.442652	DatasetC	KitC
DatasetC_sample027	G159	0.45336	DatasetC	KitC
DatasetC_sample027	G160	0.215092	DatasetC	KitC
DatasetC_sample027	G161	0.244412	DatasetC	KitC
DatasetC_sample027	G162	0.165196	DatasetC	KitC
DatasetC_sample027	G163	0.238271	DatasetC	KitC
DatasetC_sample027	G164	0.718075	DatasetC	KitC
DatasetC_sample027	G165	0.327606	DatasetC	KitC
DatasetC_sample027	G166	0.499969	DatasetC	KitC
DatasetC_sample027	G167	0.334464	DatasetC	KitC
DatasetC_sample027	G169	0.662624	DatasetC	KitC
DatasetC_sample027	G173	0.083972	DatasetC	KitC
DatasetC_sample027	G183	0.183445	DatasetC	KitC
DatasetC_sample027	G186	0.332372	DatasetC	KitC
DatasetC_sample027	G188	0.076107	DatasetC	KitC
DatasetC_sample027	G192	0.29799	DatasetC	KitC
DatasetC_sample027	G194	0.204213	DatasetC	KitC
DatasetC_sample027	G197	0.572891	DatasetC	KitC
DatasetC_sample027	G200	0.534774	DatasetC	KitC
DatasetC_sample028	G001	0.662057	DatasetC	KitC
DatasetC_sample028	G002	0.795627	DatasetC	KitC
DatasetC_sample028	G003	0.402181	DatasetC	KitC
DatasetC_sample028	G004	0.909306	DatasetC	KitC
DatasetC_sample028	G005	0.812743	DatasetC	KitC
DatasetC_sample028	G006	0.806539	DatasetC	KitC
DatasetC_sample028	G007	0.807641	DatasetC	KitC
DatasetC_sample028	G008	0.886896	DatasetC	KitC
DatasetC_sample028	G009	0.587568	DatasetC	KitC
DatasetC_sample028	G010	0.889839	DatasetC	KitC
DatasetC_sample028	G011	0.820573	DatasetC	KitC
DatasetC_sample028	G012	0.855734	DatasetC	KitC
DatasetC_sample028	G013	0.649972	DatasetC	KitC
DatasetC_sample028	G014	0.679575	DatasetC	KitC
DatasetC_sample028	G015	0.726559	DatasetC	KitC
DatasetC_sample028	G016	0.931293	DatasetC	KitC
DatasetC_sample028	G017	0.826902	DatasetC	KitC
DatasetC_sample028	G018	0.893298	DatasetC	KitC
DatasetC_sample028	G019	0.855651	DatasetC	KitC
DatasetC_sample028	G020	0.769632	DatasetC	KitC
DatasetC_sample028	G021	0.593201	DatasetC	KitC
DatasetC_sample028	G022	0.511679	DatasetC	KitC
DatasetC_sample028	G023	0.545745	DatasetC	KitC
DatasetC_sample028	G024	0.591901	DatasetC	KitC
DatasetC_sample028	G025	0.667305	DatasetC	KitC
DatasetC_sample028	G026	0.599251	DatasetC	KitC
DatasetC_sample028	G027	0.310256	DatasetC	KitC
DatasetC_sample028	G028	0.915709	DatasetC	KitC
DatasetC_sample028	G029	0.400602	DatasetC	KitC
DatasetC_sample028	G030	0.53083	DatasetC	KitC
DatasetC_sample028	G031	0.741866	DatasetC	KitC
DatasetC_sample028	G032	0.748448	DatasetC	KitC
DatasetC_sample028	G033	0.825746	DatasetC	KitC
DatasetC_sample028	G034	0.976458	DatasetC	KitC
DatasetC_sample028	G035	0.734811	DatasetC	KitC
DatasetC_sample028	G036	0.66691	DatasetC	KitC
DatasetC_sample028	G037	0.783802	DatasetC	KitC
DatasetC_sample028	G038	0.885287	DatasetC	KitC
DatasetC_sample028	G039	0.814763	DatasetC	KitC
DatasetC_sample028	G040	0.732941	DatasetC	KitC
DatasetC_sample028	G041	0.763089	DatasetC	KitC
DatasetC_sample028	G042	0.778784	DatasetC	KitC
DatasetC_sample028	G043	0.558139	DatasetC	KitC
DatasetC_sample028	G044	0.503083	DatasetC	KitC
DatasetC_sample028	G045	0.834074	DatasetC	KitC
DatasetC_sample028	G046	0.623505	DatasetC	KitC
DatasetC_sample028	G047	0.650547	DatasetC	KitC
DatasetC_sample028	G048	0.944946	DatasetC	KitC
DatasetC_sample028	G049	0.550489	DatasetC	KitC
DatasetC_sample028	G050	0.669422	DatasetC	KitC
DatasetC_sample028	G051	0.435945	DatasetC	KitC
DatasetC_sample028	G052	0.449128	DatasetC	KitC
DatasetC_sample028	G053	0.921929	DatasetC	KitC
DatasetC_sample028	G054	0.296452	DatasetC	KitC
DatasetC_sample028	G055	0.664106	DatasetC	KitC
DatasetC_sample028	G056	0.541787	DatasetC	KitC
DatasetC_sample028	G057	0.571862	DatasetC	KitC
DatasetC_sample028	G058	0.568685	DatasetC	KitC
DatasetC_sample028	G059	0.13298	DatasetC	KitC
DatasetC_sample028	G060	0.414148	DatasetC	KitC
DatasetC_sample028	G061	0.365415	DatasetC	KitC
DatasetC_sample028	G062	0.355765	DatasetC	KitC
DatasetC_sample028	G063	0.709667	DatasetC	KitC
DatasetC_sample028	G064	0.567172	DatasetC	KitC
DatasetC_sample028	G065	0.783062	DatasetC	KitC
DatasetC_sample028	G066	0.850544	DatasetC	KitC
DatasetC_sample028	G067	0.691503	DatasetC	KitC
DatasetC_sample028	G068	0.678285	DatasetC	KitC
DatasetC_sample028	G069	0.511663	DatasetC	KitC
DatasetC_sample028	G070	0.361477	DatasetC	KitC
DatasetC_sample028	G071	0.585809	DatasetC	KitC
DatasetC_sample028	G072	0.494465	DatasetC	KitC
DatasetC_sample028	G073	0.783627	DatasetC	KitC
DatasetC_sample028	G074	0.791794	DatasetC	KitC
DatasetC_sample028	G075	0.728426	DatasetC	KitC
DatasetC_sample028	G076	0.73923	DatasetC	KitC
DatasetC_sample028	G077	0.482281	DatasetC	KitC
DatasetC_sample028	G078	0.824982	DatasetC	KitC
DatasetC_sample028	G080	0.758677	DatasetC	KitC
DatasetC_sample028	G081	0.695044	DatasetC	KitC
DatasetC_sample028	G082	0.617354	DatasetC	KitC
DatasetC_sample028	G083	0.612843	DatasetC	KitC
DatasetC_sample028	G084	0.659214	DatasetC	KitC
DatasetC_sample028	G085	0.635902	DatasetC	KitC
DatasetC_sample028	G086	0.645681	DatasetC	KitC
DatasetC_sample028	G087	0.734979	DatasetC	KitC
DatasetC_sample028	G088	0.826736	DatasetC	KitC
DatasetC_sample028	G089	0.550744	DatasetC	KitC
DatasetC_sample028	G090	0.637752	DatasetC	KitC
DatasetC_sample028	G091	0.457265	DatasetC	KitC
DatasetC_sample028	G092	0.560093	DatasetC	KitC
DatasetC_sample028	G093	0.823787	DatasetC	KitC
DatasetC_sample028	G094	0.747164	DatasetC	KitC
DatasetC_sample028	G095	0.260548	DatasetC	KitC
DatasetC_sample028	G096	0.165376	DatasetC	KitC
DatasetC_sample028	G097	0.460545	DatasetC	KitC
DatasetC_sample028	G098	0.643258	DatasetC	KitC
DatasetC_sample028	G099	0.568911	DatasetC	KitC
DatasetC_sample028	G100	0.607994	DatasetC	KitC
DatasetC_sample028	G101	0.745709	DatasetC	KitC
DatasetC_sample028	G102	0.353512	DatasetC	KitC
DatasetC_sample028	G103	0.230943	DatasetC	KitC
DatasetC_sample028	G105	0.670521	DatasetC	KitC
DatasetC_sample028	G106	0.489562	DatasetC	KitC
DatasetC_sample028	G107	0.507638	DatasetC	KitC
DatasetC_sample028	G108	0.756707	DatasetC	KitC
DatasetC_sample028	G109	0.440343	DatasetC	KitC
DatasetC_sample028	G141	0.495633	DatasetC	KitC
DatasetC_sample028	G142	0.280321	DatasetC	KitC
DatasetC_sample028	G143	0.400076	DatasetC	KitC
DatasetC_sample028	G146	0.452255	DatasetC	KitC
DatasetC_sample028	G148	0.138085	DatasetC	KitC
DatasetC_sample028	G150	0.531591	DatasetC	KitC
DatasetC_sample028	G151	0.416649	DatasetC	KitC
DatasetC_sample028	G152	0.225293	DatasetC	KitC
DatasetC_sample028	G155	0.255443	DatasetC	KitC
DatasetC_sample028	G156	0.200712	DatasetC	KitC
DatasetC_sample028	G157	0.26577	DatasetC	KitC
DatasetC_sample028	G158	0.364235	DatasetC	KitC
DatasetC_sample028	G159	0.169896	DatasetC	KitC
DatasetC_sample028	G160	0.201406	DatasetC	KitC
DatasetC_sample028	G161	0.5295	DatasetC	KitC
DatasetC_sample028	G163	0.727889	DatasetC	KitC
DatasetC_sample028	G165	0.484023	DatasetC	KitC
DatasetC_sample028	G166	0.572572	DatasetC	KitC
DatasetC_sample028	G167	0.700924	DatasetC	KitC
DatasetC_sample028	G168	0.520889	DatasetC	KitC
DatasetC_sample028	G171	0.236606	DatasetC	KitC
DatasetC_sample028	G172	0.246004	DatasetC	KitC
DatasetC_sample028	G175	0.230804	DatasetC	KitC
DatasetC_sample028	G177	0.468376	DatasetC	KitC
DatasetC_sample028	G180	0.038134	DatasetC	KitC
DatasetC_sample028	G184	0.638575	DatasetC	KitC
DatasetC_sample028	G190	0.423015	DatasetC	KitC
DatasetC_sample028	G191	0.680112	DatasetC	KitC
DatasetC_sample028	G193	0.500983	DatasetC	KitC
DatasetC_sample028	G196	0.359861	DatasetC	KitC
DatasetC_sample028	G199	0.306584	DatasetC	KitC
DatasetC_sample029	G001	0.42934	DatasetC	KitC
DatasetC_sample029	G002	0.658307	DatasetC	KitC
DatasetC_sample029	G003	0.646053	DatasetC	KitC
DatasetC_sample029	G004	0.919519	DatasetC	KitC
DatasetC_sample029	G005	0.900564	DatasetC	KitC
DatasetC_sample029	G006	0.589089	DatasetC	KitC
DatasetC_sample029	G007	0.529863	DatasetC	KitC
DatasetC_sample029	G008	0.49282	DatasetC	KitC
DatasetC_sample029	G009	0.412762	DatasetC	KitC
DatasetC_sample029	G010	0.793792	DatasetC	KitC
DatasetC_sample029	G011	0.58732	DatasetC	KitC
DatasetC_sample029	G012	0.754904	DatasetC	KitC
DatasetC_sample029	G013	0.67315	DatasetC	KitC
DatasetC_sample029	G014	0.788948	DatasetC	KitC
DatasetC_sample029	G015	0.543022	DatasetC	KitC
DatasetC_sample029	G016	0.694252	DatasetC	KitC
DatasetC_sample029	G017	0.528161	DatasetC	KitC
DatasetC_sample029	G018	0.644739	DatasetC	KitC
DatasetC_sample029	G019	0.688641	DatasetC	KitC
DatasetC_sample029	G020	0.895812	DatasetC	KitC
DatasetC_sample029	G021	0.764284	DatasetC	KitC
DatasetC_sample029	G022	0.750217	DatasetC	KitC
DatasetC_sample029	G023	0.763286	DatasetC	KitC
DatasetC_sample029	G024	0.578127	DatasetC	KitC
DatasetC_sample029	G025	0.577541	DatasetC	KitC
DatasetC_sample029	G026	0.918184	DatasetC	KitC
DatasetC_sample029	G027	0.54032	DatasetC	KitC
DatasetC_sample029	G028	0.537108	DatasetC	KitC
DatasetC_sample029	G029	0.836393	DatasetC	KitC
DatasetC_sample029	G030	0.518282	DatasetC	KitC
DatasetC_sample029	G031	0.495492	DatasetC	KitC
DatasetC_sample029	G032	0.765156	DatasetC	KitC
DatasetC_sample029	G033	0.937203	DatasetC	KitC
DatasetC_sample029	G034	0.658779	DatasetC	KitC
DatasetC_sample029	G035	0.62056	DatasetC	KitC
DatasetC_sample029	G036	0.811528	DatasetC	KitC
DatasetC_sample029	G037	0.84581	DatasetC	KitC
DatasetC_sample029	G038	0.773234	DatasetC	KitC
DatasetC_sample029	G039	0.827554	DatasetC	KitC
DatasetC_sample029	G040	0.756854	DatasetC	KitC
DatasetC_sample029	G041	0.865756	DatasetC	KitC
DatasetC_sample029	G042	0.531827	DatasetC	KitC
DatasetC_sample029	G043	0.87138	DatasetC	KitC
DatasetC_sample029	G044	0.885198	DatasetC	KitC
DatasetC_sample029	G045	0.745135	DatasetC	KitC
DatasetC_sample029	G046	0.839279	DatasetC	KitC
DatasetC_sample029	G047	0.533616	DatasetC	KitC
DatasetC_sample029	G048	0.93611	DatasetC	KitC
DatasetC_sample029	G049	0.724894	DatasetC	KitC
DatasetC_sample029	G050	0.891347	DatasetC	KitC
DatasetC_sample029	G051	0.329865	DatasetC	KitC
DatasetC_sample029	G052	0.354609	DatasetC	KitC
DatasetC_sample029	G053	0.738693	DatasetC	KitC
DatasetC_sample029	G054	0.62061	DatasetC	KitC
DatasetC_sample029	G055	0.871852	DatasetC	KitC
DatasetC_sample029	G056	0.690753	DatasetC	KitC
DatasetC_sample029	G057	0.653902	DatasetC	KitC
DatasetC_sample029	G058	0.39931	DatasetC	KitC
DatasetC_sample029	G059	0.389711	DatasetC	KitC
DatasetC_sample029	G060	0.829566	DatasetC	KitC
DatasetC_sample029	G061	0.596896	DatasetC	KitC
DatasetC_sample029	G062	0.556268	DatasetC	KitC
DatasetC_sample029	G063	0.35776	DatasetC	KitC
DatasetC_sample029	G064	0.740646	DatasetC	KitC
DatasetC_sample029	G065	0.878138	DatasetC	KitC
DatasetC_sample029	G066	0.503513	DatasetC	KitC
DatasetC_sample029	G067	0.742027	DatasetC	KitC
DatasetC_sample029	G068	0.588883	DatasetC	KitC
DatasetC_sample029	G069	0.481243	DatasetC	KitC
DatasetC_sample029	G070	0.388903	DatasetC	KitC
DatasetC_sample029	G072	0.722237	DatasetC	KitC
DatasetC_sample029	G073	0.260968	DatasetC	KitC
DatasetC_sample029	G074	0.833631	DatasetC	KitC
DatasetC_sample029	G075	0.310622	DatasetC	KitC
DatasetC_sample029	G076	0.612717	DatasetC	KitC
DatasetC_sample029	G077	0.480145	DatasetC	KitC
DatasetC_sample029	G078	0.573023	DatasetC	KitC
DatasetC_sample029	G079	0.696619	DatasetC	KitC
DatasetC_sample029	G080	0.639018	DatasetC	KitC
DatasetC_sample029	G081	0.301997	DatasetC	KitC
DatasetC_sample029	G082	0.338501	DatasetC	KitC
DatasetC_sample029	G083	0.927757	DatasetC	KitC
DatasetC_sample029	G084	0.483483	DatasetC	KitC
DatasetC_sample029	G085	0.437672	DatasetC	KitC
DatasetC_sample029	G086	0.766205	DatasetC	KitC
DatasetC_sample029	G087	0.380575	DatasetC	KitC
DatasetC_sample029	G088	0.706142	DatasetC	KitC
DatasetC_sample029	G089	0.752942	DatasetC	KitC
DatasetC_sample029	G090	0.875099	DatasetC	KitC
DatasetC_sample029	G091	0.753035	DatasetC	KitC
DatasetC_sample029	G092	0.586218	DatasetC	KitC
DatasetC_sample029	G094	0.53454	DatasetC	KitC
DatasetC_sample029	G095	0.509716	DatasetC	KitC
DatasetC_sample029	G096	0.839072	DatasetC	KitC
DatasetC_sample029	G097	0.667984	DatasetC	KitC
DatasetC_sample029	G098	0.279162	DatasetC	KitC
DatasetC_sample029	G099	0.668623	DatasetC	KitC
DatasetC_sample029	G100	0.408794	DatasetC	KitC
DatasetC_sample029	G101	0.459069	DatasetC	KitC
DatasetC_sample029	G102	0.591711	DatasetC	KitC
DatasetC_sample029	G103	0.594612	DatasetC	KitC
DatasetC_sample029	G104	0.725092	DatasetC	KitC
DatasetC_sample029	G105	0.370315	DatasetC	KitC
DatasetC_sample029	G106	0.637282	DatasetC	KitC
DatasetC_sample029	G107	0.381019	DatasetC	KitC
DatasetC_sample029	G108	0.487603	DatasetC	KitC
DatasetC_sample029	G109	0.62212	DatasetC	KitC
DatasetC_sample029	G110	0.772875	DatasetC	KitC
DatasetC_sample029	G141	0.186502	DatasetC	KitC
DatasetC_sample029	G142	0.562444	DatasetC	KitC
DatasetC_sample029	G143	0.527234	DatasetC	KitC
DatasetC_sample029	G146	0.223736	DatasetC	KitC
DatasetC_sample029	G148	0.206206	DatasetC	KitC
DatasetC_sample029	G150	0.549965	DatasetC	KitC
DatasetC_sample029	G152	0.453906	DatasetC	KitC
DatasetC_sample029	G154	0.272012	DatasetC	KitC
DatasetC_sample029	G155	0.348072	DatasetC	KitC
DatasetC_sample029	G156	0.315175	DatasetC	KitC
DatasetC_sample029	G157	0.743361	DatasetC	KitC
DatasetC_sample029	G158	0.567181	DatasetC	KitC
DatasetC_sample029	G159	0.614561	DatasetC	KitC
DatasetC_sample029	G160	0.623894	DatasetC	KitC
DatasetC_sample029	G162	0.381134	DatasetC	KitC
DatasetC_sample029	G163	0.275224	DatasetC	KitC
DatasetC_sample029	G164	0.561428	DatasetC	KitC
DatasetC_sample029	G167	0.315914	DatasetC	KitC
DatasetC_sample029	G169	0.273161	DatasetC	KitC
DatasetC_sample029	G170	0.325921	DatasetC	KitC
DatasetC_sample029	G171	0.35617	DatasetC	KitC
DatasetC_sample029	G172	0.209072	DatasetC	KitC
DatasetC_sample029	G173	0.442947	DatasetC	KitC
DatasetC_sample029	G174	0.322656	DatasetC	KitC
DatasetC_sample029	G177	0.087663	DatasetC	KitC
DatasetC_sample029	G181	0.217591	DatasetC	KitC
DatasetC_sample029	G183	0.179726	DatasetC	KitC
DatasetC_sample029	G188	0.091425	DatasetC	KitC
DatasetC_sample029	G189	0.103682	DatasetC	KitC
DatasetC_sample029	G190	0.348315	DatasetC	KitC
DatasetC_sample029	G193	0.118789	DatasetC	KitC
DatasetC_sample029	G195	0.074506	DatasetC	KitC
DatasetC_sample030	G001	0.827095	DatasetC	KitC
DatasetC_sample030	G002	0.948567	DatasetC	KitC
DatasetC_sample030	G003	0.748225	DatasetC	KitC
DatasetC_sample030	G004	0.781279	DatasetC	KitC
DatasetC_sample030	G005	0.632026	DatasetC	KitC
DatasetC_sample030	G006	0.570976	DatasetC	KitC
DatasetC_sample030	G007	0.733419	DatasetC	KitC
DatasetC_sample030	G008	0.79121	DatasetC	KitC
DatasetC_sample030	G009	0.688181	DatasetC	KitC
DatasetC_sample030	G010	0.590263	DatasetC	KitC
DatasetC_sample030	G011	0.686817	DatasetC	KitC
DatasetC_sample030	G012	0.871405	DatasetC	KitC
DatasetC_sample030	G013	0.513745	DatasetC	KitC
DatasetC_sample030	G014	0.599564	DatasetC	KitC
DatasetC_sample030	G015	0.797468	DatasetC	KitC
DatasetC_sample030	G016	0.62673	DatasetC	KitC
DatasetC_sample030	G017	0.588892	DatasetC	KitC
DatasetC_sample030	G018	0.451458	DatasetC	KitC
DatasetC_sample030	G019	0.712835	DatasetC	KitC
DatasetC_sample030	G020	0.653565	DatasetC	KitC
DatasetC_sample030	G021	0.726427	DatasetC	KitC
DatasetC_sample030	G022	0.875495	DatasetC	KitC
DatasetC_sample030	G023	0.98094	DatasetC	KitC
DatasetC_sample030	G024	0.810212	DatasetC	KitC
DatasetC_sample030	G025	0.792137	DatasetC	KitC
DatasetC_sample030	G026	0.836683	DatasetC	KitC
DatasetC_sample030	G027	0.534751	DatasetC	KitC
DatasetC_sample030	G028	0.502822	DatasetC	KitC
DatasetC_sample030	G029	0.636638	DatasetC	KitC
DatasetC_sample030	G030	0.828121	DatasetC	KitC
DatasetC_sample030	G031	0.763872	DatasetC	KitC
DatasetC_sample030	G032	0.755332	DatasetC	KitC
DatasetC_sample030	G033	0.57828	DatasetC	KitC
DatasetC_sample030	G034	0.726608	DatasetC	KitC
DatasetC_sample030	G035	0.740529	DatasetC	KitC
DatasetC_sample030	G036	0.755916	DatasetC	KitC
DatasetC_sample030	G037	0.49079	DatasetC	KitC
DatasetC_sample030	G038	0.702078	DatasetC	KitC
DatasetC_sample030	G039	0.983154	DatasetC	KitC
DatasetC_sample030	G040	0.740814	DatasetC	KitC
DatasetC_sample030	G041	0.508371	DatasetC	KitC
DatasetC_sample030	G042	0.699779	DatasetC	KitC
DatasetC_sample030	G043	0.670667	DatasetC	KitC
DatasetC_sample030	G044	0.4675	DatasetC	KitC
DatasetC_sample030	G045	0.613792	DatasetC	KitC
DatasetC_sample030	G046	0.20514	DatasetC	KitC
DatasetC_sample030	G047	0.924394	DatasetC	KitC
DatasetC_sample030	G048	0.297363	DatasetC	KitC
DatasetC_sample030	G049	0.851811	DatasetC	KitC
DatasetC_sample030	G050	0.600989	DatasetC	KitC
DatasetC_sample030	G051	0.299856	DatasetC	KitC
DatasetC_sample030	G052	0.80953	DatasetC	KitC
DatasetC_sample030	G053	0.476485	DatasetC	KitC
DatasetC_sample030	G054	0.507966	DatasetC	KitC
DatasetC_sample030	G055	0.395712	DatasetC	KitC
DatasetC_sample030	G056	0.680006	DatasetC	KitC
DatasetC_sample030	G057	0.87407	DatasetC	KitC
DatasetC_sample030	G058	0.791118	DatasetC	KitC
DatasetC_sample030	G059	0.700006	DatasetC	KitC
DatasetC_sample030	G060	0.591193	DatasetC	KitC
DatasetC_sample030	G061	0.613714	DatasetC	KitC
DatasetC_sample030	G062	0.496921	DatasetC	KitC
DatasetC_sample030	G063	0.538873	DatasetC	KitC
DatasetC_sample030	G064	0.674971	DatasetC	KitC
DatasetC_sample030	G065	0.496281	DatasetC	KitC
DatasetC_sample030	G066	0.334656	DatasetC	KitC
DatasetC_sample030	G067	0.339795	DatasetC	KitC
DatasetC_sample030	G068	0.749874	DatasetC	KitC
DatasetC_sample030	G069	0.530988	DatasetC	KitC
DatasetC_sample030	G070	0.47597	DatasetC	KitC
DatasetC_sample030	G071	0.685798	DatasetC	KitC
DatasetC_sample030	G072	0.709229	DatasetC	KitC
DatasetC_sample030	G073	0.571304	DatasetC	KitC
DatasetC_sample030	G074	0.640634	DatasetC	KitC
DatasetC_sample030	G075	0.609177	DatasetC	KitC
DatasetC_sample030	G076	0.477087	DatasetC	KitC
DatasetC_sample030	G077	0.779839	DatasetC	KitC
DatasetC_sample030	G078	0.840139	DatasetC	KitC
DatasetC_sample030	G079	0.333563	DatasetC	KitC
DatasetC_sample030	G080	0.247984	DatasetC	KitC
DatasetC_sample030	G081	0.457561	DatasetC	KitC
DatasetC_sample030	G082	0.960366	DatasetC	KitC
DatasetC_sample030	G083	0.645257	DatasetC	KitC
DatasetC_sample030	G084	0.552007	DatasetC	KitC
DatasetC_sample030	G085	0.298529	DatasetC	KitC
DatasetC_sample030	G086	0.432452	DatasetC	KitC
DatasetC_sample030	G087	0.311051	DatasetC	KitC
DatasetC_sample030	G088	0.672862	DatasetC	KitC
DatasetC_sample030	G089	0.677585	DatasetC	KitC
DatasetC_sample030	G090	0.355973	DatasetC	KitC
DatasetC_sample030	G091	0.242871	DatasetC	KitC
DatasetC_sample030	G092	0.854475	DatasetC	KitC
DatasetC_sample030	G093	0.579742	DatasetC	KitC
DatasetC_sample030	G094	0.715527	DatasetC	KitC
DatasetC_sample030	G095	0.749164	DatasetC	KitC
DatasetC_sample030	G096	0.43217	DatasetC	KitC
DatasetC_sample030	G097	0.760724	DatasetC	KitC
DatasetC_sample030	G098	0.437757	DatasetC	KitC
DatasetC_sample030	G099	0.213752	DatasetC	KitC
DatasetC_sample030	G100	0.39866	DatasetC	KitC
DatasetC_sample030	G101	0.834601	DatasetC	KitC
DatasetC_sample030	G102	0.655334	DatasetC	KitC
DatasetC_sample030	G103	0.680012	DatasetC	KitC
DatasetC_sample030	G104	0.53674	DatasetC	KitC
DatasetC_sample030	G105	0.49521	DatasetC	KitC
DatasetC_sample030	G106	0.845834	DatasetC	KitC
DatasetC_sample030	G107	0.484805	DatasetC	KitC
DatasetC_sample030	G108	0.791989	DatasetC	KitC
DatasetC_sample030	G109	0.703288	DatasetC	KitC
DatasetC_sample030	G110	0.599878	DatasetC	KitC
DatasetC_sample030	G144	0.334667	DatasetC	KitC
DatasetC_sample030	G145	0.243317	DatasetC	KitC
DatasetC_sample030	G146	0.480502	DatasetC	KitC
DatasetC_sample030	G148	0.082587	DatasetC	KitC
DatasetC_sample030	G149	0.226061	DatasetC	KitC
DatasetC_sample030	G151	0.36821	DatasetC	KitC
DatasetC_sample030	G153	0.38248	DatasetC	KitC
DatasetC_sample030	G154	0.218683	DatasetC	KitC
DatasetC_sample030	G157	0.273134	DatasetC	KitC
DatasetC_sample030	G158	0.636202	DatasetC	KitC
DatasetC_sample030	G159	0.49446	DatasetC	KitC
DatasetC_sample030	G160	0.238301	DatasetC	KitC
DatasetC_sample030	G162	0.341059	DatasetC	KitC
DatasetC_sample030	G163	0.651346	DatasetC	KitC
DatasetC_sample030	G164	0.440899	DatasetC	KitC
DatasetC_sample030	G166	0.620597	DatasetC	KitC
DatasetC_sample030	G167	0.394959	DatasetC	KitC
DatasetC_sample030	G168	0.289515	DatasetC	KitC
DatasetC_sample030	G173	0.299392	DatasetC	KitC
DatasetC_sample030	G178	0.126042	DatasetC	KitC
DatasetC_sample030	G179	0.143558	DatasetC	KitC
DatasetC_sample030	G180	0.153743	DatasetC	KitC
DatasetC_sample030	G181	0.167885	DatasetC	KitC
DatasetC_sample030	G185	0.569466	DatasetC	KitC
DatasetC_sample030	G194	0.368216	DatasetC	KitC
DatasetC_sample030	G197	0.314576	DatasetC	KitC
DatasetC_sample031	G001	0.429244	DatasetC	KitC
DatasetC_sample031	G002	0.81888	DatasetC	KitC
DatasetC_sample031	G003	0.499459	DatasetC	KitC
DatasetC_sample031	G004	0.900135	DatasetC	KitC
DatasetC_sample031	G005	0.58888	DatasetC	KitC
DatasetC_sample031	G006	0.819536	DatasetC	KitC
DatasetC_sample031	G007	0.722428	DatasetC	KitC
DatasetC_sample031	G008	0.592639	DatasetC	KitC
DatasetC_sample031	G009	0.349059	DatasetC	KitC
DatasetC_sample031	G010	0.950132	DatasetC	KitC
DatasetC_sample031	G011	0.840939	DatasetC	KitC
DatasetC_sample031	G012	0.40027	DatasetC	KitC
DatasetC_sample031	G013	0.294682	DatasetC	KitC
DatasetC_sample031	G014	0.503706	DatasetC	KitC
DatasetC_sample031	G015	0.765416	DatasetC	KitC
DatasetC_sample031	G016	0.565295	DatasetC	KitC
DatasetC_sample031	G017	0.8418	DatasetC	KitC
DatasetC_sample031	G018	0.944767	DatasetC	KitC
DatasetC_sample031	G019	0.750853	DatasetC	KitC
DatasetC_sample031	G020	0.880094	DatasetC	KitC
DatasetC_sample031	G021	0.89897	DatasetC	KitC
DatasetC_sample031	G022	0.546866	DatasetC	KitC
DatasetC_sample031	G023	0.570177	DatasetC	KitC
DatasetC_sample031	G024	0.386968	DatasetC	KitC
DatasetC_sample031	G025	0.755933	DatasetC	KitC
DatasetC_sample031	G026	0.785203	DatasetC	KitC
DatasetC_sample031	G027	0.549268	DatasetC	KitC
DatasetC_sample031	G028	0.802149	DatasetC	KitC
DatasetC_sample031	G029	0.777834	DatasetC	KitC
DatasetC_sample031	G030	0.578195	DatasetC	KitC
DatasetC_sample031	G031	0.905731	DatasetC	KitC
DatasetC_sample031	G032	0.611067	DatasetC	KitC
DatasetC_sample031	G033	0.835558	DatasetC	KitC
DatasetC_sample031	G034	0.637193	DatasetC	KitC
DatasetC_sample031	G035	0.81102	DatasetC	KitC
DatasetC_sample031	G036	0.759522	DatasetC	KitC
DatasetC_sample031	G037	0.692392	DatasetC	KitC
DatasetC_sample031	G038	0.342368	DatasetC	KitC
DatasetC_sample031	G039	0.968341	DatasetC	KitC
DatasetC_sample031	G040	0.644576	DatasetC	KitC
DatasetC_sample031	G041	0.794328	DatasetC	KitC
DatasetC_sample031	G042	0.720406	DatasetC	KitC
DatasetC_sample031	G043	0.879236	DatasetC	KitC
DatasetC_sample031	G044	0.643286	DatasetC	KitC
DatasetC_sample031	G045	0.55998	DatasetC	KitC
DatasetC_sample031	G046	0.851071	DatasetC	KitC
DatasetC_sample031	G047	0.859586	DatasetC	KitC
DatasetC_sample031	G048	0.852716	DatasetC	KitC
DatasetC_sample031	G049	0.752105	DatasetC	KitC
DatasetC_sample031	G050	0.512899	DatasetC	KitC
DatasetC_sample031	G051	0.547889	DatasetC	KitC
DatasetC_sample031	G052	0.274735	DatasetC	KitC
DatasetC_sample031	G053	0.43208	DatasetC	KitC
DatasetC_sample031	G055	0.823525	DatasetC	KitC
DatasetC_sample031	G056	0.625552	DatasetC	KitC
DatasetC_sample031	G057	0.747459	DatasetC	KitC
DatasetC_sample031	G058	0.488978	DatasetC	KitC
DatasetC_sample031	G059	0.571862	DatasetC	KitC
DatasetC_sample031	G060	0.421443	DatasetC	KitC
DatasetC_sample031	G061	0.825271	DatasetC	KitC
DatasetC_sample031	G062	0.542147	DatasetC	KitC
DatasetC_sample031	G063	0.300371	DatasetC	KitC
DatasetC_sample031	G064	0.650921	DatasetC	KitC
DatasetC_sample031	G065	0.456277	DatasetC	KitC
DatasetC_sample031	G066	0.483247	DatasetC	KitC
DatasetC_sample031	G067	0.502942	DatasetC	KitC
DatasetC_sample031	G068	0.434074	DatasetC	KitC
DatasetC_sample031	G069	0.363788	DatasetC	KitC
DatasetC_sample031	G070	0.352635	DatasetC	KitC
DatasetC_sample031	G071	0.266556	DatasetC	KitC
DatasetC_sample031	G072	0.42661	DatasetC	KitC
DatasetC_sample031	G073	0.493785	DatasetC	KitC
DatasetC_sample031	G075	0.642088	DatasetC	KitC
DatasetC_sample031	G076	0.426761	DatasetC	KitC
DatasetC_sample031	G077	0.69088	DatasetC	KitC
DatasetC_sample031	G078	0.475249	DatasetC	KitC
DatasetC_sample031	G079	0.364421	DatasetC	KitC
DatasetC_sample031	G080	0.915122	DatasetC	KitC
DatasetC_sample031	G081	0.67096	DatasetC	KitC
DatasetC_sample031	G083	0.688897	DatasetC	KitC
DatasetC_sample031	G084	0.476304	DatasetC	KitC
DatasetC_sample031	G085	0.586441	DatasetC	KitC
DatasetC_sample031	G086	0.807789	DatasetC	KitC
DatasetC_sample031	G087	0.62182	DatasetC	KitC
DatasetC_sample031	G088	0.749046	DatasetC	KitC
DatasetC_sample031	G089	0.714388	DatasetC	KitC
DatasetC_sample031	G090	0.812237	DatasetC	KitC
DatasetC_sample031	G091	0.833266	DatasetC	KitC
DatasetC_sample031	G092	0.912536	DatasetC	KitC
DatasetC_sample031	G093	0.761023	DatasetC	KitC
DatasetC_sample031	G094	0.629514	DatasetC	KitC
DatasetC_sample031	G095	0.752979	DatasetC	KitC
DatasetC_sample031	G096	0.394638	DatasetC	KitC
DatasetC_sample031	G097	0.384123	DatasetC	KitC
DatasetC_sample031	G098	0.385278	DatasetC	KitC
DatasetC_sample031	G099	0.366711	DatasetC	KitC
DatasetC_sample031	G100	0.544457	DatasetC	KitC
DatasetC_sample031	G101	0.638098	DatasetC	KitC
DatasetC_sample031	G102	0.802187	DatasetC	KitC
DatasetC_sample031	G103	0.572338	DatasetC	KitC
DatasetC_sample031	G104	0.599575	DatasetC	KitC
DatasetC_sample031	G105	0.442387	DatasetC	KitC
DatasetC_sample031	G106	0.83033	DatasetC	KitC
DatasetC_sample031	G107	0.344029	DatasetC	KitC
DatasetC_sample031	G108	0.259307	DatasetC	KitC
DatasetC_sample031	G109	0.710493	DatasetC	KitC
DatasetC_sample031	G110	0.608128	DatasetC	KitC
DatasetC_sample031	G143	0.38155	DatasetC	KitC
DatasetC_sample031	G144	0.51509	DatasetC	KitC
DatasetC_sample031	G147	0.07501	DatasetC	KitC
DatasetC_sample031	G149	0.377743	DatasetC	KitC
DatasetC_sample031	G151	0.362767	DatasetC	KitC
DatasetC_sample031	G152	0.445666	DatasetC	KitC
DatasetC_sample031	G153	0.493749	DatasetC	KitC
DatasetC_sample031	G155	0.397398	DatasetC	KitC
DatasetC_sample031	G156	0.54688	DatasetC	KitC
DatasetC_sample031	G158	0.311929	DatasetC	KitC
DatasetC_sample031	G159	0.524943	DatasetC	KitC
DatasetC_sample031	G160	0.68846	DatasetC	KitC
DatasetC_sample031	G161	0.72031	DatasetC	KitC
DatasetC_sample031	G164	0.440515	DatasetC	KitC
DatasetC_sample031	G166	0.664561	DatasetC	KitC
DatasetC_sample031	G167	0.565722	DatasetC	KitC
DatasetC_sample031	G169	0.264178	DatasetC	KitC
DatasetC_sample031	G170	0.425248	DatasetC	KitC
DatasetC_sample031	G177	0.130143	DatasetC	KitC
DatasetC_sample031	G178	0.225445	DatasetC	KitC
DatasetC_sample031	G188	0.297764	DatasetC	KitC
DatasetC_sample031	G192	0.253379	DatasetC	KitC
DatasetC_sample031	G197	0.168251	DatasetC	KitC
DatasetC_sample031	G199	0.060934	DatasetC	KitC
DatasetC_sample031	G200	0.146211	DatasetC	KitC
DatasetC_sample032	G001	0.763544	DatasetC	KitC
DatasetC_sample032	G002	0.70352	DatasetC	KitC
DatasetC_sample032	G003	0.678667	DatasetC	KitC
DatasetC_sample032	G004	0.84356	DatasetC	KitC
DatasetC_sample032	G005	0.812731	DatasetC	KitC
DatasetC_sample032	G006	0.840144	DatasetC	KitC
DatasetC_sample032	G007	0.902456	DatasetC	KitC
DatasetC_sample032	G008	0.863393	DatasetC	KitC
DatasetC_sample032	G009	0.625272	DatasetC	KitC
DatasetC_sample032	G010	0.906071	DatasetC	KitC
DatasetC_sample032	G011	0.883343	DatasetC	KitC
DatasetC_sample032	G012	0.911903	DatasetC	KitC
DatasetC_sample032	G013	0.709437	DatasetC	KitC
DatasetC_sample032	G014	0.868257	DatasetC	KitC
DatasetC_sample032	G015	0.529011	DatasetC	KitC
DatasetC_sample032	G016	0.634328	DatasetC	KitC
DatasetC_sample032	G017	0.407699	DatasetC	KitC
DatasetC_sample032	G018	0.600382	DatasetC	KitC
DatasetC_sample032	G019	0.557361	DatasetC	KitC
DatasetC_sample032	G020	0.667003	DatasetC	KitC
DatasetC_sample032	G021	0.658675	DatasetC	KitC
DatasetC_sample032	G022	0.973475	DatasetC	KitC
DatasetC_sample032	G023	0.72197	DatasetC	KitC
DatasetC_sample032	G024	0.805194	DatasetC	KitC
DatasetC_sample032	G025	0.652608	DatasetC	KitC
DatasetC_sample032	G026	0.467477	DatasetC	KitC
DatasetC_sample032	G027	0.859327	DatasetC	KitC
DatasetC_sample032	G028	0.650311	DatasetC	KitC
DatasetC_sample032	G029	0.838475	DatasetC	KitC
DatasetC_sample032	G030	0.674958	DatasetC	KitC
DatasetC_sample032	G031	0.692284	DatasetC	KitC
DatasetC_sample032	G032	0.834033	DatasetC	KitC
DatasetC_sample032	G033	0.616774	DatasetC	KitC
DatasetC_sample032	G034	0.676566	DatasetC	KitC
DatasetC_sample032	G035	0.721659	DatasetC	KitC
DatasetC_sample032	G036	0.923075	DatasetC	KitC
DatasetC_sample032	G037	0.87817	DatasetC	KitC
DatasetC_sample032	G038	0.898282	DatasetC	KitC
DatasetC_sample032	G039	0.716912	DatasetC	KitC
DatasetC_sample032	G040	0.700317	DatasetC	KitC
DatasetC_sample032	G041	0.820995	DatasetC	KitC
DatasetC_sample032	G042	0.841592	DatasetC	KitC
DatasetC_sample032	G043	0.820063	DatasetC	KitC
DatasetC_sample032	G044	0.388384	DatasetC	KitC
DatasetC_sample032	G045	0.281511	DatasetC	KitC
DatasetC_sample032	G046	0.82047	DatasetC	KitC
DatasetC_sample032	G047	0.966293	DatasetC	KitC
DatasetC_sample032	G048	0.954093	DatasetC	KitC
DatasetC_sample032	G049	0.513401	DatasetC	KitC
DatasetC_sample032	G050	0.707512	DatasetC	KitC
DatasetC_sample032	G051	0.459217	DatasetC	KitC
DatasetC_sample032	G052	0.461728	DatasetC	KitC
DatasetC_sample032	G053	0.231785	DatasetC	KitC
DatasetC_sample032	G054	0.598787	DatasetC	KitC
DatasetC_sample032	G055	0.459388	DatasetC	KitC
DatasetC_sample032	G056	0.383694	DatasetC	KitC
DatasetC_sample032	G057	0.510236	DatasetC	KitC
DatasetC_sample032	G058	0.623049	DatasetC	KitC
DatasetC_sample032	G059	0.466542	DatasetC	KitC
DatasetC_sample032	G060	0.825759	DatasetC	KitC
DatasetC_sample032	G061	0.745313	DatasetC	KitC
DatasetC_sample032	G062	0.556651	DatasetC	KitC
DatasetC_sample032	G063	0.536024	DatasetC	KitC
DatasetC_sample032	G064	0.494821	DatasetC	KitC
DatasetC_sample032	G065	0.824871	DatasetC	KitC
DatasetC_sample032	G066	0.669493	DatasetC	KitC
DatasetC_sample032	G067	0.634005	DatasetC	KitC
DatasetC_sample032	G068	0.651499	DatasetC	KitC
DatasetC_sample032	G069	0.725815	DatasetC	KitC
DatasetC_sample032	G070	0.514937	DatasetC	KitC
DatasetC_sample032	G071	0.416548	DatasetC	KitC
DatasetC_sample032	G072	0.645723	DatasetC	KitC
DatasetC_sample032	G073	0.661613	DatasetC	KitC
DatasetC_sample032	G074	0.469788	DatasetC	KitC
DatasetC_sample032	G076	0.789013	DatasetC	KitC
DatasetC_sample032	G077	0.291033	DatasetC	KitC
DatasetC_sample032	G078	0.598638	DatasetC	KitC
DatasetC_sample032	G079	0.566536	DatasetC	KitC
DatasetC_sample032	G080	0.48984	DatasetC	KitC
DatasetC_sample032	G081	0.842442	DatasetC	KitC
DatasetC_sample032	G082	0.855911	DatasetC	KitC
DatasetC_sample032	G083	0.510387	DatasetC	KitC
DatasetC_sample032	G084	0.461537	DatasetC	KitC
DatasetC_sample032	G085	0.57278	DatasetC	KitC
DatasetC_sample032	G086	0.612911	DatasetC	KitC
DatasetC_sample032	G087	0.633798	DatasetC	KitC
DatasetC_sample032	G088	0.623222	DatasetC	KitC
DatasetC_sample032	G089	0.494881	DatasetC	KitC
DatasetC_sample032	G090	0.59037	DatasetC	KitC
DatasetC_sample032	G091	0.588002	DatasetC	KitC
DatasetC_sample032	G092	0.331367	DatasetC	KitC
DatasetC_sample032	G093	0.419908	DatasetC	KitC
DatasetC_sample032	G094	0.819926	DatasetC	KitC
DatasetC_sample032	G095	0.641904	DatasetC	KitC
DatasetC_sample032	G096	0.520677	DatasetC	KitC
DatasetC_sample032	G097	0.444413	DatasetC	KitC
DatasetC_sample032	G098	0.542766	DatasetC	KitC
DatasetC_sample032	G099	0.636945	DatasetC	KitC
DatasetC_sample032	G100	0.243801	DatasetC	KitC
DatasetC_sample032	G101	0.683512	DatasetC	KitC
DatasetC_sample032	G102	0.7447	DatasetC	KitC
DatasetC_sample032	G103	0.409398	DatasetC	KitC
DatasetC_sample032	G104	0.530167	DatasetC	KitC
DatasetC_sample032	G106	0.383351	DatasetC	KitC
DatasetC_sample032	G107	0.787763	DatasetC	KitC
DatasetC_sample032	G108	0.246677	DatasetC	KitC
DatasetC_sample032	G109	0.563681	DatasetC	KitC
DatasetC_sample032	G110	0.312391	DatasetC	KitC
DatasetC_sample032	G141	0.240384	DatasetC	KitC
DatasetC_sample032	G142	0.596211	DatasetC	KitC
DatasetC_sample032	G143	0.594367	DatasetC	KitC
DatasetC_sample032	G144	0.221763	DatasetC	KitC
DatasetC_sample032	G145	0.455765	DatasetC	KitC
DatasetC_sample032	G147	0.439188	DatasetC	KitC
DatasetC_sample032	G148	0.299451	DatasetC	KitC
DatasetC_sample032	G149	0.237197	DatasetC	KitC
DatasetC_sample032	G150	0.544314	DatasetC	KitC
DatasetC_sample032	G151	0.319617	DatasetC	KitC
DatasetC_sample032	G152	0.397024	DatasetC	KitC
DatasetC_sample032	G153	0.434422	DatasetC	KitC
DatasetC_sample032	G154	0.832515	DatasetC	KitC
DatasetC_sample032	G155	0.442385	DatasetC	KitC
DatasetC_sample032	G156	0.796169	DatasetC	KitC
DatasetC_sample032	G157	0.423289	DatasetC	KitC
DatasetC_sample032	G160	0.354806	DatasetC	KitC
DatasetC_sample032	G162	0.666918	DatasetC	KitC
DatasetC_sample032	G163	0.155739	DatasetC	KitC
DatasetC_sample032	G164	0.449115	DatasetC	KitC
DatasetC_sample032	G166	0.412115	DatasetC	KitC
DatasetC_sample032	G168	0.632924	DatasetC	KitC
DatasetC_sample032	G169	0.40393	DatasetC	KitC
DatasetC_sample032	G170	0.585611	DatasetC	KitC
DatasetC_sample032	G176	0.259234	DatasetC	KitC
DatasetC_sample032	G184	0.303448	DatasetC	KitC
DatasetC_sample032	G188	0.370209	DatasetC	KitC
DatasetC_sample032	G189	0.334868	DatasetC	KitC
DatasetC_sample032	G193	0.103283	DatasetC	KitC
DatasetC_sample032	G198	0.110616	DatasetC	KitC
DatasetC_sample033	G001	0.883239	DatasetC	KitC
DatasetC_sample033	G002	0.416359	DatasetC	KitC
DatasetC_sample033	G003	0.649021	DatasetC	KitC
DatasetC_sample033	G004	0.614383	DatasetC	KitC
DatasetC_sample033	G005	0.61627	DatasetC	KitC
DatasetC_sample033	G006	0.669945	DatasetC	KitC
DatasetC_sample033	G007	0.923153	DatasetC	KitC
DatasetC_sample033	G008	0.622695	DatasetC	KitC
DatasetC_sample033	G009	0.854094	DatasetC	KitC
DatasetC_sample033	G010	0.779569	DatasetC	KitC
DatasetC_sample033	G011	0.427045	DatasetC	KitC
DatasetC_sample033	G012	0.896034	DatasetC	KitC
DatasetC_sample033	G013	0.627011	DatasetC	KitC
DatasetC_sample033	G014	0.617946	DatasetC	KitC
DatasetC_sample033	G015	0.790166	DatasetC	KitC
DatasetC_sample033	G016	0.863653	DatasetC	KitC
DatasetC_sample033	G017	0.388008	DatasetC	KitC
DatasetC_sample033	G018	0.621543	DatasetC	KitC
DatasetC_sample033	G019	0.641993	DatasetC	KitC
DatasetC_sample033	G020	0.745027	DatasetC	KitC
DatasetC_sample033	G021	0.900209	DatasetC	KitC
DatasetC_sample033	G022	0.642185	DatasetC	KitC
DatasetC_sample033	G023	0.736677	DatasetC	KitC
DatasetC_sample033	G024	0.611175	DatasetC	KitC
DatasetC_sample033	G025	0.873947	DatasetC	KitC
DatasetC_sample033	G026	0.857477	DatasetC	KitC
DatasetC_sample033	G027	0.615675	DatasetC	KitC
DatasetC_sample033	G028	0.330382	DatasetC	KitC
DatasetC_sample033	G029	0.720873	DatasetC	KitC
DatasetC_sample033	G030	0.829993	DatasetC	KitC
DatasetC_sample033	G031	0.802623	DatasetC	KitC
DatasetC_sample033	G032	0.757891	DatasetC	KitC
DatasetC_sample033	G033	0.791111	DatasetC	KitC
DatasetC_sample033	G034	0.943198	DatasetC	KitC
DatasetC_sample033	G035	0.688024	DatasetC	KitC
DatasetC_sample033	G036	0.502973	DatasetC	KitC
DatasetC_sample033	G037	0.695617	DatasetC	KitC
DatasetC_sample033	G038	0.873656	DatasetC	KitC
DatasetC_sample033	G039	0.676299	DatasetC	KitC
DatasetC_sample033	G040	0.621854	DatasetC	KitC
DatasetC_sample033	G041	0.494476	DatasetC	KitC
DatasetC_sample033	G042	0.591793	DatasetC	KitC
DatasetC_sample033	G043	0.888603	DatasetC	KitC
DatasetC_sample033	G044	0.875731	DatasetC	KitC
DatasetC_sample033	G045	0.934104	DatasetC	KitC
DatasetC_sample033	G046	0.274486	DatasetC	KitC
DatasetC_sample033	G047	0.847875	DatasetC	KitC
DatasetC_sample033	G048	0.768214	DatasetC	KitC
DatasetC_sample033	G049	0.692532	DatasetC	KitC
DatasetC_sample033	G050	0.390115	DatasetC	KitC
DatasetC_sample033	G051	0.401705	DatasetC	KitC
DatasetC_sample033	G052	0.55868	DatasetC	KitC
DatasetC_sample033	G053	0.732435	DatasetC	KitC
DatasetC_sample033	G054	0.512804	DatasetC	KitC
DatasetC_sample033	G055	0.606609	DatasetC	KitC
DatasetC_sample033	G056	0.475669	DatasetC	KitC
DatasetC_sample033	G057	0.635865	DatasetC	KitC
DatasetC_sample033	G058	0.465364	DatasetC	KitC
DatasetC_sample033	G059	0.643291	DatasetC	KitC
DatasetC_sample033	G060	0.596445	DatasetC	KitC
DatasetC_sample033	G061	0.637582	DatasetC	KitC
DatasetC_sample033	G062	0.492146	DatasetC	KitC
DatasetC_sample033	G064	0.291676	DatasetC	KitC
DatasetC_sample033	G065	0.591241	DatasetC	KitC
DatasetC_sample033	G066	0.934034	DatasetC	KitC
DatasetC_sample033	G067	0.177704	DatasetC	KitC
DatasetC_sample033	G068	0.634114	DatasetC	KitC
DatasetC_sample033	G069	0.28768	DatasetC	KitC
DatasetC_sample033	G070	0.71399	DatasetC	KitC
DatasetC_sample033	G071	0.316487	DatasetC	KitC
DatasetC_sample033	G072	0.40937	DatasetC	KitC
DatasetC_sample033	G073	0.579616	DatasetC	KitC
DatasetC_sample033	G074	0.597514	DatasetC	KitC
DatasetC_sample033	G075	0.776923	DatasetC	KitC
DatasetC_sample033	G076	0.444413	DatasetC	KitC
DatasetC_sample033	G077	0.57858	DatasetC	KitC
DatasetC_sample033	G078	0.270078	DatasetC	KitC
DatasetC_sample033	G079	0.609695	DatasetC	KitC
DatasetC_sample033	G080	0.822873	DatasetC	KitC
DatasetC_sample033	G081	0.448986	DatasetC	KitC
DatasetC_sample033	G082	0.6321	DatasetC	KitC
DatasetC_sample033	G083	0.720936	DatasetC	KitC
DatasetC_sample033	G084	0.702809	DatasetC	KitC
DatasetC_sample033	G085	0.575857	DatasetC	KitC
DatasetC_sample033	G086	0.685469	DatasetC	KitC
DatasetC_sample033	G087	0.589724	DatasetC	KitC
DatasetC_sample033	G088	0.544517	DatasetC	KitC
DatasetC_sample033	G089	0.66982	DatasetC	KitC
DatasetC_sample033	G090	0.397355	DatasetC	KitC
DatasetC_sample033	G091	0.466051	DatasetC	KitC
DatasetC_sample033	G092	0.428725	DatasetC	KitC
DatasetC_sample033	G093	0.809224	DatasetC	KitC
DatasetC_sample033	G094	0.796793	DatasetC	KitC
DatasetC_sample033	G095	0.674556	DatasetC	KitC
DatasetC_sample033	G096	0.445969	DatasetC	KitC
DatasetC_sample033	G097	0.637442	DatasetC	KitC
DatasetC_sample033	G098	0.777029	DatasetC	KitC
DatasetC_sample033	G099	0.50363	DatasetC	KitC
DatasetC_sample033	G100	0.515235	DatasetC	KitC
DatasetC_sample033	G101	0.670233	DatasetC	KitC
DatasetC_sample033	G102	0.420451	DatasetC	KitC
DatasetC_sample033	G103	0.905684	DatasetC	KitC
DatasetC_sample033	G104	0.692666	DatasetC	KitC
DatasetC_sample033	G105	0.522343	DatasetC	KitC
DatasetC_sample033	G106	0.55771	DatasetC	KitC
DatasetC_sample033	G107	0.653569	DatasetC	KitC
DatasetC_sample033	G108	0.549693	DatasetC	KitC
DatasetC_sample033	G109	0.740263	DatasetC	KitC
DatasetC_sample033	G110	0.729696	DatasetC	KitC
DatasetC_sample033	G142	0.30625	DatasetC	KitC
DatasetC_sample033	G144	0.483283	DatasetC	KitC
DatasetC_sample033	G145	0.487465	DatasetC	KitC
DatasetC_sample033	G146	0.249693	DatasetC	KitC
DatasetC_sample033	G147	0.457746	DatasetC	KitC
DatasetC_sample033	G149	0.598711	DatasetC	KitC
DatasetC_sample033	G151	0.29448	DatasetC	KitC
DatasetC_sample033	G152	0.330555	DatasetC	KitC
DatasetC_sample033	G154	0.720938	DatasetC	KitC
DatasetC_sample033	G156	0.295678	DatasetC	KitC
DatasetC_sample033	G158	0.535178	DatasetC	KitC
DatasetC_sample033	G161	0.589502	DatasetC	KitC
DatasetC_sample033	G166	0.497327	DatasetC	KitC
DatasetC_sample033	G168	0.319352	DatasetC	KitC
DatasetC_sample033	G169	0.465506	DatasetC	KitC
DatasetC_sample033	G176	0.062642	DatasetC	KitC
DatasetC_sample033	G177	0.10839	DatasetC	KitC
DatasetC_sample033	G181	0.128781	DatasetC	KitC
DatasetC_sample033	G186	0.549156	DatasetC	KitC
DatasetC_sample033	G190	0.111475	DatasetC	KitC
DatasetC_sample033	G193	0.239766	DatasetC	KitC
DatasetC_sample033	G197	0.053175	DatasetC	KitC
DatasetC_sample034	G001	0.655873	DatasetC	KitC
DatasetC_sample034	G002	0.949527	DatasetC	KitC
DatasetC_sample034	G003	0.855801	DatasetC	KitC
DatasetC_sample034	G004	0.703912	DatasetC	KitC
DatasetC_sample034	G005	0.471203	DatasetC	KitC
DatasetC_sample034	G006	0.539126	DatasetC	KitC
DatasetC_sample034	G007	0.390148	DatasetC	KitC
DatasetC_sample034	G008	0.881109	DatasetC	KitC
DatasetC_sample034	G009	0.649253	DatasetC	KitC
DatasetC_sample034	G010	0.625342	DatasetC	KitC
DatasetC_sample034	G011	0.922098	DatasetC	KitC
DatasetC_sample034	G012	0.912616	DatasetC	KitC
DatasetC_sample034	G013	0.946265	DatasetC	KitC
DatasetC_sample034	G014	0.904002	DatasetC	KitC
DatasetC_sample034	G015	0.291551	DatasetC	KitC
DatasetC_sample034	G016	0.857815	DatasetC	KitC
DatasetC_sample034	G017	0.802815	DatasetC	KitC
DatasetC_sample034	G018	0.746543	DatasetC	KitC
DatasetC_sample034	G019	0.816979	DatasetC	KitC
DatasetC_sample034	G020	0.900901	DatasetC	KitC
DatasetC_sample034	G021	0.890309	DatasetC	KitC
DatasetC_sample034	G022	0.932905	DatasetC	KitC
DatasetC_sample034	G023	0.938902	DatasetC	KitC
DatasetC_sample034	G024	0.748223	DatasetC	KitC
DatasetC_sample034	G025	0.781463	DatasetC	KitC
DatasetC_sample034	G026	0.80023	DatasetC	KitC
DatasetC_sample034	G027	0.599057	DatasetC	KitC
DatasetC_sample034	G028	0.816336	DatasetC	KitC
DatasetC_sample034	G029	0.700901	DatasetC	KitC
DatasetC_sample034	G030	0.940401	DatasetC	KitC
DatasetC_sample034	G031	0.774373	DatasetC	KitC
DatasetC_sample034	G032	0.628751	DatasetC	KitC
DatasetC_sample034	G033	0.647925	DatasetC	KitC
DatasetC_sample034	G034	0.775044	DatasetC	KitC
DatasetC_sample034	G035	0.603928	DatasetC	KitC
DatasetC_sample034	G036	0.674007	DatasetC	KitC
DatasetC_sample034	G037	0.650559	DatasetC	KitC
DatasetC_sample034	G038	0.757765	DatasetC	KitC
DatasetC_sample034	G039	0.975991	DatasetC	KitC
DatasetC_sample034	G040	0.640908	DatasetC	KitC
DatasetC_sample034	G041	0.484205	DatasetC	KitC
DatasetC_sample034	G042	0.990874	DatasetC	KitC
DatasetC_sample034	G043	0.889146	DatasetC	KitC
DatasetC_sample034	G044	0.814616	DatasetC	KitC
DatasetC_sample034	G045	0.788363	DatasetC	KitC
DatasetC_sample034	G046	0.67735	DatasetC	KitC
DatasetC_sample034	G047	0.651273	DatasetC	KitC
DatasetC_sample034	G048	0.557717	DatasetC	KitC
DatasetC_sample034	G049	0.903702	DatasetC	KitC
DatasetC_sample034	G050	0.828406	DatasetC	KitC
DatasetC_sample034	G051	0.830158	DatasetC	KitC
DatasetC_sample034	G052	0.686257	DatasetC	KitC
DatasetC_sample034	G053	0.667827	DatasetC	KitC
DatasetC_sample034	G054	0.846672	DatasetC	KitC
DatasetC_sample034	G055	0.616682	DatasetC	KitC
DatasetC_sample034	G056	0.302632	DatasetC	KitC
DatasetC_sample034	G057	0.411721	DatasetC	KitC
DatasetC_sample034	G058	0.736276	DatasetC	KitC
DatasetC_sample034	G059	0.555832	DatasetC	KitC
DatasetC_sample034	G060	0.562339	DatasetC	KitC
DatasetC_sample034	G061	0.488015	DatasetC	KitC
DatasetC_sample034	G062	0.727308	DatasetC	KitC
DatasetC_sample034	G063	0.647974	DatasetC	KitC
DatasetC_sample034	G064	0.503517	DatasetC	KitC
DatasetC_sample034	G065	0.432092	DatasetC	KitC
DatasetC_sample034	G066	0.525458	DatasetC	KitC
DatasetC_sample034	G067	0.722045	DatasetC	KitC
DatasetC_sample034	G068	0.59236	DatasetC	KitC
DatasetC_sample034	G069	0.463167	DatasetC	KitC
DatasetC_sample034	G070	0.35753	DatasetC	KitC
DatasetC_sample034	G071	0.636621	DatasetC	KitC
DatasetC_sample034	G072	0.238088	DatasetC	KitC
DatasetC_sample034	G073	0.667756	DatasetC	KitC
DatasetC_sample034	G074	0.325808	DatasetC	KitC
DatasetC_sample034	G075	0.891012	DatasetC	KitC
DatasetC_sample034	G076	0.603467	DatasetC	KitC
DatasetC_sample034	G077	0.487491	DatasetC	KitC
DatasetC_sample034	G078	0.726565	DatasetC	KitC
DatasetC_sample034	G079	0.668944	DatasetC	KitC
DatasetC_sample034	G080	0.755341	DatasetC	KitC
DatasetC_sample034	G081	0.723623	DatasetC	KitC
DatasetC_sample034	G082	0.389577	DatasetC	KitC
DatasetC_sample034	G083	0.605621	DatasetC	KitC
DatasetC_sample034	G084	0.468779	DatasetC	KitC
DatasetC_sample034	G085	0.159981	DatasetC	KitC
DatasetC_sample034	G086	0.473873	DatasetC	KitC
DatasetC_sample034	G087	0.66395	DatasetC	KitC
DatasetC_sample034	G088	0.594963	DatasetC	KitC
DatasetC_sample034	G089	0.350715	DatasetC	KitC
DatasetC_sample034	G090	0.591463	DatasetC	KitC
DatasetC_sample034	G091	0.83692	DatasetC	KitC
DatasetC_sample034	G092	0.456332	DatasetC	KitC
DatasetC_sample034	G093	0.685705	DatasetC	KitC
DatasetC_sample034	G094	0.503191	DatasetC	KitC
DatasetC_sample034	G095	0.668798	DatasetC	KitC
DatasetC_sample034	G096	0.757378	DatasetC	KitC
DatasetC_sample034	G097	0.586445	DatasetC	KitC
DatasetC_sample034	G098	0.456062	DatasetC	KitC
DatasetC_sample034	G099	0.632129	DatasetC	KitC
DatasetC_sample034	G100	0.541149	DatasetC	KitC
DatasetC_sample034	G101	0.805714	DatasetC	KitC
DatasetC_sample034	G102	0.663879	DatasetC	KitC
DatasetC_sample034	G103	0.568628	DatasetC	KitC
DatasetC_sample034	G104	0.459618	DatasetC	KitC
DatasetC_sample034	G105	0.562096	DatasetC	KitC
DatasetC_sample034	G106	0.651246	DatasetC	KitC
DatasetC_sample034	G107	0.422608	DatasetC	KitC
DatasetC_sample034	G108	0.577377	DatasetC	KitC
DatasetC_sample034	G109	0.538238	DatasetC	KitC
DatasetC_sample034	G110	0.575166	DatasetC	KitC
DatasetC_sample034	G141	0.369376	DatasetC	KitC
DatasetC_sample034	G144	0.602326	DatasetC	KitC
DatasetC_sample034	G145	0.771166	DatasetC	KitC
DatasetC_sample034	G146	0.420521	DatasetC	KitC
DatasetC_sample034	G147	0.41604	DatasetC	KitC
DatasetC_sample034	G148	0.572807	DatasetC	KitC
DatasetC_sample034	G149	0.698763	DatasetC	KitC
DatasetC_sample034	G150	0.411553	DatasetC	KitC
DatasetC_sample034	G151	0.691606	DatasetC	KitC
DatasetC_sample034	G152	0.239284	DatasetC	KitC
DatasetC_sample034	G153	0.523412	DatasetC	KitC
DatasetC_sample034	G154	0.337887	DatasetC	KitC
DatasetC_sample034	G156	0.401889	DatasetC	KitC
DatasetC_sample034	G157	0.450155	DatasetC	KitC
DatasetC_sample034	G158	0.228378	DatasetC	KitC
DatasetC_sample034	G159	0.659363	DatasetC	KitC
DatasetC_sample034	G160	0.481942	DatasetC	KitC
DatasetC_sample034	G162	0.64658	DatasetC	KitC
DatasetC_sample034	G164	0.274111	DatasetC	KitC
DatasetC_sample034	G165	0.046895	DatasetC	KitC
DatasetC_sample034	G166	0.435994	DatasetC	KitC
DatasetC_sample034	G168	0.574127	DatasetC	KitC
DatasetC_sample034	G169	0.620031	DatasetC	KitC
DatasetC_sample034	G170	0.348378	DatasetC	KitC
DatasetC_sample034	G171	0.286712	DatasetC	KitC
DatasetC_sample034	G172	0.112811	DatasetC	KitC
DatasetC_sample034	G178	0.143322	DatasetC	KitC
DatasetC_sample034	G181	0.109923	DatasetC	KitC
DatasetC_sample034	G184	0.468404	DatasetC	KitC
DatasetC_sample034	G189	0.579064	DatasetC	KitC
DatasetC_sample034	G190	0.100277	DatasetC	KitC
DatasetC_sample034	G195	0.419881	DatasetC	KitC
DatasetC_sample034	G198	0.153751	DatasetC	KitC
DatasetC_sample034	G199	0.136976	DatasetC	KitC
DatasetC_sample035	G001	0.654402	DatasetC	KitC
DatasetC_sample035	G002	0.967827	DatasetC	KitC
DatasetC_sample035	G003	0.816446	DatasetC	KitC
DatasetC_sample035	G004	0.720102	DatasetC	KitC
DatasetC_sample035	G005	0.630955	DatasetC	KitC
DatasetC_sample035	G006	0.610336	DatasetC	KitC
DatasetC_sample035	G007	0.635458	DatasetC	KitC
DatasetC_sample035	G008	0.735238	DatasetC	KitC
DatasetC_sample035	G009	0.777566	DatasetC	KitC
DatasetC_sample035	G010	0.757161	DatasetC	KitC
DatasetC_sample035	G011	0.705465	DatasetC	KitC
DatasetC_sample035	G012	0.773178	DatasetC	KitC
DatasetC_sample035	G013	0.609192	DatasetC	KitC
DatasetC_sample035	G014	0.536288	DatasetC	KitC
DatasetC_sample035	G015	0.769032	DatasetC	KitC
DatasetC_sample035	G016	0.847857	DatasetC	KitC
DatasetC_sample035	G017	0.472068	DatasetC	KitC
DatasetC_sample035	G018	0.881211	DatasetC	KitC
DatasetC_sample035	G019	0.775925	DatasetC	KitC
DatasetC_sample035	G020	0.710903	DatasetC	KitC
DatasetC_sample035	G021	0.725329	DatasetC	KitC
DatasetC_sample035	G022	0.610247	DatasetC	KitC
DatasetC_sample035	G023	0.519916	DatasetC	KitC
DatasetC_sample035	G024	0.294661	DatasetC	KitC
DatasetC_sample035	G025	0.690656	DatasetC	KitC
DatasetC_sample035	G026	0.608661	DatasetC	KitC
DatasetC_sample035	G027	0.69491	DatasetC	KitC
DatasetC_sample035	G028	0.543954	DatasetC	KitC
DatasetC_sample035	G029	0.508905	DatasetC	KitC
DatasetC_sample035	G030	0.705824	DatasetC	KitC
DatasetC_sample035	G031	0.8607	DatasetC	KitC
DatasetC_sample035	G032	0.792003	DatasetC	KitC
DatasetC_sample035	G033	0.826246	DatasetC	KitC
DatasetC_sample035	G034	0.754607	DatasetC	KitC
DatasetC_sample035	G035	0.750855	DatasetC	KitC
DatasetC_sample035	G036	0.866638	DatasetC	KitC
DatasetC_sample035	G037	0.844489	DatasetC	KitC
DatasetC_sample035	G038	0.458457	DatasetC	KitC
DatasetC_sample035	G039	0.54987	DatasetC	KitC
DatasetC_sample035	G040	0.485441	DatasetC	KitC
DatasetC_sample035	G041	0.846157	DatasetC	KitC
DatasetC_sample035	G042	0.809841	DatasetC	KitC
DatasetC_sample035	G043	0.878113	DatasetC	KitC
DatasetC_sample035	G044	0.708894	DatasetC	KitC
DatasetC_sample035	G045	0.61332	DatasetC	KitC
DatasetC_sample035	G046	0.443299	DatasetC	KitC
DatasetC_sample035	G047	0.74864	DatasetC	KitC
DatasetC_sample035	G048	0.421862	DatasetC	KitC
DatasetC_sample035	G049	0.620308	DatasetC	KitC
DatasetC_sample035	G050	0.769717	DatasetC	KitC
DatasetC_sample035	G051	0.633778	DatasetC	KitC
DatasetC_sample035	G052	0.678402	DatasetC	KitC
DatasetC_sample035	G053	0.595762	DatasetC	KitC
DatasetC_sample035	G054	0.130927	DatasetC	KitC
DatasetC_sample035	G055	0.223774	DatasetC	KitC
DatasetC_sample035	G056	0.73891	DatasetC	KitC
DatasetC_sample035	G057	0.575084	DatasetC	KitC
DatasetC_sample035	G058	0.848452	DatasetC	KitC
DatasetC_sample035	G059	0.476693	DatasetC	KitC
DatasetC_sample035	G060	0.408482	DatasetC	KitC
DatasetC_sample035	G061	0.525235	DatasetC	KitC
DatasetC_sample035	G062	0.540997	DatasetC	KitC
DatasetC_sample035	G064	0.715969	DatasetC	KitC
DatasetC_sample035	G065	0.279108	DatasetC	KitC
DatasetC_sample035	G066	0.799328	DatasetC	KitC
DatasetC_sample035	G067	0.488203	DatasetC	KitC
DatasetC_sample035	G068	0.322946	DatasetC	KitC
DatasetC_sample035	G069	0.783877	DatasetC	KitC
DatasetC_sample035	G070	0.656056	DatasetC	KitC
DatasetC_sample035	G071	0.755778	DatasetC	KitC
DatasetC_sample035	G072	0.585898	DatasetC	KitC
DatasetC_sample035	G073	0.739968	DatasetC	KitC
DatasetC_sample035	G074	0.691799	DatasetC	KitC
DatasetC_sample035	G075	0.690975	DatasetC	KitC
DatasetC_sample035	G076	0.903652	DatasetC	KitC
DatasetC_sample035	G077	0.700033	DatasetC	KitC
DatasetC_sample035	G078	0.75463	DatasetC	KitC
DatasetC_sample035	G079	0.74124	DatasetC	KitC
DatasetC_sample035	G080	0.644592	DatasetC	KitC
DatasetC_sample035	G081	0.770341	DatasetC	KitC
DatasetC_sample035	G082	0.478115	DatasetC	KitC
DatasetC_sample035	G083	0.539057	DatasetC	KitC
DatasetC_sample035	G084	0.585554	DatasetC	KitC
DatasetC_sample035	G085	0.708076	DatasetC	KitC
DatasetC_sample035	G086	0.14087	DatasetC	KitC
DatasetC_sample035	G088	0.604837	DatasetC	KitC
DatasetC_sample035	G089	0.424502	DatasetC	KitC
DatasetC_sample035	G090	0.448581	DatasetC	KitC
DatasetC_sample035	G091	0.458352	DatasetC	KitC
DatasetC_sample035	G092	0.659104	DatasetC	KitC
DatasetC_sample035	G093	0.787271	DatasetC	KitC
DatasetC_sample035	G094	0.517511	DatasetC	KitC
DatasetC_sample035	G095	0.495069	DatasetC	KitC
DatasetC_sample035	G096	0.527988	DatasetC	KitC
DatasetC_sample035	G097	0.376025	DatasetC	KitC
DatasetC_sample035	G098	0.673193	DatasetC	KitC
DatasetC_sample035	G100	0.714442	DatasetC	KitC
DatasetC_sample035	G101	0.722979	DatasetC	KitC
DatasetC_sample035	G102	0.466654	DatasetC	KitC
DatasetC_sample035	G103	0.633174	DatasetC	KitC
DatasetC_sample035	G104	0.719898	DatasetC	KitC
DatasetC_sample035	G105	0.570223	DatasetC	KitC
DatasetC_sample035	G106	0.518966	DatasetC	KitC
DatasetC_sample035	G107	0.478878	DatasetC	KitC
DatasetC_sample035	G108	0.561358	DatasetC	KitC
DatasetC_sample035	G109	0.969854	DatasetC	KitC
DatasetC_sample035	G110	0.573256	DatasetC	KitC
DatasetC_sample035	G142	0.389638	DatasetC	KitC
DatasetC_sample035	G143	0.431728	DatasetC	KitC
DatasetC_sample035	G144	0.625713	DatasetC	KitC
DatasetC_sample035	G145	0.382349	DatasetC	KitC
DatasetC_sample035	G146	0.827933	DatasetC	KitC
DatasetC_sample035	G148	0.204699	DatasetC	KitC
DatasetC_sample035	G150	0.159609	DatasetC	KitC
DatasetC_sample035	G155	0.4769	DatasetC	KitC
DatasetC_sample035	G159	0.285693	DatasetC	KitC
DatasetC_sample035	G160	0.643225	DatasetC	KitC
DatasetC_sample035	G162	0.298378	DatasetC	KitC
DatasetC_sample035	G163	0.541301	DatasetC	KitC
DatasetC_sample035	G164	0.35173	DatasetC	KitC
DatasetC_sample035	G165	0.533787	DatasetC	KitC
DatasetC_sample035	G169	0.208277	DatasetC	KitC
DatasetC_sample035	G171	0.091998	DatasetC	KitC
DatasetC_sample035	G177	0.143775	DatasetC	KitC
DatasetC_sample035	G178	0.288498	DatasetC	KitC
DatasetC_sample035	G181	0.357957	DatasetC	KitC
DatasetC_sample035	G185	0.56642	DatasetC	KitC
DatasetC_sample035	G188	0.0883	DatasetC	KitC
DatasetC_sample035	G190	0.567714	DatasetC	KitC
DatasetC_sample035	G191	0.313465	DatasetC	KitC
DatasetC_sample035	G193	0.804468	DatasetC	KitC
DatasetC_sample035	G197	0.235927	DatasetC	KitC
DatasetC_sample036	G001	0.841353	DatasetC	KitC
DatasetC_sample036	G002	0.867128	DatasetC	KitC
DatasetC_sample036	G003	0.335256	DatasetC	KitC
DatasetC_sample036	G004	0.774053	DatasetC	KitC
DatasetC_sample036	G005	0.491049	DatasetC	KitC
DatasetC_sample036	G006	0.784899	DatasetC	KitC
DatasetC_sample036	G007	0.715027	DatasetC	KitC
DatasetC_sample036	G008	0.70444	DatasetC	KitC
DatasetC_sample036	G009	0.961942	DatasetC	KitC
DatasetC_sample036	G010	0.679074	DatasetC	KitC
DatasetC_sample036	G011	0.709685	DatasetC	KitC
DatasetC_sample036	G012	0.538951	DatasetC	KitC
DatasetC_sample036	G013	0.780753	DatasetC	KitC
DatasetC_sample036	G014	0.628615	DatasetC	KitC
DatasetC_sample036	G015	0.921196	DatasetC	KitC
DatasetC_sample036	G016	0.692377	DatasetC	KitC
DatasetC_sample036	G017	0.698316	DatasetC	KitC
DatasetC_sample036	G018	0.727932	DatasetC	KitC
DatasetC_sample036	G019	0.693782	DatasetC	KitC
DatasetC_sample036	G020	0.977565	DatasetC	KitC
DatasetC_sample036	G021	0.50093	DatasetC	KitC
DatasetC_sample036	G022	0.468927	DatasetC	KitC
DatasetC_sample036	G023	0.814208	DatasetC	KitC
DatasetC_sample036	G024	0.640405	DatasetC	KitC
DatasetC_sample036	G025	0.669847	DatasetC	KitC
DatasetC_sample036	G026	0.603883	DatasetC	KitC
DatasetC_sample036	G027	0.728513	DatasetC	KitC
DatasetC_sample036	G028	0.778397	DatasetC	KitC
DatasetC_sample036	G029	0.666028	DatasetC	KitC
DatasetC_sample036	G030	0.797117	DatasetC	KitC
DatasetC_sample036	G031	0.600754	DatasetC	KitC
DatasetC_sample036	G032	0.803647	DatasetC	KitC
DatasetC_sample036	G033	0.479193	DatasetC	KitC
DatasetC_sample036	G034	0.936646	DatasetC	KitC
DatasetC_sample036	G035	0.799129	DatasetC	KitC
DatasetC_sample036	G036	0.676568	DatasetC	KitC
DatasetC_sample036	G037	0.72711	DatasetC	KitC
DatasetC_sample036	G038	0.819173	DatasetC	KitC
DatasetC_sample036	G039	0.698598	DatasetC	KitC
DatasetC_sample036	G040	0.489066	DatasetC	KitC
DatasetC_sample036	G041	0.884852	DatasetC	KitC
DatasetC_sample036	G042	0.838178	DatasetC	KitC
DatasetC_sample036	G043	0.639496	DatasetC	KitC
DatasetC_sample036	G044	0.827433	DatasetC	KitC
DatasetC_sample036	G045	0.877203	DatasetC	KitC
DatasetC_sample036	G046	0.887738	DatasetC	KitC
DatasetC_sample036	G047	0.79651	DatasetC	KitC
DatasetC_sample036	G048	0.870106	DatasetC	KitC
DatasetC_sample036	G049	0.928389	DatasetC	KitC
DatasetC_sample036	G050	0.9218	DatasetC	KitC
DatasetC_sample036	G052	0.653657	DatasetC	KitC
DatasetC_sample036	G053	0.812492	DatasetC	KitC
DatasetC_sample036	G054	0.57461	DatasetC	KitC
DatasetC_sample036	G055	0.692319	DatasetC	KitC
DatasetC_sample036	G056	0.46606	DatasetC	KitC
DatasetC_sample036	G057	0.308161	DatasetC	KitC
DatasetC_sample036	G058	0.737807	DatasetC	KitC
DatasetC_sample036	G059	0.489592	DatasetC	KitC
DatasetC_sample036	G060	0.753631	DatasetC	KitC
DatasetC_sample036	G061	0.669521	DatasetC	KitC
DatasetC_sample036	G062	0.388838	DatasetC	KitC
DatasetC_sample036	G063	0.422402	DatasetC	KitC
DatasetC_sample036	G064	0.446379	DatasetC	KitC
DatasetC_sample036	G065	0.677629	DatasetC	KitC
DatasetC_sample036	G066	0.677008	DatasetC	KitC
DatasetC_sample036	G067	0.493018	DatasetC	KitC
DatasetC_sample036	G068	0.615998	DatasetC	KitC
DatasetC_sample036	G069	0.441034	DatasetC	KitC
DatasetC_sample036	G070	0.827107	DatasetC	KitC
DatasetC_sample036	G071	0.658715	DatasetC	KitC
DatasetC_sample036	G072	0.512987	DatasetC	KitC
DatasetC_sample036	G073	0.690403	DatasetC	KitC
DatasetC_sample036	G074	0.73073	DatasetC	KitC
DatasetC_sample036	G076	0.516767	DatasetC	KitC
DatasetC_sample036	G077	0.753485	DatasetC	KitC
DatasetC_sample036	G078	0.429216	DatasetC	KitC
DatasetC_sample036	G079	0.827283	DatasetC	KitC
DatasetC_sample036	G080	0.418447	DatasetC	KitC
DatasetC_sample036	G081	0.369155	DatasetC	KitC
DatasetC_sample036	G082	0.376101	DatasetC	KitC
DatasetC_sample036	G083	0.604132	DatasetC	KitC
DatasetC_sample036	G084	0.495178	DatasetC	KitC
DatasetC_sample036	G085	0.62619	DatasetC	KitC
DatasetC_sample036	G086	0.524868	DatasetC	KitC
DatasetC_sample036	G087	0.365057	DatasetC	KitC
DatasetC_sample036	G088	0.616601	DatasetC	KitC
DatasetC_sample036	G089	0.406916	DatasetC	KitC
DatasetC_sample036	G090	0.656617	DatasetC	KitC
DatasetC_sample036	G091	0.466838	DatasetC	KitC
DatasetC_sample036	G092	0.652839	DatasetC	KitC
DatasetC_sample036	G093	0.618478	DatasetC	KitC
DatasetC_sample036	G094	0.703769	DatasetC	KitC
DatasetC_sample036	G095	0.713788	DatasetC	KitC
DatasetC_sample036	G096	0.632927	DatasetC	KitC
DatasetC_sample036	G097	0.62048	DatasetC	KitC
DatasetC_sample036	G098	0.621649	DatasetC	KitC
DatasetC_sample036	G099	0.732648	DatasetC	KitC
DatasetC_sample036	G100	0.627608	DatasetC	KitC
DatasetC_sample036	G101	0.565035	DatasetC	KitC
DatasetC_sample036	G102	0.207343	DatasetC	KitC
DatasetC_sample036	G103	0.623451	DatasetC	KitC
DatasetC_sample036	G104	0.735268	DatasetC	KitC
DatasetC_sample036	G105	0.387516	DatasetC	KitC
DatasetC_sample036	G106	0.544001	DatasetC	KitC
DatasetC_sample036	G107	0.687771	DatasetC	KitC
DatasetC_sample036	G108	0.569993	DatasetC	KitC
DatasetC_sample036	G109	0.198378	DatasetC	KitC
DatasetC_sample036	G110	0.345221	DatasetC	KitC
DatasetC_sample036	G142	0.714851	DatasetC	KitC
DatasetC_sample036	G144	0.381799	DatasetC	KitC
DatasetC_sample036	G145	0.231418	DatasetC	KitC
DatasetC_sample036	G146	0.234061	DatasetC	KitC
DatasetC_sample036	G150	0.44336	DatasetC	KitC
DatasetC_sample036	G151	0.252994	DatasetC	KitC
DatasetC_sample036	G152	0.52512	DatasetC	KitC
DatasetC_sample036	G153	0.34392	DatasetC	KitC
DatasetC_sample036	G154	0.786635	DatasetC	KitC
DatasetC_sample036	G156	0.670884	DatasetC	KitC
DatasetC_sample036	G157	0.720844	DatasetC	KitC
DatasetC_sample036	G158	0.318823	DatasetC	KitC
DatasetC_sample036	G163	0.506155	DatasetC	KitC
DatasetC_sample036	G164	0.448672	DatasetC	KitC
DatasetC_sample036	G165	0.310698	DatasetC	KitC
DatasetC_sample036	G167	0.60014	DatasetC	KitC
DatasetC_sample036	G169	0.274137	DatasetC	KitC
DatasetC_sample036	G170	0.285269	DatasetC	KitC
DatasetC_sample036	G178	0.333983	DatasetC	KitC
DatasetC_sample036	G179	0.301044	DatasetC	KitC
DatasetC_sample036	G180	0.282467	DatasetC	KitC
DatasetC_sample036	G184	0.184569	DatasetC	KitC
DatasetC_sample036	G189	0.212314	DatasetC	KitC
DatasetC_sample036	G190	0.297011	DatasetC	KitC
DatasetC_sample036	G191	0.313626	DatasetC	KitC
DatasetC_sample036	G194	0.501594	DatasetC	KitC
DatasetC_sample037	G001	0.79697	DatasetC	KitC
DatasetC_sample037	G002	0.750343	DatasetC	KitC
DatasetC_sample037	G003	0.811554	DatasetC	KitC
DatasetC_sample037	G004	0.88453	DatasetC	KitC
DatasetC_sample037	G005	0.779202	DatasetC	KitC
DatasetC_sample037	G006	0.563798	DatasetC	KitC
DatasetC_sample037	G007	0.77763	DatasetC	KitC
DatasetC_sample037	G008	0.677371	DatasetC	KitC
DatasetC_sample037	G009	0.65091	DatasetC	KitC
DatasetC_sample037	G010	0.701768	DatasetC	KitC
DatasetC_sample037	G011	0.282222	DatasetC	KitC
DatasetC_sample037	G012	0.539005	DatasetC	KitC
DatasetC_sample037	G013	0.917672	DatasetC	KitC
DatasetC_sample037	G014	0.660368	DatasetC	KitC
DatasetC_sample037	G015	0.485198	DatasetC	KitC
DatasetC_sample037	G016	0.632489	DatasetC	KitC
DatasetC_sample037	G017	0.586617	DatasetC	KitC
DatasetC_sample037	G018	0.749344	DatasetC	KitC
DatasetC_sample037	G019	0.507223	DatasetC	KitC
DatasetC_sample037	G020	0.729573	DatasetC	KitC
DatasetC_sample037	G021	0.926919	DatasetC	KitC
DatasetC_sample037	G022	0.547591	DatasetC	KitC
DatasetC_sample037	G023	0.312338	DatasetC	KitC
DatasetC_sample037	G024	0.686514	DatasetC	KitC
DatasetC_sample037	G025	0.685319	DatasetC	KitC
DatasetC_sample037	G026	0.801591	DatasetC	KitC
DatasetC_sample037	G027	0.772583	DatasetC	KitC
DatasetC_sample037	G028	0.951565	DatasetC	KitC
DatasetC_sample037	G029	0.746234	DatasetC	KitC
DatasetC_sample037	G030	0.849204	DatasetC	KitC
DatasetC_sample037	G031	0.675965	DatasetC	KitC
DatasetC_sample037	G032	0.849838	DatasetC	KitC
DatasetC_sample037	G033	0.841635	DatasetC	KitC
DatasetC_sample037	G034	0.916828	DatasetC	KitC
DatasetC_sample037	G035	0.574955	DatasetC	KitC
DatasetC_sample037	G036	0.571116	DatasetC	KitC
DatasetC_sample037	G037	0.865562	DatasetC	KitC
DatasetC_sample037	G038	0.46257	DatasetC	KitC
DatasetC_sample037	G039	0.368819	DatasetC	KitC
DatasetC_sample037	G040	0.861723	DatasetC	KitC
DatasetC_sample037	G041	0.900786	DatasetC	KitC
DatasetC_sample037	G042	0.841476	DatasetC	KitC
DatasetC_sample037	G043	0.70813	DatasetC	KitC
DatasetC_sample037	G044	0.601586	DatasetC	KitC
DatasetC_sample037	G045	0.442082	DatasetC	KitC
DatasetC_sample037	G046	0.803743	DatasetC	KitC
DatasetC_sample037	G047	0.725838	DatasetC	KitC
DatasetC_sample037	G048	0.863696	DatasetC	KitC
DatasetC_sample037	G049	0.74946	DatasetC	KitC
DatasetC_sample037	G050	0.684693	DatasetC	KitC
DatasetC_sample037	G051	0.385018	DatasetC	KitC
DatasetC_sample037	G052	0.741283	DatasetC	KitC
DatasetC_sample037	G053	0.415965	DatasetC	KitC
DatasetC_sample037	G054	0.456565	DatasetC	KitC
DatasetC_sample037	G055	0.484412	DatasetC	KitC
DatasetC_sample037	G056	0.569509	DatasetC	KitC
DatasetC_sample037	G057	0.641698	DatasetC	KitC
DatasetC_sample037	G058	0.553702	DatasetC	KitC
DatasetC_sample037	G059	0.847819	DatasetC	KitC
DatasetC_sample037	G060	0.762815	DatasetC	KitC
DatasetC_sample037	G061	0.49273	DatasetC	KitC
DatasetC_sample037	G062	0.822444	DatasetC	KitC
DatasetC_sample037	G063	0.700521	DatasetC	KitC
DatasetC_sample037	G064	0.372378	DatasetC	KitC
DatasetC_sample037	G065	0.837608	DatasetC	KitC
DatasetC_sample037	G066	0.841899	DatasetC	KitC
DatasetC_sample037	G067	0.5899	DatasetC	KitC
DatasetC_sample037	G068	0.671411	DatasetC	KitC
DatasetC_sample037	G069	0.60115	DatasetC	KitC
DatasetC_sample037	G070	0.621407	DatasetC	KitC
DatasetC_sample037	G071	0.358554	DatasetC	KitC
DatasetC_sample037	G072	0.753329	DatasetC	KitC
DatasetC_sample037	G073	0.636216	DatasetC	KitC
DatasetC_sample037	G074	0.408515	DatasetC	KitC
DatasetC_sample037	G075	0.608606	DatasetC	KitC
DatasetC_sample037	G076	0.432301	DatasetC	KitC
DatasetC_sample037	G077	0.258741	DatasetC	KitC
DatasetC_sample037	G078	0.606199	DatasetC	KitC
DatasetC_sample037	G079	0.590001	DatasetC	KitC
DatasetC_sample037	G080	0.295855	DatasetC	KitC
DatasetC_sample037	G081	0.388842	DatasetC	KitC
DatasetC_sample037	G082	0.560332	DatasetC	KitC
DatasetC_sample037	G083	0.875212	DatasetC	KitC
DatasetC_sample037	G084	0.542558	DatasetC	KitC
DatasetC_sample037	G085	0.350931	DatasetC	KitC
DatasetC_sample037	G086	0.603376	DatasetC	KitC
DatasetC_sample037	G087	0.413828	DatasetC	KitC
DatasetC_sample037	G088	0.568763	DatasetC	KitC
DatasetC_sample037	G089	0.634824	DatasetC	KitC
DatasetC_sample037	G090	0.61768	DatasetC	KitC
DatasetC_sample037	G091	0.370156	DatasetC	KitC
DatasetC_sample037	G092	0.486952	DatasetC	KitC
DatasetC_sample037	G093	0.358233	DatasetC	KitC
DatasetC_sample037	G094	0.494666	DatasetC	KitC
DatasetC_sample037	G095	0.571918	DatasetC	KitC
DatasetC_sample037	G096	0.816536	DatasetC	KitC
DatasetC_sample037	G097	0.816137	DatasetC	KitC
DatasetC_sample037	G098	0.647907	DatasetC	KitC
DatasetC_sample037	G099	0.529315	DatasetC	KitC
DatasetC_sample037	G100	0.699694	DatasetC	KitC
DatasetC_sample037	G101	0.546748	DatasetC	KitC
DatasetC_sample037	G102	0.424702	DatasetC	KitC
DatasetC_sample037	G103	0.379813	DatasetC	KitC
DatasetC_sample037	G104	0.633654	DatasetC	KitC
DatasetC_sample037	G105	0.427989	DatasetC	KitC
DatasetC_sample037	G106	0.64105	DatasetC	KitC
DatasetC_sample037	G107	0.323448	DatasetC	KitC
DatasetC_sample037	G108	0.459552	DatasetC	KitC
DatasetC_sample037	G109	0.638503	DatasetC	KitC
DatasetC_sample037	G110	0.659278	DatasetC	KitC
DatasetC_sample037	G142	0.473475	DatasetC	KitC
DatasetC_sample037	G145	0.150414	DatasetC	KitC
DatasetC_sample037	G146	0.235056	DatasetC	KitC
DatasetC_sample037	G148	0.243359	DatasetC	KitC
DatasetC_sample037	G151	0.506007	DatasetC	KitC
DatasetC_sample037	G154	0.423211	DatasetC	KitC
DatasetC_sample037	G156	0.350853	DatasetC	KitC
DatasetC_sample037	G157	0.195131	DatasetC	KitC
DatasetC_sample037	G158	0.288384	DatasetC	KitC
DatasetC_sample037	G159	0.43991	DatasetC	KitC
DatasetC_sample037	G161	0.433707	DatasetC	KitC
DatasetC_sample037	G162	0.4108	DatasetC	KitC
DatasetC_sample037	G163	0.298432	DatasetC	KitC
DatasetC_sample037	G164	0.275464	DatasetC	KitC
DatasetC_sample037	G165	0.545036	DatasetC	KitC
DatasetC_sample037	G167	0.072845	DatasetC	KitC
DatasetC_sample037	G168	0.231367	DatasetC	KitC
DatasetC_sample037	G169	0.317882	DatasetC	KitC
DatasetC_sample037	G171	0.136149	DatasetC	KitC
DatasetC_sample037	G172	0.006145	DatasetC	KitC
DatasetC_sample037	G173	0.565497	DatasetC	KitC
DatasetC_sample037	G175	0.391304	DatasetC	KitC
DatasetC_sample037	G177	0.020662	DatasetC	KitC
DatasetC_sample037	G180	0.329376	DatasetC	KitC
DatasetC_sample037	G182	0.204313	DatasetC	KitC
DatasetC_sample037	G188	0.045996	DatasetC	KitC
DatasetC_sample037	G191	0.136364	DatasetC	KitC
DatasetC_sample037	G193	0.125794	DatasetC	KitC
DatasetC_sample037	G197	0.239759	DatasetC	KitC
DatasetC_sample037	G199	0.376238	DatasetC	KitC
DatasetC_sample038	G001	0.734561	DatasetC	KitC
DatasetC_sample038	G002	0.87235	DatasetC	KitC
DatasetC_sample038	G003	0.460048	DatasetC	KitC
DatasetC_sample038	G004	0.745389	DatasetC	KitC
DatasetC_sample038	G005	0.455014	DatasetC	KitC
DatasetC_sample038	G006	0.741076	DatasetC	KitC
DatasetC_sample038	G007	0.764615	DatasetC	KitC
DatasetC_sample038	G008	0.670235	DatasetC	KitC
DatasetC_sample038	G009	0.562371	DatasetC	KitC
DatasetC_sample038	G010	0.837941	DatasetC	KitC
DatasetC_sample038	G011	0.751263	DatasetC	KitC
DatasetC_sample038	G012	0.839923	DatasetC	KitC
DatasetC_sample038	G013	0.73657	DatasetC	KitC
DatasetC_sample038	G014	0.799739	DatasetC	KitC
DatasetC_sample038	G015	0.550212	DatasetC	KitC
DatasetC_sample038	G016	0.402809	DatasetC	KitC
DatasetC_sample038	G017	0.881844	DatasetC	KitC
DatasetC_sample038	G018	0.900613	DatasetC	KitC
DatasetC_sample038	G019	0.676914	DatasetC	KitC
DatasetC_sample038	G020	0.652787	DatasetC	KitC
DatasetC_sample038	G021	0.877964	DatasetC	KitC
DatasetC_sample038	G022	0.617541	DatasetC	KitC
DatasetC_sample038	G023	0.896264	DatasetC	KitC
DatasetC_sample038	G024	0.790128	DatasetC	KitC
DatasetC_sample038	G025	0.65523	DatasetC	KitC
DatasetC_sample038	G026	0.887223	DatasetC	KitC
DatasetC_sample038	G027	0.698151	DatasetC	KitC
DatasetC_sample038	G028	0.803827	DatasetC	KitC
DatasetC_sample038	G029	0.79292	DatasetC	KitC
DatasetC_sample038	G030	0.75651	DatasetC	KitC
DatasetC_sample038	G031	0.397545	DatasetC	KitC
DatasetC_sample038	G032	0.506782	DatasetC	KitC
DatasetC_sample038	G033	0.780922	DatasetC	KitC
DatasetC_sample038	G034	0.915486	DatasetC	KitC
DatasetC_sample038	G035	0.869716	DatasetC	KitC
DatasetC_sample038	G036	0.284448	DatasetC	KitC
DatasetC_sample038	G037	0.804991	DatasetC	KitC
DatasetC_sample038	G038	0.65061	DatasetC	KitC
DatasetC_sample038	G039	0.675785	DatasetC	KitC
DatasetC_sample038	G040	0.914556	DatasetC	KitC
DatasetC_sample038	G041	0.670949	DatasetC	KitC
DatasetC_sample038	G042	0.882395	DatasetC	KitC
DatasetC_sample038	G043	0.391074	DatasetC	KitC
DatasetC_sample038	G044	0.943515	DatasetC	KitC
DatasetC_sample038	G045	0.767585	DatasetC	KitC
DatasetC_sample038	G046	0.925089	DatasetC	KitC
DatasetC_sample038	G047	0.726911	DatasetC	KitC
DatasetC_sample038	G048	0.421139	DatasetC	KitC
DatasetC_sample038	G049	0.728155	DatasetC	KitC
DatasetC_sample038	G050	0.850288	DatasetC	KitC
DatasetC_sample038	G051	0.661914	DatasetC	KitC
DatasetC_sample038	G052	0.586085	DatasetC	KitC
DatasetC_sample038	G054	0.610976	DatasetC	KitC
DatasetC_sample038	G055	0.861101	DatasetC	KitC
DatasetC_sample038	G056	0.410455	DatasetC	KitC
DatasetC_sample038	G057	0.583938	DatasetC	KitC
DatasetC_sample038	G058	0.852198	DatasetC	KitC
DatasetC_sample038	G059	0.556694	DatasetC	KitC
DatasetC_sample038	G060	0.408376	DatasetC	KitC
DatasetC_sample038	G061	0.68769	DatasetC	KitC
DatasetC_sample038	G062	0.44042	DatasetC	KitC
DatasetC_sample038	G063	0.42179	DatasetC	KitC
DatasetC_sample038	G064	0.697888	DatasetC	KitC
DatasetC_sample038	G065	0.608926	DatasetC	KitC
DatasetC_sample038	G066	0.359933	DatasetC	KitC
DatasetC_sample038	G067	0.593133	DatasetC	KitC
DatasetC_sample038	G068	0.63488	DatasetC	KitC
DatasetC_sample038	G069	0.711192	DatasetC	KitC
DatasetC_sample038	G070	0.647405	DatasetC	KitC
DatasetC_sample038	G071	0.364174	DatasetC	KitC
DatasetC_sample038	G072	0.829955	DatasetC	KitC
DatasetC_sample038	G074	0.461199	DatasetC	KitC
DatasetC_sample038	G075	0.246143	DatasetC	KitC
DatasetC_sample038	G076	0.704218	DatasetC	KitC
DatasetC_sample038	G077	0.437871	DatasetC	KitC
DatasetC_sample038	G078	0.641568	DatasetC	KitC
DatasetC_sample038	G079	0.570325	DatasetC	KitC
DatasetC_sample038	G080	0.616214	DatasetC	KitC
DatasetC_sample038	G081	0.231532	DatasetC	KitC
DatasetC_sample038	G082	0.565637	DatasetC	KitC
DatasetC_sample038	G083	0.880323	DatasetC	KitC
DatasetC_sample038	G084	0.769167	DatasetC	KitC
DatasetC_sample038	G085	0.76264	DatasetC	KitC
DatasetC_sample038	G086	0.519224	DatasetC	KitC
DatasetC_sample038	G087	0.438954	DatasetC	KitC
DatasetC_sample038	G088	0.516146	DatasetC	KitC
DatasetC_sample038	G089	0.533207	DatasetC	KitC
DatasetC_sample038	G090	0.786695	DatasetC	KitC
DatasetC_sample038	G091	0.485348	DatasetC	KitC
DatasetC_sample038	G092	0.576881	DatasetC	KitC
DatasetC_sample038	G093	0.521901	DatasetC	KitC
DatasetC_sample038	G094	0.637587	DatasetC	KitC
DatasetC_sample038	G095	0.801409	DatasetC	KitC
DatasetC_sample038	G096	0.600326	DatasetC	KitC
DatasetC_sample038	G097	0.488647	DatasetC	KitC
DatasetC_sample038	G098	0.568023	DatasetC	KitC
DatasetC_sample038	G099	0.783189	DatasetC	KitC
DatasetC_sample038	G100	0.610571	DatasetC	KitC
DatasetC_sample038	G101	0.378996	DatasetC	KitC
DatasetC_sample038	G102	0.455544	DatasetC	KitC
DatasetC_sample038	G103	0.49414	DatasetC	KitC
DatasetC_sample038	G104	0.62659	DatasetC	KitC
DatasetC_sample038	G105	0.361021	DatasetC	KitC
DatasetC_sample038	G106	0.395468	DatasetC	KitC
DatasetC_sample038	G107	0.625788	DatasetC	KitC
DatasetC_sample038	G108	0.255749	DatasetC	KitC
DatasetC_sample038	G109	0.669691	DatasetC	KitC
DatasetC_sample038	G110	0.797769	DatasetC	KitC
DatasetC_sample038	G141	0.274172	DatasetC	KitC
DatasetC_sample038	G143	0.53971	DatasetC	KitC
DatasetC_sample038	G144	0.415415	DatasetC	KitC
DatasetC_sample038	G145	0.246677	DatasetC	KitC
DatasetC_sample038	G146	0.653806	DatasetC	KitC
DatasetC_sample038	G147	0.501597	DatasetC	KitC
DatasetC_sample038	G149	0.517138	DatasetC	KitC
DatasetC_sample038	G150	0.296086	DatasetC	KitC
DatasetC_sample038	G151	0.61074	DatasetC	KitC
DatasetC_sample038	G152	0.878332	DatasetC	KitC
DatasetC_sample038	G154	0.784428	DatasetC	KitC
DatasetC_sample038	G155	0.462601	DatasetC	KitC
DatasetC_sample038	G156	0.284892	DatasetC	KitC
DatasetC_sample038	G158	0.346358	DatasetC	KitC
DatasetC_sample038	G161	0.434989	DatasetC	KitC
DatasetC_sample038	G163	0.480295	DatasetC	KitC
DatasetC_sample038	G164	0.106763	DatasetC	KitC
DatasetC_sample038	G166	0.867093	DatasetC	KitC
DatasetC_sample038	G167	0.315202	DatasetC	KitC
DatasetC_sample038	G168	0.576673	DatasetC	KitC
DatasetC_sample038	G169	0.443212	DatasetC	KitC
DatasetC_sample038	G174	0.119769	DatasetC	KitC
DatasetC_sample038	G182	0.332294	DatasetC	KitC
DatasetC_sample038	G187	0.050368	DatasetC	KitC
DatasetC_sample038	G188	0.462565	DatasetC	KitC
DatasetC_sample038	G189	0.156797	DatasetC	KitC
DatasetC_sample038	G192	0.162064	DatasetC	KitC
DatasetC_sample038	G195	0.635448	DatasetC	KitC
DatasetC_sample038	G197	0.117275	DatasetC	KitC
DatasetC_sample039	G001	0.930484	DatasetC	KitC
DatasetC_sample039	G002	0.51237	DatasetC	KitC
DatasetC_sample039	G003	0.930033	DatasetC	KitC
DatasetC_sample039	G004	0.772658	DatasetC	KitC
DatasetC_sample039	G005	0.955563	DatasetC	KitC
DatasetC_sample039	G006	0.707677	DatasetC	KitC
DatasetC_sample039	G007	0.879626	DatasetC	KitC
DatasetC_sample039	G008	0.537844	DatasetC	KitC
DatasetC_sample039	G009	0.786616	DatasetC	KitC
DatasetC_sample039	G010	0.786648	DatasetC	KitC
DatasetC_sample039	G011	0.784899	DatasetC	KitC
DatasetC_sample039	G012	0.872106	DatasetC	KitC
DatasetC_sample039	G013	0.530925	DatasetC	KitC
DatasetC_sample039	G014	0.608189	DatasetC	KitC
DatasetC_sample039	G015	0.845334	DatasetC	KitC
DatasetC_sample039	G016	0.535799	DatasetC	KitC
DatasetC_sample039	G017	0.707591	DatasetC	KitC
DatasetC_sample039	G018	0.800032	DatasetC	KitC
DatasetC_sample039	G019	0.928177	DatasetC	KitC
DatasetC_sample039	G020	0.765633	DatasetC	KitC
DatasetC_sample039	G021	0.847168	DatasetC	KitC
DatasetC_sample039	G022	0.623559	DatasetC	KitC
DatasetC_sample039	G023	0.584528	DatasetC	KitC
DatasetC_sample039	G024	0.747611	DatasetC	KitC
DatasetC_sample039	G025	0.604812	DatasetC	KitC
DatasetC_sample039	G026	0.771364	DatasetC	KitC
DatasetC_sample039	G027	0.569021	DatasetC	KitC
DatasetC_sample039	G028	0.984878	DatasetC	KitC
DatasetC_sample039	G029	0.811397	DatasetC	KitC
DatasetC_sample039	G030	0.781793	DatasetC	KitC
DatasetC_sample039	G031	0.933486	DatasetC	KitC
DatasetC_sample039	G032	0.666491	DatasetC	KitC
DatasetC_sample039	G033	0.861816	DatasetC	KitC
DatasetC_sample039	G034	0.620817	DatasetC	KitC
DatasetC_sample039	G035	0.86951	DatasetC	KitC
DatasetC_sample039	G036	0.5365	DatasetC	KitC
DatasetC_sample039	G037	0.852727	DatasetC	KitC
DatasetC_sample039	G038	0.531216	DatasetC	KitC
DatasetC_sample039	G039	0.577243	DatasetC	KitC
DatasetC_sample039	G040	0.711853	DatasetC	KitC
DatasetC_sample039	G041	0.61656	DatasetC	KitC
DatasetC_sample039	G042	0.883475	DatasetC	KitC
DatasetC_sample039	G043	0.873799	DatasetC	KitC
DatasetC_sample039	G044	0.78782	DatasetC	KitC
DatasetC_sample039	G045	0.920342	DatasetC	KitC
DatasetC_sample039	G046	0.943038	DatasetC	KitC
DatasetC_sample039	G047	0.518726	DatasetC	KitC
DatasetC_sample039	G048	0.905317	DatasetC	KitC
DatasetC_sample039	G049	0.880347	DatasetC	KitC
DatasetC_sample039	G050	0.823855	DatasetC	KitC
DatasetC_sample039	G051	0.646169	DatasetC	KitC
DatasetC_sample039	G052	0.301425	DatasetC	KitC
DatasetC_sample039	G053	0.307925	DatasetC	KitC
DatasetC_sample039	G054	0.810217	DatasetC	KitC
DatasetC_sample039	G055	0.456156	DatasetC	KitC
DatasetC_sample039	G056	0.524815	DatasetC	KitC
DatasetC_sample039	G057	0.698843	DatasetC	KitC
DatasetC_sample039	G058	0.700256	DatasetC	KitC
DatasetC_sample039	G059	0.623218	DatasetC	KitC
DatasetC_sample039	G060	0.589275	DatasetC	KitC
DatasetC_sample039	G061	0.731351	DatasetC	KitC
DatasetC_sample039	G062	0.788181	DatasetC	KitC
DatasetC_sample039	G063	0.567406	DatasetC	KitC
DatasetC_sample039	G064	0.551184	DatasetC	KitC
DatasetC_sample039	G065	0.680303	DatasetC	KitC
DatasetC_sample039	G066	0.889984	DatasetC	KitC
DatasetC_sample039	G067	0.238178	DatasetC	KitC
DatasetC_sample039	G068	0.657533	DatasetC	KitC
DatasetC_sample039	G069	0.639464	DatasetC	KitC
DatasetC_sample039	G070	0.573779	DatasetC	KitC
DatasetC_sample039	G071	0.318271	DatasetC	KitC
DatasetC_sample039	G072	0.834714	DatasetC	KitC
DatasetC_sample039	G073	0.386923	DatasetC	KitC
DatasetC_sample039	G074	0.795906	DatasetC	KitC
DatasetC_sample039	G075	0.455792	DatasetC	KitC
DatasetC_sample039	G076	0.738251	DatasetC	KitC
DatasetC_sample039	G077	0.682213	DatasetC	KitC
DatasetC_sample039	G078	0.441812	DatasetC	KitC
DatasetC_sample039	G079	0.21541	DatasetC	KitC
DatasetC_sample039	G080	0.57548	DatasetC	KitC
DatasetC_sample039	G081	0.82918	DatasetC	KitC
DatasetC_sample039	G082	0.160188	DatasetC	KitC
DatasetC_sample039	G083	0.689513	DatasetC	KitC
DatasetC_sample039	G084	0.643459	DatasetC	KitC
DatasetC_sample039	G085	0.922487	DatasetC	KitC
DatasetC_sample039	G086	0.737906	DatasetC	KitC
DatasetC_sample039	G087	0.683559	DatasetC	KitC
DatasetC_sample039	G088	0.806445	DatasetC	KitC
DatasetC_sample039	G089	0.32569	DatasetC	KitC
DatasetC_sample039	G090	0.559847	DatasetC	KitC
DatasetC_sample039	G091	0.586015	DatasetC	KitC
DatasetC_sample039	G092	0.456313	DatasetC	KitC
DatasetC_sample039	G093	0.86686	DatasetC	KitC
DatasetC_sample039	G095	0.567504	DatasetC	KitC
DatasetC_sample039	G096	0.732108	DatasetC	KitC
DatasetC_sample039	G097	0.57245	DatasetC	KitC
DatasetC_sample039	G098	0.572661	DatasetC	KitC
DatasetC_sample039	G099	0.83365	DatasetC	KitC
DatasetC_sample039	G100	0.160419	DatasetC	KitC
DatasetC_sample039	G101	0.66872	DatasetC	KitC
DatasetC_sample039	G102	0.469996	DatasetC	KitC
DatasetC_sample039	G103	0.664347	DatasetC	KitC
DatasetC_sample039	G104	0.410692	DatasetC	KitC
DatasetC_sample039	G105	0.213526	DatasetC	KitC
DatasetC_sample039	G106	0.448699	DatasetC	KitC
DatasetC_sample039	G107	0.621501	DatasetC	KitC
DatasetC_sample039	G108	0.849029	DatasetC	KitC
DatasetC_sample039	G109	0.563105	DatasetC	KitC
DatasetC_sample039	G110	0.371423	DatasetC	KitC
DatasetC_sample039	G141	0.118719	DatasetC	KitC
DatasetC_sample039	G142	0.20981	DatasetC	KitC
DatasetC_sample039	G148	0.159213	DatasetC	KitC
DatasetC_sample039	G149	0.460449	DatasetC	KitC
DatasetC_sample039	G152	0.217812	DatasetC	KitC
DatasetC_sample039	G153	0.517084	DatasetC	KitC
DatasetC_sample039	G154	0.405063	DatasetC	KitC
DatasetC_sample039	G155	0.445624	DatasetC	KitC
DatasetC_sample039	G156	0.579471	DatasetC	KitC
DatasetC_sample039	G158	0.502645	DatasetC	KitC
DatasetC_sample039	G161	0.607433	DatasetC	KitC
DatasetC_sample039	G163	0.345469	DatasetC	KitC
DatasetC_sample039	G166	0.139939	DatasetC	KitC
DatasetC_sample039	G167	0.573462	DatasetC	KitC
DatasetC_sample039	G169	0.607485	DatasetC	KitC
DatasetC_sample039	G171	0.583264	DatasetC	KitC
DatasetC_sample039	G178	0.086582	DatasetC	KitC
DatasetC_sample039	G181	0.149789	DatasetC	KitC
DatasetC_sample039	G187	0.042018	DatasetC	KitC
DatasetC_sample039	G189	0.242273	DatasetC	KitC
DatasetC_sample039	G191	0.204626	DatasetC	KitC
DatasetC_sample040	G001	0.617758	DatasetC	KitC
DatasetC_sample040	G002	0.594978	DatasetC	KitC
DatasetC_sample040	G003	0.919214	DatasetC	KitC
DatasetC_sample040	G004	0.611449	DatasetC	KitC
DatasetC_sample040	G005	0.714307	DatasetC	KitC
DatasetC_sample040	G006	0.507445	DatasetC	KitC
DatasetC_sample040	G007	0.820089	DatasetC	KitC
DatasetC_sample040	G008	0.785976	DatasetC	KitC
DatasetC_sample040	G009	0.737687	DatasetC	KitC
DatasetC_sample040	G010	0.699888	DatasetC	KitC
DatasetC_sample040	G011	0.851526	DatasetC	KitC
DatasetC_sample040	G012	0.534924	DatasetC	KitC
DatasetC_sample040	G013	0.823742	DatasetC	KitC
DatasetC_sample040	G014	0.618539	DatasetC	KitC
DatasetC_sample040	G015	0.591426	DatasetC	KitC
DatasetC_sample040	G016	0.801615	DatasetC	KitC
DatasetC_sample040	G017	0.859419	DatasetC	KitC
DatasetC_sample040	G018	0.950011	DatasetC	KitC
DatasetC_sample040	G019	0.984509	DatasetC	KitC
DatasetC_sample040	G020	0.903288	DatasetC	KitC
DatasetC_sample040	G021	0.734029	DatasetC	KitC
DatasetC_sample040	G022	0.953758	DatasetC	KitC
DatasetC_sample040	G023	0.826482	DatasetC	KitC
DatasetC_sample040	G024	0.490728	DatasetC	KitC
DatasetC_sample040	G025	0.762412	DatasetC	KitC
DatasetC_sample040	G026	0.432329	DatasetC	KitC
DatasetC_sample040	G027	0.583901	DatasetC	KitC
DatasetC_sample040	G028	0.72166	DatasetC	KitC
DatasetC_sample040	G029	0.439131	DatasetC	KitC
DatasetC_sample040	G030	0.586268	DatasetC	KitC
DatasetC_sample040	G031	0.935672	DatasetC	KitC
DatasetC_sample040	G032	0.611835	DatasetC	KitC
DatasetC_sample040	G033	0.701766	DatasetC	KitC
DatasetC_sample040	G034	0.672409	DatasetC	KitC
DatasetC_sample040	G035	0.815814	DatasetC	KitC
DatasetC_sample040	G036	0.920826	DatasetC	KitC
DatasetC_sample040	G037	0.433212	DatasetC	KitC
DatasetC_sample040	G038	0.718638	DatasetC	KitC
DatasetC_sample040	G039	0.493052	DatasetC	KitC
DatasetC_sample040	G040	0.572206	DatasetC	KitC
DatasetC_sample040	G041	0.764607	DatasetC	KitC
DatasetC_sample040	G042	0.537331	DatasetC	KitC
DatasetC_sample040	G043	0.955869	DatasetC	KitC
DatasetC_sample040	G044	0.584537	DatasetC	KitC
DatasetC_sample040	G045	0.735295	DatasetC	KitC
DatasetC_sample040	G046	0.832391	DatasetC	KitC
DatasetC_sample040	G047	0.909658	DatasetC	KitC
DatasetC_sample040	G048	0.661401	DatasetC	KitC
DatasetC_sample040	G049	0.69432	DatasetC	KitC
DatasetC_sample040	G050	0.561489	DatasetC	KitC
DatasetC_sample040	G051	0.450789	DatasetC	KitC
DatasetC_sample040	G052	0.34146	DatasetC	KitC
DatasetC_sample040	G053	0.545331	DatasetC	KitC
DatasetC_sample040	G054	0.433647	DatasetC	KitC
DatasetC_sample040	G055	0.742687	DatasetC	KitC
DatasetC_sample040	G056	0.222197	DatasetC	KitC
DatasetC_sample040	G057	0.698101	DatasetC	KitC
DatasetC_sample040	G058	0.665095	DatasetC	KitC
DatasetC_sample040	G059	0.569526	DatasetC	KitC
DatasetC_sample040	G060	0.679556	DatasetC	KitC
DatasetC_sample040	G061	0.600657	DatasetC	KitC
DatasetC_sample040	G062	0.662624	DatasetC	KitC
DatasetC_sample040	G063	0.641946	DatasetC	KitC
DatasetC_sample040	G064	0.303428	DatasetC	KitC
DatasetC_sample040	G065	0.591765	DatasetC	KitC
DatasetC_sample040	G067	0.436133	DatasetC	KitC
DatasetC_sample040	G068	0.488604	DatasetC	KitC
DatasetC_sample040	G069	0.175708	DatasetC	KitC
DatasetC_sample040	G070	0.424757	DatasetC	KitC
DatasetC_sample040	G071	0.625398	DatasetC	KitC
DatasetC_sample040	G072	0.590005	DatasetC	KitC
DatasetC_sample040	G073	0.725188	DatasetC	KitC
DatasetC_sample040	G074	0.461167	DatasetC	KitC
DatasetC_sample040	G075	0.391403	DatasetC	KitC
DatasetC_sample040	G076	0.68765	DatasetC	KitC
DatasetC_sample040	G077	0.499257	DatasetC	KitC
DatasetC_sample040	G078	0.403818	DatasetC	KitC
DatasetC_sample040	G079	0.498486	DatasetC	KitC
DatasetC_sample040	G080	0.340134	DatasetC	KitC
DatasetC_sample040	G081	0.576944	DatasetC	KitC
DatasetC_sample040	G082	0.514979	DatasetC	KitC
DatasetC_sample040	G083	0.75726	DatasetC	KitC
DatasetC_sample040	G084	0.596229	DatasetC	KitC
DatasetC_sample040	G085	0.192487	DatasetC	KitC
DatasetC_sample040	G086	0.580361	DatasetC	KitC
DatasetC_sample040	G087	0.707036	DatasetC	KitC
DatasetC_sample040	G088	0.670799	DatasetC	KitC
DatasetC_sample040	G089	0.432869	DatasetC	KitC
DatasetC_sample040	G090	0.683694	DatasetC	KitC
DatasetC_sample040	G091	0.333871	DatasetC	KitC
DatasetC_sample040	G092	0.784945	DatasetC	KitC
DatasetC_sample040	G093	0.410937	DatasetC	KitC
DatasetC_sample040	G094	0.840243	DatasetC	KitC
DatasetC_sample040	G095	0.525042	DatasetC	KitC
DatasetC_sample040	G096	0.391029	DatasetC	KitC
DatasetC_sample040	G097	0.794865	DatasetC	KitC
DatasetC_sample040	G098	0.622569	DatasetC	KitC
DatasetC_sample040	G099	0.582379	DatasetC	KitC
DatasetC_sample040	G100	0.506101	DatasetC	KitC
DatasetC_sample040	G101	0.674605	DatasetC	KitC
DatasetC_sample040	G102	0.797858	DatasetC	KitC
DatasetC_sample040	G103	0.565394	DatasetC	KitC
DatasetC_sample040	G104	0.369264	DatasetC	KitC
DatasetC_sample040	G105	0.747899	DatasetC	KitC
DatasetC_sample040	G106	0.230637	DatasetC	KitC
DatasetC_sample040	G107	0.808371	DatasetC	KitC
DatasetC_sample040	G108	0.606871	DatasetC	KitC
DatasetC_sample040	G109	0.69865	DatasetC	KitC
DatasetC_sample040	G110	0.63063	DatasetC	KitC
DatasetC_sample040	G141	0.246188	DatasetC	KitC
DatasetC_sample040	G142	0.665298	DatasetC	KitC
DatasetC_sample040	G143	0.60982	DatasetC	KitC
DatasetC_sample040	G144	0.581017	DatasetC	KitC
DatasetC_sample040	G146	0.47592	DatasetC	KitC
DatasetC_sample040	G147	0.253381	DatasetC	KitC
DatasetC_sample040	G148	0.234468	DatasetC	KitC
DatasetC_sample040	G150	0.894327	DatasetC	KitC
DatasetC_sample040	G152	0.140382	DatasetC	KitC
DatasetC_sample040	G153	0.128983	DatasetC	KitC
DatasetC_sample040	G154	0.304816	DatasetC	KitC
DatasetC_sample040	G156	0.48147	DatasetC	KitC
DatasetC_sample040	G157	0.340591	DatasetC	KitC
DatasetC_sample040	G163	0.043273	DatasetC	KitC
DatasetC_sample040	G165	0.317612	DatasetC	KitC
DatasetC_sample040	G166	0.379412	DatasetC	KitC
DatasetC_sample040	G167	0.340284	DatasetC	KitC
DatasetC_sample040	G168	0.270536	DatasetC	KitC
DatasetC_sample040	G170	0.56422	DatasetC	KitC
DatasetC_sample040	G172	0.293068	DatasetC	KitC
DatasetC_sample040	G174	0.363325	DatasetC	KitC
DatasetC_sample040	G182	0.181147	DatasetC	KitC
DatasetC_sample040	G187	0.130943	DatasetC	KitC
DatasetC_sample040	G188	0.048117	DatasetC	KitC
DatasetC_sample040	G189	0.412017	DatasetC	KitC
DatasetC_sample040	G192	0.618467	DatasetC	KitC
DatasetC_sample040	G195	0.152492	DatasetC	KitC
DatasetC_sample040	G197	0.553703	DatasetC	KitC
DatasetC_sample040	G198	0.285286	DatasetC	KitC
